"decimalLongitude","decimalLatitude","rep3"
-89.764112,19.99074,261
-87.119698,20.580913,259
-88.568309,20.679144,258
-86.895058,20.855133,257
-88.534467,18.760363,256
-86.805605,21.20386,255
-88.457546,20.612986,257
-87.357498,20.315013,259
-89.810257,18.106783,251
-89.569829,20.992231,257
-89.629873,20.968145,258
-86.774772,21.081945,256
-89.397963,18.518674,246
-87.029017,20.697016,258
-87.381271,20.279379,259
-89.777491,18.500616,249
-88.7849,18.420663,252
-87.330303,21.554851,252
-88.446674,20.5879,257
-88.169818,20.601351,254
-86.979179,20.280708,261
-87.430068,20.214553,258
-88.156584,21.595554,254
-86.815424,21.146051,256
-89.629873,20.968145,258
-87.095931,20.599116,258
-87.05011,20.647949,258
-89.771125,20.359904,263
-89.525517,20.99069,258
-89.625326,21.093501,256
-90.047333,21.00004,260
-87.956633,21.457256,253
-89.610322,21.030767,257
-87.394133,21.514795,252
-86.93867,20.52878,260
-89.025955,20.009219,259
-86.827518,21.323134,255
-87.038485,20.660757,259
-89.002913,18.193852,252
-86.780083,21.060165,256
-87.9879,19.602903,259
-88.118839,20.728334,253
-89.49282,18.409842,246
-86.781512,21.052338,256
-87.722475,20.493835,256
-86.85744,21.20579,255
-89.65232,20.178174,260
-86.883499,20.969478,256
-86.822805,20.998367,257
-86.974553,20.476094,261
-87.429162,20.215082,258
-87.084526,20.611954,258
-89.629873,20.968145,258
-89.202498,21.128241,258
-89.769889,20.361456,263
-87.134072,20.588604,258
-89.97921,21.17919,258
-90.230434,19.597163,264
-89.416064,18.595241,246
-89.261018,21.343983,256
-86.851528,21.161908,255
-87.909428,18.010501,266
-86.851898,21.089909,255
-86.972369,20.360344,260
-87.258691,20.49402,258
-86.77731,21.073865,256
-87.083672,20.630085,258
-87.111023,20.662648,258
-88.733461,20.76514,259
-89.353945,21.313555,256
-86.846505,20.5,260
-86.770424,21.093572,256
-87.203902,21.427957,252
-87.758023,20.456828,255
-87.141831,20.620738,258
-86.922343,20.422984,261
-90.047355,21.164197,259
-87.940836,21.601754,253
-88.236887,18.583192,260
-88.809845,19.897132,260
-87.022724,20.376598,260
-87.086539,20.650779,258
-89.420201,20.301855,257
-89.578189,21.257598,255
-87.022484,20.377245,260
-86.940766,20.52698,260
-87.356785,20.317383,259
-89.65081,21.038441,257
-89.664442,20.985968,258
-88.633116,21.110319,258
-89.65469,21.042945,257
-89.518303,20.528662,260
-87.117813,20.602491,258
-89.426524,21.311309,256
-89.492805,18.409925,246
-86.792476,21.159347,256
-87.732203,20.490422,256
-88.058895,21.59531,254
-87.062872,20.678808,258
-88.140062,20.745135,253
-87.303664,20.407814,259
-87.30854,20.401662,259
-86.841963,21.1584,255
-87.481759,20.007412,260
-88.320094,18.505871,259
-87.428941,20.215554,258
-88.19,20.7,253
-86.824584,21.20103,255
-89.745116,18.284686,250
-89.769613,20.360623,263
-89.460493,20.629629,260
-87.043591,20.675924,258
-88.791668,18.42018,250
-87.020903,20.382308,260
-88.452736,20.592052,257
-87.634388,20.646073,254
-89.772255,20.360972,263
-86.979156,20.280664,261
-87.183898,20.531645,259
-87.202797,20.986832,254
-87.651427,21.510413,253
-88.386917,18.689672,258
-89.57284,20.172525,259
-87.315961,20.395612,259
-89.56125,20.816621,259
-86.735768,21.236695,255
-89.632995,20.63717,261
-89.263604,21.3419,256
-87.704033,18.721803,263
-87.31801,18.599893,264
-86.804322,21.243299,255
-87.447497,20.21013,258
-87.251814,20.488797,258
-87.565088,20.199794,258
-87.128098,20.590734,258
-87.446204,20.530315,256
-89.566317,20.171639,259
-86.735153,21.235519,255
-87.342411,20.377228,258
-86.954138,20.767896,258
-87.997721,21.451449,253
-89.629872,20.968147,258
-87.135085,20.588649,258
-89.671587,21.163884,256
-87.736905,20.477003,256
-88.173672,20.944226,254
-87.344197,20.530527,257
-88.569353,20.684164,258
-89.599461,21.004917,257
-86.899873,21.1976,255
-87.639343,19.850951,260
-87.062171,20.637204,258
-88.225,19.288889,258
-86.846638,21.086797,255
-86.857018,21.15976,255
-87.348019,20.33862,258
-89.639372,21.028648,257
-87.63309,20.646905,254
-87.446427,20.178,259
-86.842465,21.158796,255
-87.428863,20.214345,258
-87.47074,19.960526,260
-87.247035,20.482439,259
-87.167038,20.595312,257
-89.861984,18.301357,252
-88.362342,18.722555,258
-87.062039,20.701569,258
-89.296744,20.746722,260
-87.394534,20.445821,257
-88.358738,18.005883,252
-87.164948,21.274758,253
-88.944072,21.200173,259
-90.488556,19.853996,264
-88.136458,20.891287,253
-89.619229,21.095092,256
-87.7351,20.490864,256
-86.930256,20.855853,257
-89.335923,21.02858,258
-86.861522,21.203946,255
-89.5159,21.073996,257
-87.02322,20.695213,258
-87.633933,20.646939,254
-89.840481,21.248371,256
-87.429722,20.214722,258
-88.7212,20.710371,260
-87.116889,20.584583,258
-86.875534,20.847808,257
-87.223685,20.540119,258
-86.898266,21.078139,255
-87.004844,20.300756,261
-88.865328,20.773451,261
-87.239685,20.758201,255
-88.197346,20.691638,253
-87.014204,20.70007,258
-86.845762,20.499834,260
-88.549512,20.664555,258
-87.095769,20.608369,258
-87.428214,20.216367,258
-88.591929,19.58506,259
-87.14795,21.171155,253
-86.900898,20.819653,258
-86.823975,21.201337,255
-89.42595,21.310852,256
-89.500233,20.258476,258
-89.79882,20.86458,260
-87.405827,21.456525,252
-88.568497,20.682517,258
-89.598075,21.09105,256
-89.390302,18.622496,246
-87.31058,20.399916,259
-86.851528,21.161908,255
-86.764348,21.101606,256
-88.160278,21.596667,254
-86.95389,20.763931,258
-87.341988,20.372155,258
-88.254718,18.55834,259
-89.621633,20.865307,259
-87.429162,20.215082,258
-86.842065,21.158146,255
-89.707901,21.01808,257
-89.643592,21.27634,255
-87.140067,20.621336,258
-90.194641,20.783123,264
-87.42908,20.214949,258
-88.275296,20.654936,254
-89.993672,20.898883,261
-86.855936,21.132823,255
-89.768384,20.359976,263
-89.556385,21.110408,256
-89.464397,18.501843,246
-87.072547,20.869812,256
-88.456069,20.598245,257
-90.60595,19.785958,261
-86.837769,21.158651,255
-87.03843,20.670047,258
-86.862084,21.20937,255
-86.989332,20.273677,261
-88.185433,19.623096,258
-87.633524,20.646825,254
-87.836555,18.260664,264
-89.645205,21.274727,255
-90.708944,18.659388,259
-89.766136,21.107771,257
-89.629873,20.968145,258
-90.035452,21.164053,258
-87.11933,20.581063,259
-86.877199,20.8454,257
-88.263806,18.544085,259
-89.631043,20.987433,258
-88.529039,18.247212,250
-90.458878,19.864697,264
-86.92001,20.543891,261
-89.235275,21.34639,257
-87.222292,20.50876,258
-86.989337,20.273662,261
-86.981807,20.467013,261
-87.009645,20.424953,261
-89.579898,20.946957,258
-87.302612,20.407488,259
-89.354408,21.314059,256
-88.809845,19.897132,260
-86.966697,20.736355,258
-89.021661,20.929659,261
-89.627253,21.076374,257
-90.340582,20.967357,262
-87.151908,20.625355,258
-87.42913,20.21425,258
-89.453445,18.196646,247
-89.629873,20.968145,258
-86.879883,20.454911,261
-86.861845,21.209451,255
-89.712642,20.591606,262
-86.787997,21.473373,254
-89.657952,20.899459,259
-87.696551,21.23029,252
-89.898912,18.409233,253
-87.42913,20.215285,258
-88.540156,20.676093,257
-88.319964,18.506238,259
-89.612308,21.032242,257
-89.632582,21.088261,256
-87.330677,20.369397,259
-89.753056,20.401303,263
-87.467394,20.119169,260
-90.047778,21.163889,259
-87.480088,20.220058,258
-87.473065,19.820826,260
-87.336625,20.362287,258
-88.811911,21.197922,259
-89.537762,20.984056,258
-89.593466,21.025457,257
-87.611096,20.078561,259
-86.762936,21.133134,256
-90.534909,19.830125,263
-89.769068,20.367774,263
-86.775382,21.016253,257
-87.429046,20.214513,258
-87.304639,20.410193,259
-86.999496,20.727649,258
-86.822761,21.198678,255
-87.021805,20.370317,261
-87.156935,20.547267,259
-87.218356,20.543661,257
-88.571598,20.679439,258
-89.844749,21.249477,256
-87.702455,18.731585,263
-86.847911,20.996634,256
-87.429175,20.215013,258
-89.768731,18.516524,249
-89.416569,20.251785,257
-87.547812,21.337729,251
-87.134072,20.588604,258
-86.817514,21.270994,255
-87.868224,20.465605,255
-89.655862,21.083445,256
-87.476295,20.197238,259
-86.841604,21.15808,255
-89.629873,20.968145,258
-87.353991,20.342588,258
-87.429145,20.21369,258
-88.341154,18.714237,258
-88.491386,18.524296,254
-89.362643,18.078117,248
-86.846484,20.992695,256
-89.570995,20.803477,259
-88.842931,21.007061,260
-88.4,18.2167,252
-86.809998,21.18,255
-90.75,19.309999,258
-86.790001,21.48,254
-90.400002,20.860001,264
-88.370003,18.52,258
-89.03,18.42,251
-88.5167,18.0167,251
-86.978744,20.724561,258
-90.385887,20.85782,264
-88.174553,19.03859,258
-87.476707,19.809144,260
-89.549599,21.082162,257
-87.04089,20.661908,259
-88.154046,20.842513,253
-89.629873,20.968145,258
-87.42837,20.215532,258
-86.8578,20.975101,256
-87.121726,20.649893,258
-89.59735,21.0936,256
-86.823495,21.200412,255
-88.809845,19.897132,260
-88.319783,18.506777,259
-87.12166,20.582603,259
-88.567783,20.684285,258
-89.49969,21.036715,257
-86.88621,20.439585,261
-89.017064,20.164966,259
-87.699268,21.193917,252
-86.931521,21.117829,255
-88.392395,18.678291,258
-87.221385,21.192238,252
-89.200831,20.863897,260
-86.922343,20.423719,261
-89.513717,21.052581,257
-87.08708,20.870258,256
-86.788239,21.03301,257
-86.846376,20.500285,261
-87.714438,21.519686,253
-87.031655,20.680411,258
-86.847927,21.204857,255
-89.554768,18.269492,245
-86.979121,20.280796,261
-86.974444,20.475833,261
-89.610905,21.242981,255
-89.585063,21.095833,256
-88.263163,19.311141,257
-89.578333,20.170833,259
-87.914414,21.592233,253
-90.606353,19.785631,261
-86.95268,20.765282,258
-86.778623,21.071255,256
-89.584007,20.9616,258
-87.073885,20.629559,258
-86.792872,21.383061,254
-88.029192,19.468815,259
-89.027391,21.138669,259
-86.900017,21.146705,255
-89.868929,20.75663,262
-88.749727,20.111485,259
-87.260086,20.49912,258
-89.549638,21.083178,257
-86.753425,21.123101,256
-89.292242,18.811636,248
-88.447129,20.589588,257
-89.810004,18.10539,251
-89.574646,21.251571,255
-87.306189,20.409088,259
-89.307861,18.451428,249
-86.81509,21.175445,255
-87.477778,20.031667,260
-88.299142,18.492304,259
-87.732196,20.489509,256
-87.013772,20.708048,258
-87.093234,20.603778,258
-86.872539,20.857625,258
-87.663424,19.6847,260
-88.058305,21.594635,254
-86.949665,20.50465,260
-87.019912,20.8609,256
-89.61438,21.022342,257
-86.803615,21.208514,255
-86.990005,20.277337,261
-89.614807,20.864758,259
-88.145522,21.593778,254
-88.04287,18.525242,262
-88.279794,18.559923,259
-88.284033,21.244451,255
-87.43056,20.212991,258
-86.865301,20.995548,256
-86.803603,21.241833,255
-89.178352,20.836605,260
-89.771573,20.358596,263
-86.833487,20.960668,256
-87.310139,20.377948,259
-88.311536,18.532348,259
-89.356635,21.367417,256
-86.851528,21.161908,255
-89.84338,21.248742,256
-87.093704,20.600471,258
-86.777475,21.143895,256
-88.135221,20.892255,253
-89.712931,20.711765,261
-89.263604,21.3419,256
-88.809845,19.897132,260
-87.036329,20.663274,259
-89.632672,21.278316,255
-87.401878,20.252411,259
-86.783195,21.050701,256
-87.47718,20.014431,260
-88.809845,19.897132,260
-90.061625,21.003065,260
-87.460665,19.318901,262
-89.770789,20.361043,263
-86.98404,20.3115,261
-87.654243,20.917046,252
-89.629873,20.968145,258
-86.989806,20.27357,261
-89.484091,18.51635,246
-89.296028,20.736603,260
-89.810277,18.105119,251
-87.591842,20.065936,259
-88.947733,19.888707,260
-87.429185,20.215468,258
-87.513657,20.558224,255
-89.456858,21.095237,257
-87.297255,20.470417,258
-87.429249,20.215725,258
-87.119698,20.580921,259
-87.343246,20.376889,258
-87.430038,20.215892,258
-87.07563,20.705618,258
-87.120583,20.578355,259
-87.143173,20.618058,258
-86.835666,20.919899,257
-86.780119,21.0953,256
-87.21917,20.505898,258
-90.5298957215821,18.3906902843068,260
-88.55,18.0667,251
-86.731518,21.234871,255
-88.5698544003965,20.6805883895921,258
-88.5698544003965,20.6805883895921,258
-88.5698544003965,20.6805883895921,258
-88.5698544003965,20.6805883895921,258
-88.5167,18.0167,251
-88.4,18.2167,252
-88.43,18.03,251
-88.566667,20.666667,258
-89,20.833333,262
-88.566667,20.666667,258
-88.83333,20.75,261
-88.83333,20.75,261
-88.83333,20.75,261
-89,20.833333,262
-89,20.833333,262
-89,20.833333,262
-89,20.833333,262
-89,20.833333,262
-87.018512,20.393382,260
-86.9998159568807,20.4306029891031,261
-86.9998159568807,20.4306029891031,261
-86.7498117681415,21.2605660225825,255
-87.018512,20.393382,260
-86.9998159568807,20.4306029891031,261
-87.018512,20.393382,260
-87.018512,20.393382,260
-86.9998159568807,20.4306029891031,261
-88.7298560728847,19.7806292113028,260
-86.9998157105375,20.3206080081505,261
-87.9165095409607,21.0672423390242,252
-89.4898757714779,20.3506013675496,258
-86.7498117681415,21.2605660225825,255
-87.018512,20.393382,260
-87.9165095409607,21.0672423390242,252
-88.7298560728847,19.7806292113028,260
-88.5198479583091,18.5006896100034,253
-86.7498117681415,21.2605660225825,255
-87.018512,20.393382,260
-88.7298560728847,19.7806292113028,260
-86.9998159568807,20.4306029891031,261
-88.7298560728847,19.7806292113028,260
-86.7498117681415,21.2605660225825,255
-88.7298560728847,19.7806292113028,260
-86.9998159568807,20.4306029891031,261
-86.9998159568807,20.4306029891031,261
-88.7298560728847,19.7806292113028,260
-86.7498117681415,21.2605660225825,255
-86.9998159568807,20.4306029891031,261
-86.7498117681415,21.2605660225825,255
-87.9165095409607,21.0672423390242,252
-89.9098843820419,19.7606275037512,263
-86.7498117681415,21.2605660225825,255
-87.018512,20.393382,260
-86.7498117681415,21.2605660225825,255
-88.7298560728847,19.7806292113028,260
-88.7298560728847,19.7806292113028,260
-86.7498117681415,21.2605660225825,255
-89.7765527085703,20.3622701890622,263
-86.9998159568807,20.4306029891031,261
-86.7498117681415,21.2605660225825,255
-90.0315609332523,21.1655633257852,258
-88.7298560728847,19.7806292113028,260
-90.904221,19.171941,261
-86.9998159568807,20.4306029891031,261
-86.9998159568807,20.4306029891031,261
-86.9998159568807,20.4306029891031,261
-86.894834,20.446878,261
-87.029572,20.685469,258
-86.915,20.445,261
-90.08,20.48,268
-89.62,20.97667,258
-88.59,20.7,259
-90.21,20.06,269
-88.59,20.7,259
-86.88333,20.85,257
-86.915,20.445,261
-87.46833,20.89333,253
-89.85,19.7,261
-87.78,19.75,260
-89.62,20.97667,258
-87.78,19.75,260
-86.995,20.295,261
-87.9,19.77,259
-87.78,19.75,260
-88.5,20.64,257
-88.59,20.7,259
-89.46,20.73,260
-89.57,21.24,255
-89.64,21.1,256
-88.92,18.87,254
-89.59,21.29,255
-88.52667,20.65,257
-89.57,21.24,255
-86.88333,20.85,257
-86.915,20.445,261
-86.88333,20.85,257
-90.28,18.6,260
-89.64,21.28,255
-88.44,20.62,257
-88.46167,18.81333,257
-86.99722,20.36889,260
-88.59,20.7,259
-89.5,20.58,260
-90.30333,18.54667,260
-86.92,20.53,260
-88.57167,20.67,258
-86.98,20.74,258
-88.29667,18.50667,259
-89.62,20.97667,258
-86.898333,20.8675,257
-89.73,19.27,255
-88.59,20.7,259
-89.5,20.58,260
-86.99722,20.36889,260
-86.898333,20.8675,257
-89.46,20.73,260
-89.62,20.97667,258
-90.74,18.86,259
-86.91,20.56,261
-90.21,20.06,269
-88.515,21.13667,257
-88.44,20.62,257
-87.78,19.75,260
-87.78,19.75,260
-88.57167,20.67,258
-89.66,21.285,255
-90.8,18.61,260
-87.78,19.75,260
-86.92,20.52,260
-87.62,20.06,259
-89.62,20.97667,258
-90.28,18.6,260
-89.62,20.97667,258
-88.44,20.62,257
-87.78,19.75,260
-88.39167,18.495,256
-87.78,19.75,260
-86.92,20.53,260
-87.02,20.3,261
-87.78,19.75,260
-90.28,18.6,260
-87.78,19.75,260
-86.89,20.89,257
-90.8,18.61,260
-88.59,20.7,259
-90.2,20.86,263
-86.915,20.445,261
-86.898333,20.8675,257
-87.78,19.75,260
-86.99722,20.36889,260
-89.75,19.96,261
-86.84,21.16,255
-90.51667,19.85,264
-89.73,19.07,253
-89.46,20.73,260
-86.92,20.83,257
-87.78,19.75,260
-88.043333,19.575,259
-86.91,20.56,261
-90.21,20.06,269
-90.2,20.86,263
-89.56,21.22,255
-89.73,19.07,253
-89.62,20.97667,258
-89.73,19.07,253
-88.44,20.62,257
-88.52667,20.65,257
-87.02,20.3,261
-87.78,19.75,260
-90.683333,19.6,260
-86.915,20.445,261
-87.78,19.75,260
-87.6,20.87,252
-88.35,18.75,258
-86.915,20.445,261
-88.51,20.66,257
-86.915,20.445,261
-90.28,18.6,260
-90.27,18.64167,260
-86.898333,20.8675,257
-86.88333,20.85,257
-89.57,21.24,255
-88.51,20.66,257
-89.64,21.28,255
-86.898333,20.8675,257
-88.44,20.62,257
-86.88333,20.85,257
-89.64,21.28,255
-89.62,20.97667,258
-89.64,21.28,255
-87.78,19.75,260
-86.915,20.445,261
-89.57,21.24,255
-90.72,19.35,258
-89.73,19.07,253
-88.04333,19.575,259
-86.99722,20.36889,260
-88.46167,18.81333,257
-87.73667,20.48667,256
-86.91,20.56,261
-88.783333,18.416667,252
-86.94667,20.50833,260
-88.39167,18.495,256
-89.16667,19.18667,256
-89.46,20.73,260
-90.525,19.84167,264
-90.28,18.6,260
-88.59,20.7,259
-89.73,19.07,253
-90.28,18.6,260
-87.12,21.03,254
-86.915,20.445,261
-89.64,21.1,256
-88.5,20.64,257
-90.2,20.86,263
-88.04333,19.575,259
-87.46833,20.89333,253
-87.58,20.35,257
-86.808333,21.258333,255
-88.575,20.691667,258
-89.475,20.475,259
-88.825,20.708333,261
-90.060136,20.538768,267
-89.475,20.475,259
-88.758333,20.708333,260
-86.925,20.525,260
-87.608333,20.875,252
-88.575,20.691667,258
-86.875,20.841667,257
-87.608333,20.875,252
-87.608333,20.875,252
-88.758333,20.708333,260
-88.691667,20.691667,259
-86.808333,21.258333,255
-87.608333,20.875,252
-88.575,20.691667,258
-88.758333,20.708333,260
-86.925,20.525,260
-88.075,21.175,253
-86.925,20.525,260
-87.608333,20.875,252
-89.425,18.525,246
-87.608333,20.875,252
-87.308333,20.908333,254
-88.575,20.691667,258
-88.758333,20.708333,260
-88.575,20.691667,258
-89.575,21.041667,257
-88.758333,20.708333,260
-88.825,20.708333,261
-86.925,20.525,260
-88.758333,20.708333,260
-87.478227,20.263027,258
-88.758333,20.708333,260
-88.575,20.691667,258
-87.608333,20.875,252
-88.575,20.691667,258
-88.575,20.691667,258
-88.758333,20.708333,260
-88.758333,20.708333,260
-88.575,20.691667,258
-90.725,19.358333,258
-90.258333,19.675,264
-88.758333,20.708333,260
-87.608333,20.875,252
-89.775,20.391667,263
-88.758333,20.708333,260
-88.575,20.691667,258
-90.194444,20.86,263
-87.608333,20.875,252
-89.264539,21.296531,256
-88.075278,19.391111,259
-89.623214,20.866869,259
-86.925,20.525,260
-88.027186,19.452266,259
-87.608333,20.875,252
-87.308333,20.908333,254
-88.575,20.691667,258
-89.758333,19.408333,257
-88.758333,20.708333,260
-87.196307,20.525428,259
-86.808333,21.258333,255
-89.371593,18.791541,247
-88.758333,20.708333,260
-88.575,20.691667,258
-87.102324,20.616035,258
-87.358333,18.591667,264
-87.74417,20.802715,253
-87.608333,20.875,252
-88.575,20.691667,258
-86.925,20.525,260
-87.308333,20.908333,254
-89.795,18.121389,251
-87.175787,21.199141,253
-88.758333,20.708333,260
-88.305278,18.503611,259
-89.7475,18.193056,247
-87.725,20.841667,252
-86.925,20.525,260
-88.758333,20.708333,260
-87.608333,20.875,252
-87.608333,20.875,252
-88.102414,19.101477,259
-88.758333,20.708333,260
-88.342667,18.760242,257
-90.300833,20.521944,268
-87.608333,20.875,252
-88.305278,18.503611,259
-88.632171,19.677338,259
-87.441667,20.208333,259
-87.608333,20.875,252
-88.326667,18.518056,259
-88.575,20.691667,258
-87.308333,20.908333,254
-87.608333,20.875,252
-87.608333,20.875,252
-87.253023,20.485565,258
-88.825,20.708333,261
-88.275,20.608333,254
-88.758333,20.708333,260
-87.443428,21.227937,251
-89.575,21.041667,257
-89.070548,18.465868,252
-86.925,20.525,260
-88.758333,20.708333,260
-88.575,20.691667,258
-88.575,20.691667,258
-89.575,21.041667,257
-86.925,20.525,260
-89.541667,20.408333,259
-87.725,20.841667,252
-88.575,20.691667,258
-90.008333,21.175,258
-86.925,20.525,260
-88.758333,20.708333,260
-88.758333,20.708333,260
-88.041667,19.591667,259
-90.741667,18.625,260
-89.143158,18.472037,251
-89.475,20.475,259
-87.608333,20.875,252
-88.575,20.691667,258
-90.005402,19.702279,261
-89.775,20.391667,263
-87.608333,20.875,252
-88.342667,18.760242,257
-87.608333,20.875,252
-90.300833,20.521944,268
-89.475,20.475,259
-89.271938,21.202623,257
-89.575,21.041667,257
-88.095877,19.278675,259
-88.575,20.691667,258
-87.441667,20.208333,259
-88.041667,19.591667,259
-87.608333,20.875,252
-89.298056,18.752222,249
-86.808333,21.258333,255
-87.608333,20.875,252
-88.584335,20.717699,259
-88.758333,20.708333,260
-90.725,19.358333,258
-89.041667,20.808333,261
-88.189156,18.942131,258
-88.097249,19.261537,259
-89.041667,20.808333,261
-86.883868,20.430048,261
-86.876944,20.475833,261
-89.745556,18.184167,247
-88.758333,20.708333,260
-90.725,19.358333,258
-88.375,18.725,257
-89.475,20.475,259
-88.758333,20.708333,260
-88.758333,20.708333,260
-89.675,21.291667,255
-87.608333,20.875,252
-88.758333,20.708333,260
-88.28414,18.829947,258
-88.758333,20.708333,260
-88.758333,20.708333,260
-88.825,20.708333,261
-88.575,20.691667,258
-88.758333,20.708333,260
-86.875,20.841667,257
-87.608333,20.875,252
-87.608333,20.875,252
-88.575,20.691667,258
-88.758333,20.708333,260
-87.608333,20.875,252
-88.758333,20.708333,260
-88.825,20.708333,261
-90.454728,20.692076,266
-88.758333,20.708333,260
-88.758333,20.708333,260
-90.375,18.925,257
-87.608333,20.875,252
-86.968049,20.494666,261
-87.608333,20.875,252
-89.575,21.041667,257
-86.808333,21.258333,255
-88.825,20.708333,261
-87.625,21.491667,252
-89.425,20.308333,257
-88.758333,20.708333,260
-89.041667,20.808333,261
-88.575,20.691667,258
-88.575,20.691667,258
-88.075,21.175,253
-88.758333,20.708333,260
-86.825,21.175,255
-88.575,20.691667,258
-88.275,20.608333,254
-89.475,20.475,259
-87.308333,20.908333,254
-86.808333,21.258333,255
-88.758333,20.708333,260
-89.621294,21.103757,256
-89.7475,18.193056,247
-87.591667,20.575,255
-88.246667,18.554444,260
-88.758333,20.708333,260
-89.575,21.041667,257
-88.758333,20.708333,260
-87.497968,20.887177,253
-89.7475,18.193056,247
-87.608333,20.875,252
-88.308333,18.508333,259
-89.408889,18.650556,245
-88.275,20.608333,254
-89.441667,18.375833,247
-90.300833,20.521944,268
-87.725,20.841667,252
-88.147604,19.476294,259
-89.805833,18.110278,251
-88.758333,20.708333,260
-88.758333,20.708333,260
-87.725,20.841667,252
-88.758333,20.708333,260
-87.600273,20.371939,256
-89.148764,20.8271,261
-90.300833,20.521944,268
-89.925,20.575,264
-87.717247,20.509425,255
-88.575,20.691667,258
-89.475,20.475,259
-88.758333,20.708333,260
-87.308333,20.425,258
-86.944523,21.182803,254
-88.758333,20.708333,260
-89.598717,20.832604,259
-88.758333,20.708333,260
-87.860675,19.839865,259
-88.758333,20.708333,260
-87.608333,20.875,252
-88.758333,20.708333,260
-89.925,20.975,260
-89.409529,18.575883,246
-89.275,21.358333,256
-88.575,20.691667,258
-87.466012,20.199445,259
-88.758333,20.708333,260
-88.575,20.691667,258
-88.92135,19.710095,259
-88.758333,20.708333,260
-88.758333,20.708333,260
-87.608333,20.875,252
-86.925,20.525,260
-89.608333,20.425,260
-88.575,20.691667,258
-89.925,20.575,264
-88.758333,20.708333,260
-86.925,20.525,260
-88.758333,20.708333,260
-88.575,20.691667,258
-88.758333,20.708333,260
-86.775,21.091667,256
-88.758333,20.708333,260
-89.805833,18.110278,251
-89.775,20.391667,263
-88.275,20.608333,254
-88.758333,20.708333,260
-90.300833,20.521944,268
-89.775,20.391667,263
-88.758333,20.708333,260
-88.758333,20.708333,260
-88.575,20.691667,258
-88.740804,19.786073,260
-89.925,20.575,264
-87.946605,19.703032,259
-87.608333,20.875,252
-88.441667,20.841667,256
-89.023037,20.793476,262
-89.925,20.575,264
-87.608333,20.875,252
-87.608333,20.875,252
-88.758333,20.708333,260
-88.18942,20.911724,254
-88.575,20.691667,258
-88.577511,21.466581,257
-89.575,21.041667,257
-86.925,20.525,260
-89.24126,18.586677,248
-87.725,20.841667,252
-87.7561,19.6089,260
-88.758333,20.708333,260
-88.147316,19.863384,259
-90.558333,18.475,260
-87.759844,18.460433,264
-88.708333,18.191667,252
-88.575,20.691667,258
-89.608333,20.425,260
-88.758333,20.708333,260
-88.166529,21.284474,254
-89.591667,21.025,257
-87.608333,20.875,252
-88.758333,20.708333,260
-89.963704,18.543521,254
-88.758333,20.708333,260
-87.608333,20.875,252
-90.300833,20.521944,268
-87.075,20.625,259
-88.758333,20.708333,260
-86.941302,20.517101,260
-88.575,20.691667,258
-87.595704,20.741037,253
-87.717247,20.509425,255
-90.958333,18.491667,262
-88.825,20.708333,261
-88.758333,20.708333,260
-89.542422,21.045929,257
-87.608333,20.875,252
-88.255932,20.278854,258
-88.758333,20.708333,260
-88.192222,18.773889,259
-88.384722,18.703333,258
-88.342667,18.760242,257
-89.041667,20.808333,261
-88.575,20.691667,258
-89.408889,18.650556,245
-88.575,20.691667,258
-88.758333,20.708333,260
-88.154611,21.556142,254
-89.575,21.041667,257
-88.758333,20.708333,260
-88.168055,21.192145,254
-90.300833,20.521944,268
-88.23346,21.56583,255
-86.925,20.525,260
-89.775,20.391667,263
-89.475,20.475,259
-87.608333,20.875,252
-88.708333,18.191667,252
-87.018726,20.377034,260
-88.758333,20.708333,260
-87.032405,20.377371,260
-88.60877,21.173354,258
-88.825,20.708333,261
-87.66788,20.447369,256
-89.395278,18.731389,247
-86.925,20.525,260
-88.275,20.608333,254
-88.758333,20.708333,260
-89.464552,20.2108,258
-88.575,20.691667,258
-88.758333,20.708333,260
-90.741667,18.625,260
-87.591667,20.575,255
-88.342667,18.760242,257
-90.741667,18.625,260
-88.691667,20.691667,259
-90.858333,18.975,261
-88.758333,20.708333,260
-87.608333,20.875,252
-89.986641,21.108246,258
-89.096437,18.466068,251
-86.800469,20.558785,261
-88.758333,20.708333,260
-88.51541,21.429941,256
-86.925,20.525,260
-90.623335,19.271673,259
-88.758333,20.708333,260
-88.575,20.691667,258
-88.464636,19.640083,258
-88.758333,20.708333,260
-88.108611,18.803611,260
-88.758333,20.708333,260
-89.575,21.041667,257
-88.691667,20.691667,259
-88.575,20.691667,258
-89.131607,20.928212,260
-87.465358,20.130253,259
-88.758333,20.708333,260
-89.425,18.525,246
-89.425,20.308333,257
-89.575,21.041667,257
-88.758333,20.708333,260
-88.020278,18.613333,262
-88.575,20.691667,258
-87.608333,20.875,252
-88.758333,20.708333,260
-88.041667,19.591667,259
-88.758333,20.708333,260
-88.758333,20.708333,260
-87.308333,20.908333,254
-88.425,20.625,257
-88.575,20.691667,258
-88.400351,18.676702,258
-88.758333,20.708333,260
-88.575,20.691667,258
-89.575,21.041667,257
-87.032405,20.377371,260
-88.575,20.691667,258
-87.725,20.841667,252
-88.101178,19.762963,259
-88.758333,20.708333,260
-87.608333,20.875,252
-88.691667,20.691667,259
-88.575,20.691667,258
-87.608333,20.875,252
-88.575,20.691667,258
-87.608333,20.875,252
-87.725,20.841667,252
-88.825,20.708333,261
-88.172246,19.61728,258
-88.758333,20.708333,260
-89.925,20.575,264
-88.791667,21.208333,259
-89.425,18.525,246
-88.758333,20.708333,260
-88.758333,20.708333,260
-87.629991,20.059295,259
-87.943941,19.705108,259
-89.925,20.975,260
-88.147604,19.476294,259
-88.758333,20.708333,260
-87.608333,20.875,252
-88.758333,20.708333,260
-88.575,20.691667,258
-89.575,21.041667,257
-88.16505,19.885671,259
-87.608333,20.875,252
-88.131679,21.463716,254
-89.475,20.475,259
-88.758333,20.708333,260
-88.758333,20.708333,260
-87.591667,20.575,255
-89.041667,20.808333,261
-88.758333,20.708333,260
-88.758333,20.708333,260
-88.758333,20.708333,260
-87.608333,20.875,252
-90.314725,19.011113,260
-87.608333,20.875,252
-88.1325,19.26,258
-89.710791,20.34607,262
-88.758333,20.708333,260
-88.758333,20.708333,260
-88.941667,20.941667,261
-88.758333,20.708333,260
-88.758333,20.708333,260
-88.758333,20.708333,260
-89.395278,18.731389,247
-89.275,21.208333,257
-87.608333,20.875,252
-90.39273,18.623744,260
-87.608333,20.875,252
-87.346884,20.935142,253
-87.542291,20.314579,257
-88.898773,19.867526,260
-88.175,21.608333,254
-86.925,20.525,260
-88.758333,20.708333,260
-89.712569,20.589228,262
-89.805833,18.110278,251
-88.758333,20.708333,260
-88.041667,19.608333,259
-88.958333,20.125,259
-87.725,20.841667,252
-87.608333,20.875,252
-88.691667,20.691667,259
-87.608333,20.875,252
-89.395278,18.731389,247
-88.575,20.691667,258
-87.608333,20.875,252
-88.575,20.691667,258
-87.608333,20.875,252
-90.300833,20.521944,268
-88.758333,20.708333,260
-88.854748,18.66466,252
-88.575,20.691667,258
-88.575,20.691667,258
-89.598717,20.832604,259
-88.575,20.691667,258
-88.342667,18.760242,257
-89.925,20.975,260
-88.241499,18.610231,260
-86.925,20.525,260
-88.075,21.175,253
-87.591667,20.575,255
-89.575,21.041667,257
-87.717247,20.509425,255
-89.291667,20.208333,256
-89.758333,19.408333,257
-87.873667,19.815492,259
-88.825,20.708333,261
-90.258333,19.675,264
-88.859562,19.933039,260
-88.575,20.691667,258
-88.825,20.708333,261
-89.809444,18.107222,251
-88.758333,20.708333,260
-88.758333,20.708333,260
-88.275,20.608333,254
-87.608333,20.875,252
-88.758333,20.708333,260
-88.10971,18.776445,260
-86.925,20.525,260
-88.825,20.708333,261
-89.805833,18.110278,251
-88.400351,18.676702,258
-87.549581,20.878535,252
-88.758333,20.708333,260
-89.608333,20.425,260
-88.758333,20.708333,260
-88.825,20.708333,261
-87.608333,20.875,252
-88.342667,18.760242,257
-89.299444,18.745833,247
-86.925,20.525,260
-88.364789,21.376797,255
-88.183333,21.025,254
-88.275,20.608333,254
-88.758333,20.708333,260
-88.758333,20.708333,260
-87.608333,20.875,252
-89.425,18.525,246
-87.608333,20.875,252
-88.758333,20.708333,260
-87.608333,20.875,252
-88.758333,20.708333,260
-87.608333,20.875,252
-88.758333,20.708333,260
-88.117142,19.804265,259
-89.298056,18.752222,249
-88.825,20.708333,261
-88.825,20.708333,261
-86.925,20.525,260
-88.582197,20.724913,258
-87.717247,20.509425,255
-88.575,20.691667,258
-89.275,21.358333,256
-88.825,20.708333,261
-87.608333,20.875,252
-88.575,20.691667,258
-87.608333,20.875,252
-86.941302,20.517101,260
-88.758333,20.708333,260
-89.995386,20.587343,265
-87.608333,20.875,252
-86.825,21.175,255
-87.308333,20.908333,254
-90.623335,19.271673,259
-87.608333,20.875,252
-88.308333,18.508333,259
-88.147604,19.476294,259
-88.825,20.708333,261
-90.858333,18.975,261
-88.87322,19.942619,260
-88.758333,20.708333,260
-86.808333,21.258333,255
-88.075,21.175,253
-87.591667,20.575,255
-88.342667,18.760242,257
-89.598717,20.832604,259
-88.827273,19.910963,260
-88.825,20.708333,261
-88.758333,20.708333,260
-88.041667,19.591667,259
-89.7475,18.193056,247
-90.725,19.358333,258
-89.775,20.391667,263
-89.775,20.391667,263
-89.451389,18.281111,247
-88.114933,19.601425,258
-86.808333,21.258333,255
-88.758333,20.708333,260
-88.275,20.608333,254
-89.889167,18.453611,253
-87.608333,20.875,252
-88.691667,20.691667,259
-89.002134,20.949791,261
-88.825,20.708333,261
-87.308333,20.908333,254
-86.925,20.525,260
-87.608333,20.875,252
-88.575,20.691667,258
-87.717247,20.509425,255
-88.575,20.691667,258
-87.725,20.841667,252
-88.369311,21.376797,255
-87.608333,20.875,252
-88.575,20.691667,258
-88.275,20.608333,254
-87.308333,20.908333,254
-88.041667,19.591667,259
-87.608333,20.875,252
-88.758333,20.708333,260
-88.758333,20.708333,260
-88.758333,20.708333,260
-89.805833,18.110278,251
-88.342667,18.760242,257
-90.793708,18.612414,260
-88.758333,20.708333,260
-88.191667,19.091667,258
-87.591667,20.575,255
-88.758333,20.708333,260
-88.041667,19.591667,259
-87.608333,20.875,252
-88.575,20.691667,258
-88.020278,18.613333,262
-87.915833,18.900278,261
-86.808333,21.258333,255
-87.608333,20.875,252
-87.608333,20.875,252
-88.758333,20.708333,260
-87.571447,20.148441,259
-88.758333,20.708333,260
-88.575,20.691667,258
-89.925,20.975,260
-88.208333,20.691667,253
-89.775,20.391667,263
-88.575,20.691667,258
-86.924444,20.387222,261
-90.242492,20.507349,267
-88.342667,18.760242,257
-88.575,20.691667,258
-88.758333,20.708333,260
-86.862756,21.002141,256
-88.074301,19.344442,259
-89.475,20.475,259
-88.575,20.691667,258
-88.758333,20.708333,260
-89.805833,18.110278,251
-87.608333,20.875,252
-87.608333,20.875,252
-88.131679,21.463716,254
-88.217137,19.095101,258
-88.575,20.691667,258
-88.825,20.708333,261
-89.825081,19.837621,262
-90.300833,20.521944,268
-89.041667,20.808333,261
-88.758333,20.708333,260
-90.725,19.358333,258
-87.608333,20.875,252
-87.608333,20.875,252
-88.691667,20.691667,259
-88.825,20.708333,261
-89.395278,18.731389,247
-89.7475,18.193056,247
-86.808333,21.258333,255
-89.395278,18.731389,247
-88.825,20.708333,261
-90.281111,20.850278,263
-88.758333,20.708333,260
-87.608333,20.875,252
-89.475,20.475,259
-88.575,20.691667,258
-86.875,20.841667,257
-88.308333,18.508333,259
-88.758333,20.708333,260
-87.725,20.841667,252
-88.400351,18.676702,258
-88.758333,20.708333,260
-87.246565,20.493207,259
-87.608333,20.875,252
-88.758333,20.708333,260
-88.758333,20.708333,260
-88.342667,18.760242,257
-88.575,20.691667,258
-88.758333,20.708333,260
-88.575,20.691667,258
-88.575,20.691667,258
-88.575,20.691667,258
-88.825,20.708333,261
-88.825,20.708333,261
-88.342667,18.760242,257
-89.395278,18.731389,247
-87.608333,20.875,252
-88.041667,19.591667,259
-88.325556,18.500278,259
-88.758333,20.708333,260
-88.758333,20.708333,260
-88.805874,20.900636,260
-89.785948,20.512824,263
-87.608333,20.875,252
-89.809444,18.107222,251
-88.758333,20.708333,260
-89.395278,18.731389,247
-87.608333,20.875,252
-88.843153,20.906371,261
-88.758333,20.708333,260
-88.758333,20.708333,260
-87.608333,20.875,252
-87.608333,20.875,252
-87.725,20.841667,252
-88.758333,20.708333,260
-87.308333,20.908333,254
-88.132976,20.088643,258
-88.758333,20.708333,260
-87.156241,20.570681,259
-89.7475,18.193056,247
-88.758333,20.708333,260
-87.591667,20.575,255
-88.342667,18.760242,257
-87.047807,20.674131,258
-88.825,20.708333,261
-89.746663,21.031233,258
-86.808333,21.258333,255
-88.758333,20.708333,260
-88.529981,18.871599,257
-88.758333,20.708333,260
-88.758333,20.708333,260
-88.271316,18.538141,260
-90.369851,20.534578,267
-88.758333,20.708333,260
-88.758333,20.708333,260
-88.201055,20.690977,253
-88.575,20.691667,258
-87.47,20.207778,259
-88.886883,19.954678,260
-88.758333,20.708333,260
-90.300833,20.521944,268
-88.825,20.708333,261
-88.758333,20.708333,260
-89.737776,20.441949,262
-88.758333,20.708333,260
-86.925,20.525,260
-88.691667,20.691667,259
-88.825,20.708333,261
-86.925,20.525,260
-89.758333,19.408333,257
-89.475,20.475,259
-89.758333,19.408333,257
-89.475,20.475,259
-88.240964,21.21498,254
-87.825588,19.899584,259
-88.691667,20.691667,259
-89.041667,20.808333,261
-87.597381,20.772071,253
-89.575,21.041667,257
-88.758333,20.708333,260
-87.717247,20.509425,255
-89.041667,20.808333,261
-87.591667,20.575,255
-87.608333,20.875,252
-88.075,21.175,253
-87.608333,20.875,252
-87.608333,20.875,252
-88.375,18.725,257
-88.758333,20.708333,260
-87.608333,20.875,252
-86.866253,20.540201,261
-89.730098,20.050409,263
-89.623214,20.866869,259
-88.037473,19.536595,259
-87.608333,20.875,252
-88.758333,20.708333,260
-88.575,20.691667,258
-89.733949,21.27109,255
-89.404885,18.68373,246
-86.83328,21.161535,256
-88.342667,18.760242,257
-88.758333,20.708333,260
-86.808333,21.258333,255
-88.758333,20.708333,260
-88.825,20.708333,261
-87.608333,20.875,252
-88.758333,20.708333,260
-90.300833,20.521944,268
-87.540514,20.313087,257
-88.575,20.691667,258
-87.481459,20.266618,258
-88.758333,20.708333,260
-86.925,20.525,260
-88.575,20.691667,258
-88.041667,19.591667,259
-87.608333,20.875,252
-88.758333,20.708333,260
-90.191667,20.341667,269
-87.528319,20.358884,257
-88.375,18.725,257
-86.917407,20.452866,261
-88.075,21.175,253
-87.308333,20.908333,254
-86.808333,21.258333,255
-88.582197,20.724913,258
-89.775,20.391667,263
-86.98643,21.09894,254
-87.075,20.625,259
-88.758333,20.708333,260
-87.608333,20.875,252
-90.725,19.358333,258
-89.408333,19.608333,258
-88.758333,20.708333,260
-89.335005,19.099723,252
-88.758333,20.708333,260
-90.245,20.854444,263
-86.875,20.841667,257
-89.758333,19.408333,257
-86.875,20.841667,257
-87.322591,20.62439,256
-90.725,19.358333,258
-88.758333,20.708333,260
-86.808333,21.258333,255
-88.691667,20.691667,259
-90.300833,20.521944,268
-89.395278,18.731389,247
-88.758333,20.708333,260
-88.758333,20.708333,260
-88.041667,19.591667,259
-88.575,20.691667,258
-87.308333,20.908333,254
-87.608333,20.875,252
-90.541667,19.858333,264
-88.575,20.691667,258
-87.608333,20.875,252
-87.725,20.841667,252
-88.758333,20.708333,260
-87.725,20.841667,252
-87.725,20.841667,252
-87.075,20.625,259
-88.758333,20.708333,260
-88.758333,20.708333,260
-87.608333,20.875,252
-88.575,20.691667,258
-87.481459,20.266618,258
-89.808333,18.308333,252
-87.608333,20.875,252
-88.691667,20.691667,259
-89.523776,20.380602,259
-88.119086,20.105729,258
-87.608333,20.875,252
-88.758333,20.708333,260
-86.925,20.525,260
-88.758333,20.708333,260
-86.875,20.841667,257
-88.758333,20.708333,260
-87.608333,20.875,252
-89.575,21.041667,257
-89.425,18.525,246
-87.608333,20.875,252
-89.575,21.041667,257
-87.608333,20.875,252
-89.041667,20.808333,261
-89.608333,20.425,260
-88.825,20.708333,261
-88.305278,18.503611,259
-86.808333,21.258333,255
-86.994538,20.735898,258
-89.726113,21.25451,255
-88.147604,19.476294,259
-88.075,21.175,253
-89.408333,18.508333,246
-86.925,20.525,260
-87.308333,20.908333,254
-90.985232,19.125481,262
-88.575,20.691667,258
-88.575,20.691667,258
-89.758333,19.408333,257
-88.189117,21.56018,255
-88.825,20.708333,261
-87.591667,20.575,255
-89.53401,19.888612,257
-87.308333,20.908333,254
-90.523615,19.093063,258
-89.7475,18.193056,247
-86.925,20.525,260
-87.656066,20.60953,255
-88.758333,20.708333,260
-87.608333,20.875,252
-88.825,20.708333,261
-87.608333,20.875,252
-87.292831,20.437809,258
-88.758333,20.708333,260
-87.591667,20.575,255
-87.608333,20.875,252
-88.342667,18.760242,257
-87.608333,20.875,252
-87.608333,20.875,252
-86.808333,21.258333,255
-88.758333,20.708333,260
-88.886557,19.979004,259
-87.717247,20.509425,255
-88.825,20.708333,261
-88.758333,20.708333,260
-88.342667,18.760242,257
-87.308333,20.908333,254
-89.475,20.475,259
-89.925,20.975,260
-87.717247,20.509425,255
-87.608333,20.875,252
-88.165003,21.310036,254
-87.608333,20.875,252
-87.466015,20.244664,258
-88.958333,20.125,259
-87.608333,20.875,252
-88.575,20.691667,258
-90.258333,19.675,264
-88.758333,20.708333,260
-87.725,20.841667,252
-90.725,19.358333,258
-88.758333,20.708333,260
-88.541072,21.450923,256
-87.725,20.841667,252
-90.804632,18.612819,260
-87.308333,20.425,258
-88.758333,20.708333,260
-87.608333,20.875,252
-88.758333,20.708333,260
-87.070188,20.646096,258
-87.308333,20.908333,254
-90.725,19.358333,258
-87.608333,20.875,252
-88.224278,18.650172,260
-86.941302,20.517101,260
-89.644547,20.29797,260
-89.425,18.525,246
-88.108611,18.803611,260
-87.403724,20.358885,258
-89.54322,21.045831,257
-88.575,20.691667,258
-87.625,21.491667,252
-88.758333,20.708333,260
-86.925,20.525,260
-88.575,20.691667,258
-88.758333,20.708333,260
-88.575,20.691667,258
-88.891907,20.045397,259
-89.621294,21.103757,256
-87.211303,20.519708,258
-86.925,20.525,260
-87.608333,20.875,252
-88.375,18.725,257
-88.571898,20.771243,258
-87.717247,20.509425,255
-88.758333,20.708333,260
-86.890262,21.182804,255
-89.805833,18.110278,251
-88.825,20.708333,261
-86.875,20.841667,257
-88.758333,20.708333,260
-88.305278,18.503611,259
-87.075,20.625,259
-89.041667,20.808333,261
-90.804632,18.612819,260
-87.608333,20.875,252
-90.37,20.944167,263
-88.575,20.691667,258
-89.645548,20.287143,260
-87.608333,20.875,252
-86.808333,21.258333,255
-87.308333,20.908333,254
-87.608333,20.875,252
-90.300833,20.521944,268
-90.725,19.358333,258
-88.758333,20.708333,260
-87.608333,20.875,252
-89.809444,18.107222,251
-87.717247,20.509425,255
-87.608333,20.875,252
-87.608333,20.875,252
-88.108611,18.803611,260
-88.825,20.708333,261
-87.608333,20.875,252
-88.375,18.725,257
-87.608333,20.875,252
-88.758333,20.708333,260
-86.925,20.525,260
-88.758333,20.708333,260
-88.825,20.708333,261
-88.275,20.608333,254
-89.475,20.475,259
-90.06759,18.589167,257
-88.758333,20.708333,260
-87.46602,20.336005,258
-86.808333,21.258333,255
-89.62471,20.860126,259
-88.758333,20.708333,260
-87.608333,20.875,252
-88.758333,20.708333,260
-87.608333,20.875,252
-86.808333,21.258333,255
-87.608333,20.875,252
-89.575,21.041667,257
-88.758333,20.708333,260
-87.441667,20.208333,259
-89.598717,20.832604,259
-88.691667,20.691667,259
-87.918611,18.389167,263
-87.608333,20.875,252
-88.491667,20.708333,257
-88.758333,20.708333,260
-88.758333,20.708333,260
-86.808333,21.258333,255
-88.342667,18.760242,257
-88.575,20.691667,258
-88.342667,18.760242,257
-88.758333,20.708333,260
-88.758333,20.708333,260
-86.808333,21.258333,255
-86.88333,21.03333,256
-89.64409,21.278894,255
-87.717247,20.509425,255
-87.608333,20.875,252
-88.758333,20.708333,260
-88.758333,20.708333,260
-90.541667,19.858333,264
-86.925,20.525,260
-89.041667,20.808333,261
-87.591667,20.575,255
-88.825,20.708333,261
-87.608333,20.875,252
-89.425,20.308333,257
-87.608333,20.875,252
-88.695052,21.339685,257
-88.041667,19.591667,259
-87.608333,20.875,252
-87.934105,19.714817,259
-88.575,20.691667,258
-87.075,20.625,259
-87.308333,20.425,258
-89.575,21.041667,257
-88.758333,20.708333,260
-88.575,20.691667,258
-88.758333,20.708333,260
-88.758333,20.708333,260
-88.299167,18.499167,259
-89.575,21.041667,257
-87.608333,20.875,252
-90.725,19.358333,258
-88.014743,19.617726,259
-88.886557,19.979004,259
-88.758333,20.708333,260
-87.608333,20.875,252
-86.775,21.091667,256
-88.575,20.691667,258
-87.608333,20.875,252
-87.608333,20.875,252
-88.758333,20.708333,260
-88.491667,20.708333,257
-89.7475,18.193056,247
-88.305278,18.503611,259
-87.256619,20.483314,258
-88.758333,20.708333,260
-88.337699,18.767421,257
-88.825,20.708333,261
-88.575,20.691667,258
-88.758333,20.708333,260
-88.575,20.691667,258
-87.608333,20.875,252
-90.736932,18.700369,259
-88.758333,20.708333,260
-87.915833,18.900278,261
-86.808333,21.258333,255
-88.758333,20.708333,260
-87.591667,20.575,255
-87.608333,20.875,252
-88.574,20.685,258
-87.725,20.841667,252
-88.375,18.725,257
-86.875,20.841667,257
-88.758333,20.708333,260
-88.758333,20.708333,260
-87.717247,20.509425,255
-87.608333,20.875,252
-88.141667,21.158333,254
-89.275,21.208333,257
-88.758333,20.708333,260
-88.825,20.708333,261
-86.808333,21.258333,255
-87.608333,20.875,252
-88.758333,20.708333,260
-86.808333,21.258333,255
-87.511274,20.884771,252
-88.575,20.691667,258
-88.189807,20.903425,254
-87.608333,20.875,252
-87.725,20.841667,252
-87.608333,20.875,252
-90.075,18.458333,253
-90.300833,20.521944,268
-88.575,20.691667,258
-87.559145,20.330608,257
-87.308333,20.425,258
-88.758333,20.708333,260
-88.041667,19.608333,259
-89.758333,19.408333,257
-87.608333,20.875,252
-87.608333,20.875,252
-88.740804,19.786073,260
-88.827885,18.664733,253
-88.999683,20.95271,261
-89.862434,21.023939,258
-88.758333,20.708333,260
-89.298056,18.752222,249
-88.758333,20.708333,260
-89.425,18.525,246
-88.758333,20.708333,260
-88.041667,19.591667,259
-88.758333,20.708333,260
-87.075,20.625,259
-88.575,20.691667,258
-88.375,18.725,257
-89.963704,18.543521,254
-88.674252,20.706331,259
-89.425,20.308333,257
-87.308333,20.908333,254
-88.174159,21.255096,254
-87.441667,20.208333,259
-89.475,20.475,259
-88.758333,20.708333,260
-88.041667,19.591667,259
-89.24126,18.586677,248
-88.168055,21.192145,254
-87.608333,20.875,252
-87.965348,19.498676,259
-90.79022,18.611386,260
-88.758333,20.708333,260
-87.311928,20.87058,254
-90.858333,18.975,261
-89.710791,20.34607,262
-88.575,20.691667,258
-86.808333,21.258333,255
-87.437153,20.900786,253
-90.725,19.358333,258
-87.608333,20.875,252
-88.758333,20.708333,260
-90.215278,20.643056,266
-88.758333,20.708333,260
-89.041667,20.808333,261
-88.758333,20.708333,260
-88.575,20.691667,258
-88.758333,20.708333,260
-90.375,18.925,257
-88.180973,19.20196,258
-88.758333,20.708333,260
-86.808333,21.258333,255
-88.758333,20.708333,260
-89.451389,18.281111,247
-88.758333,20.708333,260
-88.575,20.691667,258
-87.608333,20.875,252
-88.825,20.708333,261
-89.475,20.475,259
-87.608333,20.875,252
-88.758333,20.708333,260
-86.925,20.525,260
-89.477984,21.09257,256
-90.87099,18.618888,261
-88.758333,20.708333,260
-87.608333,20.875,252
-89.7475,18.193056,247
-87.664286,20.027116,259
-87.308333,20.908333,254
-87.608333,20.875,252
-88.266667,18.533333,260
-88.758333,20.708333,260
-86.808333,21.258333,255
-87.717247,20.509425,255
-88.086345,19.592635,258
-88.758333,20.708333,260
-88.758333,20.708333,260
-88.758333,20.708333,260
-88.758333,20.708333,260
-89.575,21.041667,257
-88.825,20.708333,261
-86.944579,20.503214,260
-89.598717,20.832604,259
-87.591667,20.575,255
-88.758333,20.708333,260
-88.758333,20.708333,260
-86.925,20.525,260
-88.342667,18.760242,257
-89.832392,20.537957,263
-88.708333,18.191667,252
-88.342667,18.760242,257
-88.575,20.691667,258
-88.041667,19.591667,259
-87.608333,20.875,252
-87.725,20.841667,252
-88.758333,20.708333,260
-86.830588,20.489042,261
-88.825,20.708333,261
-88.691667,20.691667,259
-87.608333,20.875,252
-88.758333,20.708333,260
-87.608333,20.875,252
-88.575,20.691667,258
-88.825,20.708333,261
-88.825,20.708333,261
-88.758333,20.708333,260
-88.085111,19.716895,259
-86.808333,21.258333,255
-88.691667,20.691667,259
-88.758333,20.708333,260
-87.591667,20.575,255
-90.300833,20.521944,268
-90.725,19.358333,258
-89.298056,18.752222,249
-90.075,18.458333,253
-87.308333,20.425,258
-88.168055,21.192145,254
-87.608333,20.875,252
-86.925,20.525,260
-88.758333,20.708333,260
-90.300833,20.521944,268
-88.147604,19.476294,259
-88.825,20.708333,261
-90.193294,20.837556,263
-89.542771,20.429693,260
-88.075,21.175,253
-89.14479,20.219926,258
-88.758333,20.708333,260
-89.395278,18.731389,247
-88.758333,20.708333,260
-87.608333,20.875,252
-88.168055,21.192145,254
-88.825,20.708333,261
-88.342667,18.760242,257
-88.758333,20.708333,260
-88.758333,20.708333,260
-87.075,20.625,259
-87.717247,20.509425,255
-89.659738,21.241811,255
-86.775,21.091667,256
-88.758333,20.708333,260
-88.342667,18.760242,257
-88.575,20.691667,258
-87.915833,18.900278,261
-88.758333,20.708333,260
-88.342667,18.760242,257
-88.342667,18.760242,257
-87.66788,20.447369,256
-88.758333,20.708333,260
-89.041667,20.808333,261
-86.876944,20.475833,261
-87.608333,20.875,252
-88.168055,21.192145,254
-88.758333,20.708333,260
-89.775,20.391667,263
-89.726113,21.25451,255
-89.041667,20.808333,261
-86.896654,20.566151,261
-86.894685,20.86242,257
-87.608333,20.875,252
-89.805833,18.110278,251
-87.308333,20.908333,254
-89.575,21.041667,257
-87.717247,20.509425,255
-89.023037,20.793476,262
-88.758333,20.708333,260
-86.825,21.175,255
-87.190219,20.535775,259
-90.297785,18.636113,261
-88.342667,18.760242,257
-88.174159,21.255096,254
-88.342667,18.760242,257
-89.575,21.041667,257
-90.051919,20.374301,270
-87.10532,21.04029,254
-88.305278,18.503611,259
-88.758333,20.708333,260
-89.260995,21.325105,256
-87.608333,20.875,252
-87.136081,20.589125,258
-88.691667,20.691667,259
-88.305278,18.503611,259
-86.808333,21.258333,255
-87.608333,20.875,252
-88.825,20.708333,261
-88.575,20.691667,258
-90.300833,20.521944,268
-87.608333,20.875,252
-89.809444,18.107222,251
-88.758333,20.708333,260
-88.758333,20.708333,260
-88.758333,20.708333,260
-87.608333,20.875,252
-86.925,20.525,260
-88.575,20.691667,258
-90.220327,19.597216,264
-88.366808,21.443624,256
-89.925,20.975,260
-89.775,20.391667,263
-88.758333,20.708333,260
-88.950097,21.008638,260
-88.189952,20.860909,254
-89.300278,18.608056,246
-89.458333,20.775,260
-87.88281,19.787943,259
-88.691667,20.691667,259
-86.808333,21.258333,255
-87.608333,20.875,252
-86.925,20.525,260
-88.198535,20.019639,259
-88.758333,20.708333,260
-88.758333,20.708333,260
-88.575,20.691667,258
-86.808333,21.258333,255
-88.326667,18.518056,259
-88.192368,19.43153,258
-88.758333,20.708333,260
-87.608333,20.875,252
-89.475,20.475,259
-89.413204,18.611821,246
-87.308333,20.908333,254
-87.608333,20.875,252
-87.608333,20.875,252
-87.507027,20.885785,252
-87.608333,20.875,252
-86.876944,20.475833,261
-88.758333,20.708333,260
-87.839656,20.732934,253
-87.608333,20.875,252
-88.275,20.608333,254
-87.725,20.841667,252
-87.186719,20.538905,259
-90.258333,19.675,264
-87.608333,20.875,252
-88.575,20.691667,258
-87.608333,20.875,252
-87.608333,20.875,252
-88.758333,20.708333,260
-89.475,20.475,259
-88.575,20.691667,258
-89.575,21.041667,257
-88.758333,20.708333,260
-88.758333,20.708333,260
-89.088162,20.947362,261
-90.523615,19.093063,258
-88.575,20.691667,258
-87.608333,20.875,252
-90.958333,18.491667,262
-90.734445,18.606673,260
-88.758333,20.708333,260
-88.758333,20.708333,260
-87.717247,20.509425,255
-88.758333,20.708333,260
-88.582713,20.723731,258
-88.758333,20.708333,260
-88.825,20.708333,261
-87.725,20.841667,252
-88.825,20.708333,261
-89.45073,20.169197,256
-88.225005,19.288893,258
-87.047807,20.674131,258
-88.758333,20.708333,260
-89.575,21.041667,257
-89.419722,18.591667,245
-88.366808,21.443624,256
-86.925,20.525,260
-88.758333,20.708333,260
-87.608333,20.875,252
-88.758333,19.758333,260
-88.975,19.975,259
-88.758333,20.708333,260
-88.191667,18.754167,259
-87.608333,20.875,252
-86.925,20.525,260
-88.575,20.691667,258
-87.725,20.841667,252
-88.168055,21.192145,254
-86.875,20.841667,257
-88.825,20.708333,261
-88.089738,19.212861,258
-88.168055,21.192145,254
-88.691667,20.691667,259
-87.608333,20.875,252
-88.758333,20.708333,260
-88.575,20.691667,258
-87.441667,20.208333,259
-88.342667,18.760242,257
-90.300833,20.521944,268
-90.708199,19.453094,258
-88.267557,20.661374,254
-87.608333,20.875,252
-87.608333,20.875,252
-88.342667,18.760242,257
-87.25389,20.97331,254
-90.300833,20.521944,268
-89.575,21.041667,257
-87.075,20.625,259
-88.825,20.708333,261
-87.608333,20.875,252
-88.815334,19.903279,260
-88.575,20.691667,258
-88.825,20.708333,261
-88.299167,18.499167,259
-90.258333,19.675,264
-87.608333,20.875,252
-88.342667,18.760242,257
-88.758333,20.708333,260
-88.662839,20.950102,258
-90.558333,18.475,260
-87.308333,20.908333,254
-89.475,20.475,259
-87.608333,20.875,252
-86.808333,21.258333,255
-89.453611,18.219167,248
-87.441667,20.208333,259
-89.575,21.041667,257
-88.305278,18.503611,259
-88.758333,20.708333,260
-89.775,20.391667,263
-87.608333,20.875,252
-88.375,18.725,257
-86.925,20.525,260
-89.425,18.525,246
-87.437153,20.900786,253
-88.575,20.691667,258
-88.375,18.725,257
-88.758333,20.708333,260
-89.925,20.575,264
-88.387026,21.363279,256
-88.267451,20.563037,255
-88.825,20.708333,261
-89.575,21.041667,257
-88.758333,20.708333,260
-89.395278,18.731389,247
-89.805833,18.110278,251
-88.575,20.691667,258
-87.608333,20.875,252
-88.925,19.808333,259
-88.575,20.691667,258
-89.958333,20.925,261
-88.252581,21.487572,255
-88.740804,19.786073,260
-88.758333,20.708333,260
-87.608333,20.875,252
-90.194444,20.86,263
-88.342667,18.760242,257
-89.958333,20.925,261
-86.925,20.525,260
-86.825,21.175,255
-90.558333,18.475,260
-88.825,20.708333,261
-88.758333,20.708333,260
-88.236945,18.880833,258
-90.300833,20.521944,268
-87.608333,20.875,252
-89.925,20.975,260
-88.758333,20.708333,260
-87.608333,20.875,252
-88.305278,18.503611,259
-88.758333,19.758333,260
-89.925,20.975,260
-87.608333,20.875,252
-87.480387,21.168331,251
-87.608333,20.875,252
-87.608333,20.875,252
-89.641899,21.120557,256
-88.758333,20.708333,260
-88.342667,18.760242,257
-86.925,20.525,260
-86.925,20.525,260
-88.575,20.691667,258
-87.608333,20.875,252
-86.925,20.525,260
-88.758333,20.708333,260
-89.805833,18.110278,251
-88.849438,19.92645,260
-88.168055,21.192145,254
-89.475,20.475,259
-88.041667,19.591667,259
-88.758333,20.708333,260
-88.575,20.691667,258
-87.441667,20.208333,259
-87.608333,20.875,252
-90.558333,18.475,260
-88.575,20.691667,258
-88.758333,20.708333,260
-88.758333,20.708333,260
-89.925,20.975,260
-87.608333,20.875,252
-87.608333,20.875,252
-88.758333,20.708333,260
-88.758333,20.708333,260
-87.608333,20.875,252
-87.308333,20.908333,254
-87.608333,20.875,252
-89.023037,20.793476,262
-90.258333,19.675,264
-88.758333,20.708333,260
-88.758333,20.708333,260
-88.758333,20.708333,260
-88.825,20.708333,261
-89.279601,21.128076,257
-87.608333,20.875,252
-90.725,19.358333,258
-87.608333,20.875,252
-88.825,20.708333,261
-89.832808,21.031529,258
-87.075,20.625,259
-88.758333,20.708333,260
-89.475,20.475,259
-87.608333,20.875,252
-90.17273,20.860973,263
-87.608333,20.875,252
-89.808333,18.308333,252
-88.825,20.708333,261
-88.758333,20.708333,260
-88.147604,19.476294,259
-89.475,20.475,259
-89.041667,20.808333,261
-89.713945,20.685558,261
-88.575,20.691667,258
-86.925,20.525,260
-89.275,21.358333,256
-88.758333,20.708333,260
-88.758333,20.708333,260
-88.758333,20.708333,260
-89.475,20.475,259
-88.758333,20.708333,260
-88.758333,20.708333,260
-88.575,20.691667,258
-87.608333,20.875,252
-89.451389,18.281111,247
-88.575,20.691667,258
-88.305278,18.503611,259
-89.575,21.041667,257
-89.475,20.475,259
-88.825,20.708333,261
-89.925,20.575,264
-89.575,21.041667,257
-88.575,20.691667,258
-89.953577,18.543112,255
-87.725,20.841667,252
-88.575,20.691667,258
-86.925,20.525,260
-86.925,20.525,260
-90.300833,20.521944,268
-89.608333,20.425,260
-88.575,20.691667,258
-87.608333,20.875,252
-87.608333,20.875,252
-88.966125,21.153256,259
-88.575,20.691667,258
-88.758333,20.708333,260
-88.758333,20.708333,260
-88.369167,18.515556,258
-87.725,20.841667,252
-89.298056,18.752222,249
-89.726113,21.25451,255
-88.758333,20.708333,260
-88.175,21.608333,254
-86.875,20.841667,257
-90.958333,18.491667,262
-87.343519,21.402883,252
-88.979001,18.457368,250
-90.836684,18.615934,261
-88.758333,20.708333,260
-88.575,20.691667,258
-88.575,20.691667,258
-86.808333,21.258333,255
-87.725,20.841667,252
-86.879042,20.527411,261
-88.730284,20.92005,259
-87.608333,20.875,252
-88.415565,19.602783,258
-87.608333,20.875,252
-88.575,20.691667,258
-88.975,19.975,259
-88.305278,18.503611,259
-87.190219,20.535775,259
-89.608333,20.425,260
-89.725549,20.79066,260
-90.392222,20.858333,264
-87.075,20.625,259
-87.608333,20.875,252
-89.201387,20.827672,261
-88.519444,18.505278,253
-88.758333,20.708333,260
-88.758333,20.708333,260
-87.614249,20.6662,255
-87.608333,20.875,252
-88.08061,20.694487,253
-88.825,20.708333,261
-88.691667,20.691667,259
-86.998794,21.182803,254
-88.575,20.691667,258
-90.558333,18.475,260
-86.876944,20.475833,261
-87.308333,20.908333,254
-88.159711,21.10756,254
-89.041667,20.808333,261
-87.608333,20.875,252
-87.725,20.841667,252
-87.032405,20.377371,260
-88.275,20.608333,254
-88.758333,20.708333,260
-88.342667,18.760242,257
-87.557947,20.329976,257
-88.075,21.175,253
-89.410982,18.638738,245
-86.875,20.841667,257
-88.575,20.691667,258
-87.156241,20.570681,259
-89.809444,18.107222,251
-89.98245,21.104419,258
-89.399522,21.000638,258
-89.575,21.041667,257
-88.758333,20.708333,260
-88.575,20.691667,258
-88.575,20.691667,258
-87.608333,20.875,252
-86.808333,21.258333,255
-88.575,20.691667,258
-90.741667,18.625,260
-88.758333,20.708333,260
-89.75039,21.267096,255
-87.608333,20.875,252
-86.925,20.525,260
-89.758333,19.408333,257
-88.758333,20.708333,260
-89.608333,20.425,260
-87.608333,20.875,252
-87.291614,20.439371,259
-88.758333,20.708333,260
-88.758333,20.708333,260
-86.858234,20.409602,261
-88.758333,20.708333,260
-90.623335,19.271673,259
-88.758333,20.708333,260
-88.941667,19.858333,260
-86.925,20.525,260
-87.608333,20.875,252
-88.758333,20.708333,260
-89.7475,18.193056,247
-88.758333,20.708333,260
-88.758333,20.708333,260
-89.775,20.391667,263
-89.300278,18.608056,246
-88.275,20.608333,254
-89.775,20.391667,263
-88.168055,21.192145,254
-87.717247,20.509425,255
-87.608333,20.875,252
-87.321693,20.391246,259
-90.409796,20.541372,267
-88.758333,20.708333,260
-87.608333,20.875,252
-89.475,20.475,259
-88.758333,20.708333,260
-88.758333,20.708333,260
-87.608333,20.875,252
-88.041667,19.591667,259
-87.608333,20.875,252
-90.369851,20.534578,267
-88.758333,20.708333,260
-86.808333,21.258333,255
-88.575,20.691667,258
-88.758333,20.708333,260
-89.758333,19.408333,257
-88.758333,20.708333,260
-88.105949,19.069382,259
-88.758333,20.708333,260
-87.308333,20.908333,254
-88.758333,20.708333,260
-88.758333,20.708333,260
-89.758333,19.408333,257
-88.575,20.691667,258
-87.608333,20.875,252
-86.808333,21.258333,255
-87.608333,20.875,252
-88.691667,20.691667,259
-88.575,20.691667,258
-87.608333,20.875,252
-88.575,20.691667,258
-89.758333,19.408333,257
-90.73128,18.908117,260
-88.758333,20.708333,260
-87.608333,20.875,252
-89.925,20.575,264
-88.076033,19.679041,259
-86.925,20.525,260
-88.825,20.708333,261
-87.605671,20.377389,256
-88.758333,20.708333,260
-88.275,20.608333,254
-89.575,21.041667,257
-87.608333,20.875,252
-88.331667,18.4975,259
-89.413889,18.609167,246
-88.575,20.691667,258
-88.575,20.691667,258
-87.608333,20.875,252
-89.608333,20.425,260
-89.725549,20.79066,260
-88.402851,19.638244,258
-88.575,20.691667,258
-88.384722,18.703333,258
-87.39641,20.91941,253
-86.968049,20.494666,261
-88.691667,20.691667,259
-88.575,20.691667,258
-88.582197,20.724913,258
-86.825,21.175,255
-88.725,20.691667,260
-87.308333,20.908333,254
-86.917407,20.452866,261
-88.041667,19.591667,259
-89.710791,20.34607,262
-88.575,20.691667,258
-89.758333,19.408333,257
-86.808333,21.258333,255
-87.608333,20.875,252
-90.314725,19.011113,260
-86.941302,20.517101,260
-90.37,20.944167,263
-89.928855,21.194049,257
-87.38677,21.510615,252
-89.578891,20.947418,258
-87.332835,20.365589,259
-89.571055,20.80345,259
-89.768766,20.358139,263
-88.809845,19.897132,260
-87.46535,20.211419,258
-90.742979,18.610336,260
-87.295893,20.428599,258
-89.770872,20.361603,263
-90.568253,19.824622,262
-88.140214,18.347805,260
-88.242159,21.429965,255
-89.769506,20.360917,263
-90.047333,21.163395,259
-86.735768,21.236695,255
-88.851294,21.397674,258
-86.861324,21.209038,255
-86.817312,21.146953,256
-87.610259,20.075658,259
-87.486371,20.274354,258
-86.793208,21.145542,256
-88.566612,20.68214,258
-86.851044,21.161361,255
-86.788902,21.47224,254
-86.808358,21.183297,255
-86.815102,21.301849,255
-86.816711,21.144871,256
-87.46535,20.211419,258
-90.39051,20.858502,264
-89.635609,21.286532,255
-88.381232,18.680074,258
-89.671129,20.925027,258
-89.625097,20.972778,258
-86.902863,20.842245,257
-86.789058,21.472175,254
-87.23753,20.519883,258
-88.415866,20.606676,256
-86.823898,21.201622,255
-89.56024,21.02754,257
-89.665367,20.982659,258
-89.711944,20.595989,262
-87.167041,20.554448,258
-88.811255,18.604553,253
-89.624553,20.891158,258
-86.957748,20.76436,258
-89.812467,18.152075,250
-87.033311,20.670703,258
-88.139947,20.8925,253
-89.417692,18.587029,245
-89.612055,21.135376,255
-89.616937,21.097422,256
-90.025292,21.166362,258
-89.661756,20.951039,258
-86.959027,20.757318,258
-88.454366,18.858331,257
-89.490832,21.085399,256
-89.538417,18.222212,247
-88.793256,19.889594,260
-87.929183,21.598013,253
-87.545821,21.368222,251
-86.87839,20.844549,257
-88.26864,20.714598,254
-87.42923,20.212987,258
-87.923327,21.545659,253
-89.431714,21.1998,256
-86.871322,20.387703,261
-87.119128,20.648308,258
-87.724749,20.493283,256
-87.054958,20.664428,258
-86.803723,20.483875,261
-87.956633,21.457256,253
-87.610926,20.080946,259
-87.12881,20.591173,258
-89.569767,20.170849,259
-86.966695,20.741524,258
-86.98165,21.379115,253
-87.432083,20.209995,258
-90.346498,20.913078,263
-89.421294,18.586341,245
-87.379038,21.524604,252
-88.149609,21.145585,254
-89.947405,20.96104,260
-87.532508,20.960554,252
-88.809845,19.897132,260
-88.479138,19.168655,258
-88.223896,18.651102,260
-86.945323,20.775589,258
-86.748047,21.255903,255
-87.63355,20.646103,254
-89.267473,21.336862,256
-87.925506,20.100962,258
-86.954298,20.763811,258
-87.0188,20.37605,260
-90.341718,20.911748,263
-87.020809,20.382782,260
-88.891153,21.383393,258
-89.626187,20.973934,258
-89.590486,21.091066,256
-90.027428,21.158398,258
-87.241212,20.490928,259
-90.406805,20.848704,264
-89.558181,21.024455,257
-89.079332,21.149445,259
-87.60067,20.864414,252
-87.696962,18.737375,263
-86.922343,20.422984,261
-89.445862,18.520055,246
-87.090758,20.691702,258
-89.592723,21.136772,255
-89.64074,21.15727,256
-86.91687,20.889179,257
-88.55,18.06,251
-88.55,18.0667,251
-88.5698544003965,20.6805883895921,258
-88.299157,20.713094,254
-87.124066,20.580704,259
-89.629873,20.968145,258
-87.092631,20.626008,258
-88.817284,19.014944,254
-88.388792,18.677388,258
-88.153458,20.598625,254
-87.030454,20.688875,258
-86.851528,21.161908,255
-87.436168,20.21158,258
-89.267516,21.336967,256
-89.487028,18.403465,246
-89.263604,21.3419,256
-87.583889,20.721944,253
-89.626275,21.069144,257
-89.230822,21.347119,257
-89.61751,18.258749,245
-89.978249,21.183804,258
-88.479138,19.181739,258
-89.780532,21.131329,256
-87.673082,21.514785,252
-87.479191,20.203968,259
-88.806111,19.929764,260
-89.553693,21.094811,256
-86.920371,20.862401,257
-88.812112,18.43062,250
-89.499532,21.079305,257
-88.809845,19.897132,260
-89.485702,18.518114,246
-87.432082,20.208688,258
-89.634776,21.281361,255
-89.626731,21.092067,256
-88.79,18.419167,252
-86.836929,21.143494,255
-88.229916,18.880819,258
-90.226375,19.965221,266
-87.333247,20.364698,259
-89.578211,20.947448,258
-87.330554,20.368225,259
-87.141244,20.59746,258
-87.21,20.509347,258
-87.073233,20.657549,258
-88.304279,20.711404,254
-87.853793,18.298815,264
-89.734997,20.987994,258
-87.349035,20.336293,258
-90.183154,20.136489,269
-87.514789,20.192731,259
-87.429098,20.213715,258
-89.67144,21.143568,256
-88.122479,21.117404,254
-87.030184,20.66926,258
-86.824403,21.200099,255
-87.42928,20.214578,258
-87.429241,20.214798,258
-89.885243,18.367409,252
-89.695337,20.896124,259
-87.085882,20.66905,258
-88.472664,20.747626,257
-90.336681,20.525477,267
-86.807496,21.251148,255
-87.731647,20.491004,256
-88.752203,20.896656,260
-86.982791,20.493835,261
-88.309693,18.784174,258
-87.628104,21.258538,251
-86.837865,21.143324,255
-89.59095,21.091026,256
-88.268808,18.523738,260
-89.624163,21.077335,257
-88.809845,19.89728,260
-88.961762,18.605676,252
-89.642408,21.222116,255
-86.813257,21.185768,255
-90.239056,18.646322,260
-90.048692,21.164342,259
-87.429733,20.21395,258
-87.083161,20.620617,259
-87.045388,20.672453,258
-87.430557,20.214167,258
-87.151191,20.625738,258
-89.553055,21.068161,257
-90.713903,18.693852,259
-89.261042,21.304417,256
-86.979303,20.280261,261
-88.179704,21.402879,254
-87.730507,20.490492,256
-87.715812,19.498011,261
-88.155283,21.599044,254
-89.263313,21.340973,256
-86.944624,20.50717,260
-87.021336,20.370079,261
-87.067027,20.635229,258
-86.819604,21.143734,256
-87.184448,20.530834,259
-89.575073,20.173922,259
-86.846672,20.912392,257
-87.23744,20.520683,258
-87.290773,20.4404,259
-87.721742,20.483233,256
-86.83676,21.143643,255
-86.97921,20.280783,261
-86.911092,20.857975,257
-89.779167,21.133611,256
-88.570786,20.678747,258
-86.887136,20.540955,261
-90.39201,20.876629,263
-89.221283,21.331811,256
-89.094338,20.709879,262
-89.612547,21.097863,256
-87.464203,20.246637,258
-89.509663,21.045652,257
-87.738315,20.491933,256
-87.035334,20.663178,259
-88.327625,18.522083,259
-89.366458,20.895144,259
-86.789486,21.471818,254
-87.073885,20.629559,258
-89.621633,20.865307,259
-87.429375,20.215983,258
-87.280578,20.448376,259
-89.582069,21.084896,256
-88.2306,18.589715,260
-87.469572,19.945254,260
-86.778481,21.071241,256
-86.98082,20.277012,261
-86.809686,21.248956,255
-89.621588,21.077977,257
-89.515945,21.052647,257
-88.157898,21.596482,254
-86.774462,21.078166,256
-89.695722,20.992487,258
-86.852698,21.073497,256
-87.031663,20.672678,258
-87.043888,20.876556,256
-90.684444,19.6275,260
-86.846945,20.989089,256
-87.167041,20.554448,258
-87.101826,20.633269,258
-89.578333,20.170833,259
-87.428963,20.216272,258
-87.170557,20.719997,256
-89.594717,21.075857,257
-88.303973,18.520046,259
-86.822761,21.198678,255
-87.305517,20.409558,259
-88.44648,20.58789,257
-89.629872,20.968147,258
-87.365404,20.320158,259
-86.842175,21.115429,255
-87.720343,20.494627,256
-89.610229,21.091755,256
-89.806741,21.168185,256
-89.683435,21.120282,256
-88.633116,21.110319,258
-87.364708,20.350181,258
-89.007445,20.602966,262
-86.969127,20.477071,261
-89.544164,18.025284,249
-89.484091,18.51635,246
-86.90175,20.847848,257
-87.12156,20.580763,259
-89.772016,20.359006,263
-87.46535,20.211419,258
-88.259703,18.709196,258
-87.213312,20.506267,258
-88.557426,18.077393,251
-87.639651,20.634421,254
-87.383309,20.280668,259
-86.989539,20.273119,261
-89.507225,21.071409,257
-87.316522,18.592619,264
-89.657579,20.880012,259
-90.510711,19.860332,264
-89.555672,20.917854,258
-89.654712,21.080343,257
-87.144881,20.622732,258
-87.019192,20.375398,260
-87.333821,20.35936,258
-87.089553,20.604972,258
-87.392113,20.267474,259
-87.430377,20.215261,258
-89.771302,20.376649,263
-88.296636,18.541667,259
-87.731647,20.491004,256
-87.708025,18.715715,263
-89.488856,18.407833,246
-89.623056,21.071944,257
-87.020452,20.382177,260
-86.82256,21.198937,255
-89.584351,20.968985,258
-89.592586,20.96764,258
-87.020923,20.375933,260
-89.813031,18.106663,251
-86.932523,20.485522,260
-86.900955,20.872451,257
-88.35012,18.511395,258
-88.306769,21.011063,255
-86.971854,20.728325,258
-86.897142,20.851597,257
-89.621837,20.947707,258
-86.777473,21.073883,256
-86.89875,20.860165,257
-87.076767,20.678178,258
-87.333715,20.360438,258
-86.820384,21.170423,255
-86.99394,20.369735,260
-87.382088,20.299508,258
-90.21183,18.424656,260
-88.809845,19.89728,260
-87.627481,20.639149,254
-87.330844,20.367824,259
-89.263604,21.3419,256
-89.627379,21.271596,255
-88.055889,20.816042,253
-86.840781,21.142836,255
-87.430375,20.213613,258
-88.233728,19.002242,258
-88.15541,20.598893,254
-87.234783,20.514393,258
-88.809845,19.897132,260
-86.890595,20.830265,258
-89.484091,18.51635,246
-90.048673,21.158948,259
-86.770485,21.093568,256
-89.551972,21.065506,257
-86.722236,21.21302,255
-90.634575,19.614559,261
-87.312264,20.397151,259
-89.559327,20.999977,257
-88.806111,19.929764,260
-88.310722,21.155486,255
-90.359328,19.920979,266
-89.217739,20.145884,256
-88.841087,19.960034,260
-86.897838,20.467734,261
-86.875057,20.38569,261
-90.22153,20.859718,263
-86.839913,21.142427,255
-87.316353,20.418181,258
-89.634685,21.001323,257
-87.023133,20.674345,258
-89.854787,18.312929,252
-87.292617,20.431212,258
-87.429716,20.214125,258
-89.555054,21.041172,257
-87.481865,20.007651,260
-89.589249,20.944956,258
-89.462886,20.098211,257
-87.134775,20.61675,258
-86.828634,20.9886,257
-87.022193,20.376361,260
-88.286557,20.744447,254
-89.521273,21.087286,256
-89.828352,21.238405,256
-89.551414,20.089813,259
-86.801262,21.233847,255
-89.307137,20.172855,256
-88.809845,19.897132,260
-89.500566,21.07938,257
-87.357812,20.319359,259
-86.961288,20.498211,261
-89.551419,18.628775,247
-88.836572,18.471726,252
-89.896688,21.030518,259
-86.810365,21.312525,255
-87.693703,18.732911,263
-87.22848,20.51482,258
-88.134836,18.35251,260
-87.744792,21.366747,252
-89.480797,18.410642,246
-90.635924,18.776408,259
-87.516483,20.18485,259
-86.848747,21.155547,255
-86.852864,21.086003,255
-89.604362,20.938053,258
-89.094338,20.70874,262
-88.739123,20.708802,260
-89.844834,18.0951,253
-88.151507,20.696527,253
-86.92655,20.552711,261
-87.073885,20.629559,258
-89.669854,21.161272,256
-89.283214,21.095811,257
-86.735768,21.236695,255
-87.113358,20.583175,259
-89.023921,20.000146,259
-87.098292,20.595421,258
-87.106323,20.616058,258
-86.835658,20.919883,257
-89.665367,20.982659,258
-86.781386,21.061769,256
-87.009072,20.705587,258
-88.456721,20.590933,257
-87.264675,20.475139,258
-87.019445,20.394634,260
-87.835474,19.00404,261
-89.770811,20.360899,263
-86.778623,21.071255,256
-87.300493,20.462853,258
-86.818042,21.146553,256
-86.958675,20.771443,258
-86.797792,21.511319,254
-89.854698,18.312726,252
-87.734687,20.492615,256
-89.547865,20.093948,259
-89.872284,18.355177,253
-86.822522,21.139873,256
-86.818085,21.145305,256
-88.130315,21.481935,254
-86.804642,21.241983,255
-87.63533,20.640193,254
-87.31461,20.396988,259
-87.616713,20.662549,255
-87.273468,20.453768,259
-87.429467,20.215081,258
-86.836651,21.143866,255
-87.341904,20.376631,258
-87.429645,20.215285,258
-88.567783,20.68429,258
-89.632672,21.278316,255
-89.623056,21.071944,257
-88.568481,20.685175,258
-87.356064,20.319254,259
-90.394124,19.939169,266
-90.048056,21.164444,259
-89.669326,21.145902,256
-90.048141,21.163145,259
-86.821015,21.151386,256
-89.522572,21.066751,257
-89.603936,20.622548,261
-86.843838,20.502754,261
-87.609314,20.077306,259
-89.019135,20.016623,259
-88.233627,18.608851,260
-86.945455,20.775669,258
-87.061741,20.657533,258
-87.430996,20.20853,258
-88.197346,20.691638,253
-86.858704,21.055936,256
-86.895804,20.855309,257
-90.721465,19.093766,260
-87.25415,20.49305,258
-89.629873,20.968145,258
-89.354094,21.313496,256
-86.778032,21.072846,256
-86.851528,21.161908,255
-87.441284,20.206061,259
-89.565308,21.250535,255
-86.979251,20.280821,261
-89.416851,18.589663,245
-89.335795,21.301662,256
-87.058242,20.642005,258
-86.901903,20.845104,257
-87.181445,20.723625,256
-89.424908,21.309966,256
-86.805396,21.225213,255
-87.925564,21.524663,253
-88.124401,20.747703,253
-87.07236,20.634652,258
-88.900331,18.465651,253
-88.14558,21.593619,254
-89.426767,21.314341,256
-86.818342,21.144931,256
-87.021868,20.376104,260
-86.923272,20.326112,261
-87.605839,20.08125,259
-88.267822,18.528173,260
-87.119317,20.581839,259
-87.076611,20.629384,258
-86.805267,21.203233,255
-89.094338,20.709879,262
-86.966446,20.738503,258
-88.496485,19.32925,258
-90.366526,20.873704,264
-88.569661,20.682917,258
-88.567987,20.683078,258
-89.365882,20.715978,260
-88.822217,20.832056,260
-87.478213,19.806261,260
-86.849708,21.050639,256
-86.845676,21.203947,255
-86.812755,21.181992,255
-87.085783,20.639148,258
-87.430763,20.214008,258
-86.851528,21.161908,255
-88.397391,18.662062,258
-86.97913,20.28055,261
-87.451278,20.216092,258
-87.956633,21.457256,253
-87.762398,18.615182,263
-89.980962,21.178567,258
-86.939666,20.81073,257
-89.238323,19.897463,255
-88.17784,18.323135,259
-86.943221,20.778324,258
-86.822761,21.198678,255
-86.780418,21.06034,256
-86.846796,20.418717,261
-89.657439,20.898896,259
-89.855156,18.335617,253
-86.815818,21.147596,256
-89.320318,18.383787,247
-87.044747,20.693267,258
-87.28505,21.544015,253
-89.078843,21.14867,259
-86.828613,21.14682,256
-88.067238,19.476364,259
-87.34281,20.377742,258
-88.809845,19.897132,260
-87.725302,20.490099,256
-87.070811,20.63005,258
-89.597786,21.091013,256
-86.768845,21.096211,256
-87.391708,20.324563,258
-87.912697,18.005211,266
-87.304549,20.464401,258
-87.391498,21.512763,252
-89.629873,20.968145,258
-87.085882,20.669054,258
-87.736111,20.494722,256
-89.793438,18.121441,251
-86.954415,20.764603,258
-89.458924,18.360172,247
-87.130775,20.619884,258
-87.726037,20.491199,256
-87.121582,20.657458,258
-89.687518,21.011264,257
-89.333439,19.237253,255
-90.032609,20.881089,262
-89.629873,20.968145,258
-88.041857,20.42131,255
-86.735768,21.236695,255
-88.307799,20.718138,254
-87.451004,20.205858,259
-87.134775,20.61675,258
-89.016067,18.364333,250
-86.979187,20.280717,261
-86.955388,20.764562,258
-89.853315,18.309958,252
-87.43249,20.20718,259
-89.641417,20.927531,258
-87.609519,20.077602,259
-87.041444,21.579724,253
-88.551039,20.66069,258
-89.64507,21.219343,255
-89.56009,21.046349,257
-87.587096,20.114952,259
-87.151941,21.162243,253
-86.831746,20.964111,257
-88.318887,18.50714,259
-86.867699,20.432508,261
-89.768301,20.360515,263
-89.644778,20.322247,260
-88.392395,18.678292,258
-86.961394,20.498611,261
-87.450377,20.167512,259
-89.644158,21.276452,255
-86.960472,20.497964,261
-87.737396,20.489406,256
-86.871521,21.090313,255
-87.022606,20.379697,260
-88.038385,19.577068,259
-88.978318,21.130628,259
-86.816711,21.144391,256
-89.29018,18.983084,254
-89.772308,20.358747,263
-89.673892,18.038301,249
-88.791653,18.415014,252
-86.893387,20.829533,258
-86.813286,21.251961,255
-87.074763,20.704863,258
-87.266811,21.530511,252
-87.429234,20.214815,258
-87.024475,20.695007,258
-88.45617,20.598291,257
-86.816368,21.146312,256
-89.577378,20.914969,258
-87.692938,18.73285,263
-89.630487,21.277352,255
-87.429046,20.214513,258
-89.589518,21.253028,255
-88.238455,18.885308,258
-88.447892,20.590596,257
-86.93867,20.52878,260
-87.22052,20.501024,258
-86.817902,21.145232,256
-88.806111,19.929764,260
-87.389618,20.362821,258
-87.305794,20.409246,259
-89.489105,18.40932,246
-88.817368,19.895863,260
-86.859112,20.975763,256
-89.51593,21.074028,257
-90.230124,19.597464,264
-88.73051,20.706989,260
-86.881831,20.852807,257
-89.633842,21.28025,255
-89.270305,21.363031,256
-89.516171,21.068525,257
-89.008582,18.19215,252
-87.651931,20.617972,255
-87.631253,19.77818,260
-86.969919,20.727325,258
-87.481834,20.007665,260
-86.903615,20.844053,257
-88.568648,20.682541,258
-89.61751,18.258749,245
-87.335007,21.430872,252
-89.66215,18.534383,251
-89.595322,21.027814,257
-86.979138,20.280657,261
-89.805978,21.256136,255
-90.726558,19.335233,258
-90.04734,21.163694,259
-90.469567,19.827694,263
-87.351676,20.372088,258
-86.773616,21.079494,256
-89.76682,18.948342,254
-87.134486,20.617751,258
-88.819243,19.716259,260
-86.760605,21.110542,256
-89.125511,20.93165,260
-87.479034,20.203831,259
-89.626953,21.094381,256
-89.577385,20.914981,258
-87.357812,20.319359,259
-87.645591,20.626289,254
-88.301784,18.493488,259
-89.675462,21.040763,257
-89.396593,18.514571,246
-87.340034,20.802183,254
-88.386143,18.690614,258
-87.72396,20.492522,256
-87.535482,20.310491,257
-86.769243,21.096138,256
-86.875534,20.847808,257
-86.978817,20.280437,261
-87.668802,18.768948,262
-88.268067,20.714447,254
-89.610504,20.997875,258
-87.099266,20.59261,258
-90.506641,19.866384,264
-87.134475,20.588195,258
-87.019356,20.375882,260
-89.673891,20.568858,262
-88.699598,19.750783,260
-86.814238,21.175603,255
-89.613079,20.838617,259
-88.207175,20.725263,253
-87.210079,20.539891,258
-87.288863,20.438539,259
-86.84536,20.989082,256
-89.617161,20.867725,259
-86.93877,21.399248,254
-89.778955,20.669586,262
-88.197495,20.691677,253
-87.225714,20.498452,259
-88.444866,20.589172,257
-87.251711,20.488723,258
-89.606111,20.175556,260
-88.003418,21.430833,254
-86.988542,20.272519,261
-86.8817,20.37589,261
-86.86615,20.4862,260
-87.466609,20.908092,253
-87.113128,20.5822,259
-86.84129,21.157781,255
-89.863014,18.314033,252
-89.595278,21.149722,255
-86.777154,21.073828,256
-87.232322,20.507235,258
-89.629873,20.968145,258
-86.819158,21.143491,256
-89.580487,20.730642,260
-86.954298,20.763811,258
-88.429272,20.623297,257
-87.428942,20.214603,258
-87.119698,20.580913,259
-90.383227,20.857637,264
-86.862836,21.209459,255
-88.158534,21.596544,254
-89.77961,21.131874,256
-86.901595,20.856566,257
-87.23753,20.520658,258
-86.908321,21.176219,255
-87.114579,20.595905,258
-89.566463,21.013514,257
-86.846104,21.157464,255
-87.125687,20.584303,258
-86.737865,21.239696,255
-89.909905,20.550481,264
-87.228215,20.514277,258
-88.936644,21.09151,259
-87.18894,20.523195,259
-86.822416,21.010123,257
-87.481323,20.007056,260
-87.736508,20.491726,256
-90.010349,20.171257,267
-89.61751,18.258749,245
-89.629873,20.968145,258
-87.428681,20.214775,258
-86.931644,21.099929,255
-89.687992,20.940169,258
-88.928846,21.280177,258
-87.835656,18.270498,264
-86.759917,21.114144,256
-86.979707,20.280828,261
-89.770697,21.263217,255
-88.319483,18.50705,259
-90.049414,21.162914,259
-87.470346,20.212058,258
-89.405353,18.554682,246
-86.822372,21.011186,257
-89.397032,21.218659,256
-87.724757,20.492771,256
-87.429845,20.216098,258
-89.653058,21.224552,255
-87.038923,20.661908,259
-89.592586,20.96737,258
-86.830558,20.966515,257
-89.622106,21.076063,257
-87.478411,19.800533,260
-87.134775,20.61675,258
-88.128438,18.338974,260
-86.88777,20.36569,261
-89.972388,21.179963,258
-87.167041,20.554448,258
-86.989352,20.27361,261
-89.635838,21.055759,257
-90.285114,20.442371,268
-89.768687,20.360704,263
-88.809845,19.89728,260
-87.230728,20.505775,258
-89.940193,20.839158,261
-89.538417,18.222212,247
-89.92791,20.561984,264
-89.577145,21.002691,257
-87.284202,20.461352,258
-87.296253,20.428732,258
-87.539013,20.192691,259
-87.333138,20.3645,259
-90.993766,18.197288,261
-89.592586,20.96737,258
-86.982888,20.45718,261
-86.759567,21.114611,256
-86.86689,20.41358,261
-88.809845,19.897132,260
-87.428957,20.214909,258
-89.768383,20.359906,263
-87.29373,20.428947,258
-87.435442,20.215756,258
-86.922343,20.422984,261
-89.393642,20.996761,258
-89.380202,21.234444,256
-87.7465,20.47348,256
-89.595419,20.840892,259
-87.657681,19.796587,259
-89.690134,21.129651,256
-86.824478,21.20116,255
-90.629491,18.797266,260
-89.515841,21.074144,257
-87.507448,20.082497,260
-89.049587,20.071595,259
-88.688546,20.783598,259
-87.43808,20.195478,259
-89.653693,21.042412,257
-89.644455,21.278194,255
-87.11987,20.580401,259
-88.140081,18.359938,260
-87.429218,20.215031,258
-87.831143,18.35661,264
-86.822476,21.200642,255
-88.569778,20.684917,258
-87.375533,20.287047,259
-89.426107,21.318759,256
-86.821625,21.196636,255
-86.875076,20.847553,257
-89.592586,20.96737,258
-88.150168,18.28234,259
-87.237516,20.49832,259
-88.303726,18.521103,259
-87.722842,20.505894,255
-89.629872,20.968147,258
-88.809845,19.89728,260
-86.813359,21.182957,255
-87.704807,18.721717,263
-87.429237,20.21493,258
-86.861995,21.20976,255
-86.904057,20.850641,257
-88.809845,19.897132,260
-86.884754,21.121953,255
-89.769944,20.361145,263
-88.458504,20.609037,257
-87.213678,20.507726,258
-89.638025,21.027632,257
-87.431044,20.214929,258
-87.184718,20.530826,259
-87.428617,20.215077,258
-87.288019,20.437253,259
-87.141244,20.59746,258
-87.307895,20.399276,259
-88.334197,18.023242,252
-89.499532,21.079305,257
-87.70283,18.72189,263
-87.343141,20.378353,258
-89.77112,20.360757,263
-89.768383,20.359906,263
-87.085739,20.61325,258
-89.421632,21.190639,256
-88.202042,18.318932,259
-88.206038,20.72557,253
-89.577758,21.099838,256
-88.281292,18.504759,260
-87.997721,21.451449,253
-89.562921,18.502039,248
-87.238119,20.490876,259
-87.33334,20.366601,258
-86.779305,21.060358,256
-88.145471,21.59371,254
-87.235833,20.494446,259
-88.569639,20.683962,258
-89.011172,20.931254,261
-90.37672,20.85651,264
-89.642558,21.049575,257
-86.988577,20.273012,261
-89.625037,21.291583,255
-87.912497,18.004344,266
-87.020452,20.382177,260
-87.330303,20.368499,259
-86.838279,21.142769,255
-87.089347,20.606975,258
-86.953163,20.487562,260
-89.030768,19.996295,258
-89.094338,20.709879,262
-86.844917,20.5032,261
-89.326062,21.213046,256
-87.380862,20.286111,259
-86.814505,21.175348,255
-89.679048,21.050877,257
-87.054346,20.681562,258
-86.938645,20.533925,260
-87.42942,20.215253,258
-86.778483,21.031377,257
-87.282782,20.445826,259
-86.982793,20.277698,261
-89.768383,20.359906,263
-89.629873,20.968145,258
-87.076968,20.630307,258
-88.221345,18.876521,258
-88.15904,21.599229,254
-86.958058,20.769652,258
-89.600968,21.121062,256
-87.092658,20.603962,258
-88.809845,19.89728,260
-88.44839,20.591161,257
-88.227979,18.875061,258
-87.145837,20.593017,258
-87.342643,20.376765,258
-86.820239,20.450336,261
-86.912097,20.551921,261
-88.809845,19.897132,260
-87.46194,20.140688,259
-86.913908,21.177879,255
-86.965701,20.758072,258
-86.922343,20.423463,261
-90.694055,19.579501,260
-87.631944,20.645833,254
-87.009133,20.705345,258
-89.554768,18.269492,245
-89.549561,18.617616,246
-89.625095,21.153692,256
-87.73526,20.492426,256
-87.005142,20.299594,261
-87.703788,18.735505,263
-89.594713,21.084595,256
-89.625193,21.076054,257
-90.097044,20.263853,269
-86.816248,21.14495,256
-89.592586,20.96737,258
-89.011089,19.659416,258
-86.920604,20.863028,257
-87.478177,20.134622,259
-86.945268,20.775363,258
-86.962171,20.498062,261
-87.378818,20.282492,259
-88.058342,21.5949,254
-89.779337,21.135797,256
-89.335164,21.178669,256
-87.441608,20.208005,259
-86.941612,20.512871,260
-87.055564,20.68241,258
-88.287375,18.523545,260
-89.635463,21.282075,255
-88.291955,18.529327,259
-88.352569,18.743328,258
-86.822075,21.200571,255
-86.867721,20.87425,258
-88.312852,18.499929,259
-89.597478,21.090583,256
-87.634833,20.64498,254
-87.065352,20.633106,258
-89.435562,19.367962,256
-89.341535,21.343996,256
-89.603882,18.435421,248
-86.827693,21.144866,256
-89.5701,21.29965,255
-87.364708,20.350181,258
-88.608897,18.909192,256
-89.541,21.047447,257
-87.019984,20.381849,260
-89.772941,20.673332,262
-87.429245,20.214538,258
-88.416826,18.624785,257
-86.87505,20.843673,257
-87.63515,20.64674,254
-86.778623,21.071255,256
-89.81028,18.105556,251
-90.047693,21.164085,259
-87.795306,21.446438,252
-89.858122,18.321448,252
-87.817027,18.334925,264
-89.625739,21.269708,255
-86.98938,20.273376,261
-86.828658,20.988549,257
-86.839025,21.142407,255
-88.144304,20.59888,254
-89.547119,21.039652,257
-89.426329,21.317141,256
-87.151849,20.626168,258
-89.644022,21.276437,255
-89.19445,21.213503,257
-89.602589,21.071293,257
-90.026928,21.165823,258
-89.626026,20.892069,259
-86.833077,20.975581,257
-88.809845,19.897132,260
-89.556111,20.0875,259
-86.732095,21.221486,255
-89.830162,20.93315,259
-88.562681,20.678081,258
-86.837051,21.143852,255
-86.969083,20.476732,261
-90.354513,20.878953,263
-86.855614,21.05685,256
-89.618698,21.044079,257
-87.710539,21.196862,252
-86.873563,20.852205,258
-86.773956,21.077719,256
-89.417076,18.593368,245
-87.073885,20.629559,258
-88.151108,20.598717,254
-89.546581,21.085746,256
-86.841579,21.157526,255
-87.602234,20.712189,253
-86.795554,21.037998,257
-86.862636,20.88216,257
-87.019328,20.381277,260
-89.024219,21.25091,258
-88.433005,18.599642,257
-87.428937,20.214231,258
-90.207825,20.858342,263
-86.993342,20.365103,260
-87.27278,20.453255,259
-89.671087,20.925006,258
-86.73201,21.221588,255
-88.183361,18.318056,259
-89.516328,21.068559,257
-86.736031,21.233062,255
-89.639244,21.029012,257
-89.801086,18.114325,251
-89.652332,21.08354,256
-89.484501,18.519226,246
-87.464132,20.246393,258
-86.82256,21.198937,255
-87.104568,20.662609,258
-89.089879,21.150677,259
-87.30547,20.409785,259
-88.260451,18.539178,260
-86.939152,20.531692,260
-88.20772,20.665224,253
-90.037695,21.163467,258
-89.643065,21.223052,255
-89.794693,21.154958,256
-87.271624,20.45438,259
-89.570602,20.81838,259
-87.429467,20.215081,258
-86.839904,21.142628,255
-86.955003,20.76342,258
-87.044643,20.663252,258
-89.342834,21.172641,256
-87.61132,20.078948,259
-89.658264,20.89921,259
-89.480988,18.408812,246
-89.621633,20.865307,259
-89.592943,21.06732,257
-89.61299,20.989765,258
-87.086811,20.650609,258
-89.540301,21.225434,255
-86.90011,20.848046,257
-87.486258,20.207375,259
-86.940713,20.389234,261
-88.296146,18.500189,259
-89.588357,20.952555,258
-87.14069,20.593855,258
-89.326288,20.206067,256
-89.031481,19.999847,258
-89.57841,20.947465,258
-86.991863,20.751029,258
-86.812593,21.024167,257
-87.077288,20.620042,259
-89.692222,21.015497,257
-89.264938,21.339575,256
-87.28505,21.544015,253
-89.770018,20.361437,263
-89.549763,18.617027,246
-87.089069,20.79527,256
-86.77952,21.060524,256
-89.584938,20.999302,258
-90.14005,20.863563,263
-89.499532,21.079305,257
-87.260086,20.49912,258
-86.780053,21.064445,256
-86.875534,20.847808,257
-86.919222,20.833568,257
-88.395505,18.668019,258
-87.335593,20.384286,258
-87.014673,20.715846,258
-87.004058,20.302667,261
-86.84039,20.987418,256
-89.64315,20.860739,259
-87.109086,20.588823,258
-86.777908,21.074075,256
-87.430397,20.213172,258
-87.636229,20.647304,254
-86.962933,20.749078,258
-88.158835,21.121442,254
-87.448551,20.215548,258
-87.333382,20.361878,258
-90.996808,18.327994,260
-88.415233,18.645332,258
-89.616775,21.099082,256
-88.980659,21.130872,259
-89.669811,21.161208,256
-87.073885,20.629559,258
-87.007901,20.429442,261
-87.018943,20.381332,260
-86.884611,20.493333,261
-86.955463,20.763611,258
-90.343755,20.972171,262
-88.383867,18.706075,258
-90.046137,21.162958,259
-88.319781,18.506209,259
-86.813614,21.026727,257
-89.387119,21.02243,258
-89.07138,20.206516,259
-89.29865,21.210804,256
-89.889147,18.363919,252
-87.707787,20.530142,255
-87.250062,20.490368,258
-87.0214,20.389022,260
-90.391747,20.859963,264
-87.429245,20.214538,258
-87.383771,20.279768,259
-86.886743,20.881258,257
-87.074203,20.704858,258
-86.851528,21.161908,255
-87.133276,20.588267,258
-89.519633,21.07307,257
-87.64959,21.268239,251
-88.867875,20.774377,261
-87.439794,19.861366,261
-90.95016,19.14763,261
-89.523511,21.146853,256
-87.287263,20.447783,259
-87.453012,20.163831,259
-87.01037,20.34873,261
-89.840973,21.249641,256
-89.393945,18.508245,246
-87.599442,20.091379,259
-89.582956,20.930478,258
-89.617359,20.869284,259
-86.760574,21.110603,256
-87.039047,20.662399,259
-87.430061,20.21596,258
-86.9055,20.34664,261
-89.713064,20.484915,262
-90.713468,19.358204,258
-88.566045,18.806918,256
-88.525956,20.041523,259
-87.710531,21.41384,252
-87.07148,20.872145,256
-88.446085,20.58829,257
-89.576272,20.949118,258
-87.0158,20.69897,258
-86.989432,20.273507,261
-89.586954,20.944365,258
-89.288625,21.322235,256
-87.347401,21.429994,252
-86.778881,21.071305,256
-87.152499,20.624416,258
-86.7817,21.052186,256
-89.81034,18.103438,251
-87.435052,20.211096,258
-88.925662,20.342376,260
-87.154599,21.171589,253
-87.632732,18.801138,262
-87.608879,21.46044,253
-87.84158,21.464773,253
-88.158835,21.121442,254
-86.966236,20.760811,258
-86.808953,21.177575,255
-89.609535,21.100261,256
-86.987624,20.272795,261
-87.464798,20.210197,258
-87.674629,21.51578,252
-90.039731,21.163037,258
-90.045549,21.163987,259
-87.4292,20.215288,258
-89.066873,20.888092,261
-87.444649,19.866831,261
-89.595278,21.149722,255
-87.017598,20.692679,258
-87.428912,20.214355,258
-89.531715,21.063132,257
-86.780134,21.06004,256
-86.876106,20.848249,257
-89.53614,20.94701,258
-87.726703,18.665205,263
-88.191937,20.771937,253
-87.429733,20.214338,258
-87.430511,20.214077,258
-89.267809,21.248287,257
-89.561111,20.752778,260
-87.086333,20.608928,258
-87.119272,20.58115,259
-88.012316,20.809505,253
-87.28913,20.441658,259
-89.570038,20.817452,259
-87.563697,20.340186,257
-89.76894,20.362007,263
-87.086839,20.650517,258
-89.771051,20.359878,263
-86.821658,21.201046,255
-86.736629,21.231331,255
-86.815853,21.147753,256
-88.303728,18.520322,259
-87.119239,20.58087,259
-89.624234,20.966471,258
-89.636315,20.998434,258
-87.061133,20.635805,258
-88.141518,20.892733,253
-88.303157,18.496598,259
-86.782863,21.161908,256
-90.37104,20.94403,263
-88.659393,18.293327,251
-89.328546,21.213645,256
-89.553957,21.048476,257
-87.305658,20.410625,259
-89.587645,20.395887,259
-89.24881,21.323919,256
-88.065489,20.830473,253
-89.639372,21.028648,257
-87.059706,20.695995,258
-86.982979,20.464535,261
-89.624907,21.267569,255
-88.445839,20.589062,257
-86.826513,21.138242,256
-89.274275,20.213537,257
-88.23517,19.003646,258
-86.859254,21.13296,255
-88.905539,21.363307,258
-88.809845,19.897132,260
-87.025367,20.686147,258
-86.863289,20.546876,261
-87.125878,20.585092,258
-88.145495,21.593784,254
-87.63431,20.647322,254
-86.947352,20.307675,261
-86.830573,20.971166,257
-89.551685,20.915172,258
-88.387235,18.692523,258
-89.818745,18.279297,250
-86.814026,21.262472,255
-89.813,18.249,249
-87.42917,20.215083,258
-89.451349,18.551516,245
-86.877263,20.979239,256
-86.82256,21.198937,255
-87.428933,20.216203,258
-89.283751,20.738659,260
-86.901834,20.86644,257
-88.809845,19.897132,260
-86.951288,20.770753,258
-86.842373,20.986886,256
-88.911716,20.793933,261
-90.363567,20.94193,263
-87.149017,20.618656,258
-88.446386,20.588073,257
-86.817055,21.147593,256
-89.89563,18.420255,253
-89.629873,20.968145,258
-87.237497,20.520682,258
-90.386161,19.488805,260
-87.084726,20.61343,258
-88.859444,19.930833,260
-87.73316,20.4979,256
-89.040091,18.243943,251
-87.061329,20.695779,258
-89.522972,20.097457,258
-88.589741,20.324969,259
-86.809873,21.161937,256
-89.625472,21.076589,257
-87.020216,20.355008,261
-90.047653,21.163925,259
-87.507361,20.269339,258
-89.574032,20.742818,260
-87.608607,20.573977,255
-88.319701,18.50787,259
-86.947352,20.307675,261
-89.416589,21.292502,256
-86.845734,21.086517,255
-89.168229,21.348905,257
-89.598153,21.091145,256
-86.781062,21.062349,256
-88.31563,18.544178,259
-88.388707,18.676793,258
-88.201835,20.68928,253
-89.637458,20.977826,258
-88.566637,20.676187,258
-86.874841,20.383811,261
-87.348218,20.339563,258
-89.738124,20.749437,261
-89.927738,18.582336,255
-88.568939,20.676403,258
-89.450498,18.551014,245
-89.980437,21.18248,258
-88.385017,18.70369,258
-89.37896,18.749891,247
-87.633973,20.646897,254
-88.135994,20.890712,253
-86.747345,21.261092,255
-87.33204,20.366847,259
-86.90656,21.180986,255
-86.99357,20.443722,261
-89.63401,20.99991,258
-87.456704,20.21351,258
-88.387329,18.693454,258
-89.654736,18.492704,249
-87.122658,20.83965,256
-89.522847,21.075168,257
-86.834778,21.133007,255
-87.338105,20.361075,258
-87.874832,18.25128,264
-86.778128,21.07206,256
-87.428749,20.216145,258
-87.134775,20.61675,258
-87.896033,21.586115,253
-88.447121,20.589596,257
-86.820982,21.145932,256
-89.622952,20.943519,258
-87.296838,20.429509,258
-86.962085,20.755395,258
-87.335,21.431767,252
-87.184718,20.530826,259
-87.287132,20.447176,259
-90.230566,19.597149,264
-88.126088,18.334635,260
-89.706765,21.123642,256
-89.553856,21.057043,257
-90.051185,20.446958,269
-86.845192,20.498284,260
-89.770108,20.361463,263
-86.960139,20.498418,261
-89.694085,21.270888,255
-88.445628,20.589187,257
-89.629872,20.968147,258
-89.416222,21.297742,256
-87.356865,20.317538,259
-89.354551,21.315189,256
-89.437661,18.429606,246
-86.855117,21.096222,255
-87.064373,20.659677,258
-86.901466,20.846172,257
-89.025401,20.927413,261
-88.449621,18.573521,256
-89.639232,21.028831,257
-88.570763,20.679997,258
-86.788095,21.472981,254
-87.019444,20.693803,258
-87.429145,20.213783,258
-87.030272,20.669447,258
-87.051377,20.679762,258
-87.333312,20.364587,259
-89.815467,20.835955,260
-89.518404,18.351267,246
-89.65864,21.160206,256
-88.319692,18.507549,259
-89.889602,18.475659,254
-88.38685,18.679623,258
-87.390572,20.324913,258
-89.643867,21.018968,257
-89.253301,21.203743,257
-86.99303,20.444131,261
-87.733067,20.491117,256
-89.620242,20.174789,260
-89.373809,21.330479,256
-87.379832,21.521897,252
-88.318834,18.506643,259
-87.738315,20.491933,256
-87.015778,20.6956,258
-88.809845,19.897132,260
-87.364172,20.350087,258
-87.12147,20.582652,259
-86.776558,21.078558,256
-87.068153,20.631617,258
-86.760612,21.110536,256
-86.822234,21.200253,255
-87.649584,21.453476,252
-86.857072,21.124739,255
-87.429087,20.21375,258
-86.974707,21.111587,254
-87.223916,20.50274,258
-87.223885,20.502783,258
-87.304411,20.373576,259
-87.445007,20.179996,259
-87.738133,20.488977,256
-88.237623,20.742343,253
-87.134775,20.61675,258
-87.499926,19.352814,261
-89.957196,21.193328,257
-86.898097,20.864839,257
-87.639343,19.850951,260
-86.837535,21.142634,255
-86.988201,20.272664,261
-87.087334,20.869896,256
-86.822633,21.150771,256
-89.230704,21.346234,257
-88.292146,20.699205,255
-89.629873,20.968145,258
-87.114998,20.584312,258
-87.0297,20.665956,259
-89.645846,21.01845,257
-88.24321,18.573574,260
-86.905011,20.546034,261
-86.856237,21.055302,256
-89.556208,21.305478,255
-87.01439,20.715013,258
-87.354387,20.388406,258
-86.822296,21.200171,255
-86.836955,21.144119,255
-89.639557,21.028108,257
-86.807118,21.204533,255
-86.954554,20.856203,257
-87.679235,21.511921,252
-87.35212,21.422187,252
-88.242352,18.601327,260
-89.810171,18.106474,251
-89.263604,21.3419,256
-90.214137,20.615312,267
-87.071068,20.629437,258
-90.375852,20.85509,264
-86.788422,21.472861,254
-86.856969,21.204001,255
-87.193576,21.210346,253
-86.845622,21.203436,255
-87.12019,20.581072,259
-89.70915,21.020736,258
-90.024487,21.166757,258
-89.578304,20.947263,258
-87.249988,20.490576,259
-89.518962,21.10873,256
-87.235825,20.518259,258
-88.124855,18.335316,261
-86.848409,21.205066,255
-88.320647,21.154075,255
-89.094338,20.709879,262
-88.124906,21.48417,254
-87.029652,20.66721,258
-87.022558,20.377082,260
-86.78167,21.070388,256
-89.597296,21.121455,256
-86.83921,21.143444,255
-88.562701,20.682826,258
-86.806192,21.244565,255
-86.856805,21.05424,256
-87.741134,18.538957,264
-89.243749,19.909758,255
-88.55665,18.020095,252
-87.634384,20.647146,254
-87.477071,19.808276,260
-88.157898,21.596482,254
-89.019165,20.017326,259
-89.260787,21.333981,256
-86.819978,21.148364,256
-86.971265,20.727683,258
-89.426054,21.319856,256
-88.149609,21.145469,254
-89.297596,20.744347,260
-86.822513,21.200797,255
-86.80448,21.243909,255
-87.428794,20.21508,258
-87.0188,20.37605,260
-86.945924,20.773944,258
-87.720529,20.494208,256
-89.871558,18.321582,252
-88.804062,19.930175,260
-87.429467,20.214881,258
-90.497018,19.77569,262
-86.846671,20.49424,260
-89.773418,21.224064,255
-87.589842,20.361584,256
-89.19445,21.213503,257
-89.55448,20.91673,258
-89.808544,18.114527,251
-88.706081,19.748611,259
-87.121017,20.579152,259
-86.954077,20.7633,258
-87.711206,20.309155,256
-86.969083,20.476732,261
-88.817225,18.441752,250
-87.03633,20.661705,259
-89.771269,20.359269,263
-86.93078,21.011397,255
-86.819992,21.178543,255
-88.809845,19.897132,260
-86.789133,21.472499,254
-88.235412,18.881611,258
-87.347131,20.397353,258
-86.917463,20.441449,261
-87.516702,20.866173,253
-87.913522,21.591892,253
-89.28237,18.811373,250
-87.72023,20.494781,256
-89.628519,21.091746,256
-87.074763,20.704863,258
-86.922643,20.408006,261
-89.597672,21.057282,257
-87.022505,20.369901,261
-89.856443,20.987098,259
-87.251018,20.486117,258
-89.295129,21.341948,256
-86.832502,21.120702,256
-87.091077,20.641771,258
-89.9052,19.764684,263
-89.583801,21.070683,257
-87.234822,20.514468,258
-87.045212,20.673321,258
-89.457421,20.253823,256
-89.610018,20.930853,258
-88.319428,18.506717,259
-89.629873,20.968145,258
-86.930326,20.858656,257
-89.810058,18.105817,251
-88.330378,18.523557,259
-86.752983,21.127188,256
-87.00505,20.29877,261
-87.593801,20.089664,259
-88.935356,21.088325,259
-87.021666,20.381542,260
-88.154776,20.59852,254
-87.997721,21.451449,253
-86.821892,21.199838,255
-87.215116,20.506497,258
-87.338871,20.363047,258
-86.846213,20.503912,261
-87.088011,20.673461,258
-88.806111,19.929764,260
-88.380761,20.759812,256
-89.622742,21.157899,255
-87.339688,20.367319,258
-86.778153,21.145253,256
-89.717286,20.64844,262
-89.41958,18.58894,245
-87.765556,18.422565,264
-87.458706,20.170216,259
-88.310938,21.004629,255
-88.788064,20.569351,260
-87.348478,20.338766,258
-87.733856,20.496872,256
-86.861402,21.207932,255
-88.169664,21.193413,254
-89.629873,20.968145,258
-89.554768,18.269492,245
-87.300572,20.448929,258
-88.664226,20.544677,259
-86.969153,20.477161,261
-87.648582,21.389978,252
-86.812355,21.177188,255
-88.296146,18.500189,259
-88.146881,18.353912,260
-88.325717,18.533608,259
-89.520409,18.44933,247
-89.066873,20.888092,261
-90.048324,21.158941,259
-88.978315,21.130605,259
-89.538417,18.222212,247
-87.429349,20.215061,258
-90.036724,21.168621,258
-88.303629,21.00715,255
-88.446051,20.589218,257
-86.788824,21.471958,254
-86.828513,21.135936,256
-87.583889,20.721944,253
-86.988128,20.272542,261
-89.633345,21.279362,255
-89.019033,20.016621,259
-89.630045,21.274917,255
-89.768383,20.359906,263
-86.748356,21.259875,255
-87.074002,20.704884,258
-89.484515,21.307344,256
-87.367635,21.531906,252
-88.630216,20.749306,259
-89.420526,21.236694,256
-89.769247,20.359637,263
-89.669444,21.161389,256
-87.428751,20.214585,258
-89.771012,20.361396,263
-87.304038,20.408897,259
-89.629873,20.968145,258
-89.64722,20.248862,260
-88.310938,21.004865,255
-89.768532,20.363417,263
-88.319042,18.506407,259
-90.568553,19.824578,262
-87.617956,20.662742,255
-89.61754,21.044537,257
-87.479107,20.145622,259
-87.997721,21.451449,253
-88.236206,21.565379,255
-87.42751,20.220113,258
-88.633116,21.110319,258
-86.778356,21.142829,256
-86.817859,21.144621,256
-86.811905,21.183772,255
-89.499532,21.079305,257
-88.22972,21.154786,254
-87.364065,20.350287,258
-89.603972,21.292982,255
-86.777393,21.145325,256
-87.191724,20.522412,259
-87.020793,20.37627,260
-88.159771,21.59673,254
-88.232274,18.609096,260
-86.956269,20.486412,260
-87.054589,20.647183,258
-86.887501,20.881596,257
-87.429601,20.215236,258
-86.905395,20.98903,256
-86.832687,20.983179,257
-88.322999,18.547413,259
-89.7714,20.359087,263
-88.247058,18.864382,258
-89.844548,21.249198,256
-89.689765,20.982491,258
-89.016854,21.358975,257
-86.851528,21.161886,255
-88.001412,19.601175,259
-86.897283,20.82572,258
-89.374131,20.736545,260
-88.445925,20.589007,257
-86.955345,20.76457,258
-89.519518,21.074998,257
-87.429308,20.214303,258
-86.811931,21.304626,255
-87.429269,20.212197,258
-88.182947,20.69262,253
-89.629873,20.968145,258
-88.316383,21.012826,255
-87.234785,20.514408,258
-86.814893,21.144956,256
-86.914442,21.177841,255
-88.318891,18.506773,259
-88.832122,18.475355,250
-89.288127,18.81121,250
-86.968865,20.476844,261
-89.476189,20.079029,257
-87.7381,20.48805,256
-86.823732,21.201375,255
-87.284408,20.460357,258
-89.619931,21.031404,257
-87.389337,21.51053,252
-87.231028,20.498284,259
-87.430937,20.214885,258
-89.647354,20.248364,260
-87.43119,20.212875,258
-87.316344,20.418153,258
-89.165983,18.831137,253
-89.632454,20.905875,259
-88.202889,20.752307,253
-86.829868,20.985608,257
-88.569224,20.684304,258
-86.969647,20.739231,258
-86.992164,20.441574,261
-87.634491,20.645903,254
-88.809845,19.897132,260
-88.197662,20.691808,253
-87.443787,20.185672,259
-86.875515,20.847854,257
-87.583889,20.721944,253
-87.07328,20.625307,258
-89.828219,21.234319,256
-86.847109,21.158382,255
-87.667443,21.514409,252
-88.169167,19.143056,259
-88.002164,19.606124,259
-88.809845,19.89728,260
-88.154876,20.990398,253
-86.838352,21.141844,255
-88.464269,20.433187,258
-87.402763,20.253863,259
-90.071317,19.436242,257
-86.816711,21.149629,256
-89.658634,20.976489,258
-88.14473,21.596956,254
-87.478677,19.960423,260
-88.174717,20.658128,253
-86.851981,21.055947,256
-88.2306,18.589715,260
-86.97911,20.280613,261
-88.954807,20.880045,261
-86.717915,21.208369,255
-88.809845,19.897132,260
-88.004318,21.4357,254
-87.115707,20.589197,258
-87.09473,20.602689,258
-87.119698,20.580913,259
-89.521467,18.876628,248
-89.925476,18.538458,254
-88.79587,18.421505,250
-87.193631,21.210376,253
-86.98944,20.27362,261
-87.085718,20.636932,258
-88.261791,20.660422,254
-87.342732,20.376665,258
-87.428974,20.215548,258
-88.454094,18.557701,256
-88.278805,18.742315,258
-86.969711,20.739147,258
-90.453164,20.703377,266
-87.348464,20.338775,258
-86.814797,21.269207,255
-86.901199,20.850302,257
-86.792679,21.386558,254
-88.987016,19.925356,259
-89.974659,21.18156,258
-88.29658,18.50352,259
-86.994842,20.4421,261
-89.549538,18.369589,246
-89.411479,21.136522,256
-89.810167,18.105456,251
-86.953728,20.337168,261
-89.96855,21.188318,258
-86.967606,20.737162,258
-89.499532,21.079305,257
-87.119698,20.580913,259
-86.969083,20.476794,261
-86.79331,21.036386,257
-89.170504,19.180865,256
-89.754296,18.374039,249
-89.634506,20.312225,260
-87.12168,20.578817,259
-89.771866,20.358749,263
-87.092886,20.62609,258
-87.429046,20.214513,258
-87.42896,20.215962,258
-89.583685,20.992061,258
-89.63446,20.937801,258
-88.445782,20.588989,257
-89.624458,20.976198,258
-87.344484,21.429638,252
-87.224328,20.509048,258
-88.455322,20.63144,257
-87.076696,20.630449,258
-87.336529,20.361896,258
-87.119698,20.580913,259
-89.621763,21.075908,257
-88.395639,18.667064,258
-88.23587,21.560128,255
-87.228338,20.515013,258
-90.364327,20.908565,263
-86.815796,21.300567,255
-87.428938,20.21658,258
-89.065353,18.2441,250
-87.329713,20.369193,259
-87.431808,20.215338,258
-89.612833,21.085824,256
-90.687636,19.639204,260
-89.19445,21.213503,257
-86.969319,20.477071,261
-89.592586,20.96737,258
-89.634292,21.0232,257
-86.875534,20.847808,257
-86.934395,20.539824,260
-89.618763,20.866413,259
-86.798333,21.17977,255
-89.769101,20.360875,263
-89.711362,20.595332,262
-86.769937,21.093667,256
-89.831886,21.002112,258
-87.318062,18.59987,264
-87.723683,18.672979,263
-89.515736,21.052211,257
-89.578333,20.170833,259
-87.429421,20.21495,258
-87.020523,20.381642,260
-89.54336,21.131305,256
-89.594866,21.091378,256
-88.39719,18.662092,258
-87.463542,20.17996,259
-89.653141,21.043303,257
-87.33363,21.562243,252
-90.300403,20.273151,268
-88.173066,21.187929,254
-86.958042,20.769379,258
-87.286667,20.443056,259
-87.341535,20.375877,258
-89.778224,18.365596,249
-87.260284,20.473406,258
-86.780427,21.03723,257
-86.841375,21.142097,255
-89.595349,21.091803,256
-89.842186,21.248686,256
-87.429193,20.214993,258
-86.786704,21.033125,257
-87.959364,21.437969,253
-87.736111,20.494764,256
-87.738512,20.494944,256
-88.105225,21.639833,254
-88.571067,20.678858,258
-87.762383,21.320402,252
-89.708451,21.020432,258
-87.085893,20.63623,258
-88.14536,21.593813,254
-87.303633,20.407747,259
-89.60117,21.023321,257
-88.169602,21.193594,254
-88.556361,18.028389,252
-86.838151,21.143383,255
-88.809845,19.89715,260
-86.814126,21.146226,256
-87.428737,20.214731,258
-89.640256,20.969462,258
-88.275862,20.645968,254
-86.963263,20.495954,261
-87.096594,20.604275,258
-89.842102,21.248689,256
-86.816196,21.146152,256
-87.379832,21.521897,252
-89.39962,21.003929,258
-86.814026,21.262472,255
-89.426485,21.314578,256
-87.38122,20.278518,259
-86.903411,20.845266,257
-89.24996,20.742862,261
-89.596488,21.058308,257
-88.494653,20.623615,257
-86.778465,21.07132,256
-87.152964,20.625982,258
-88.148011,21.540248,254
-86.809397,21.252025,255
-86.987718,20.27344,261
-87.380781,21.517635,252
-87.479024,20.203835,259
-88.806111,19.929764,260
-89.598192,21.090972,256
-87.560409,20.094984,259
-89.662187,21.18528,255
-87.087128,20.633178,258
-89.596635,21.148054,255
-89.624462,21.257292,255
-88.235348,18.609007,260
-86.733721,21.223881,255
-88.157898,21.596482,254
-89.688682,21.011107,257
-88.061031,19.222623,259
-90.370395,20.94491,263
-86.860928,21.182468,255
-89.493105,18.410957,246
-89.555549,18.743027,246
-87.315901,20.395974,259
-87.504926,20.368894,257
-89.647138,20.248039,260
-87.369848,20.325461,259
-87.486147,20.274088,258
-88.164474,20.599188,254
-87.064057,20.633535,258
-86.875603,21.147978,255
-87.811704,18.342041,264
-89.711535,21.020406,258
-87.973732,20.380678,256
-88.137731,18.359972,260
-88.158835,21.121442,254
-88.806143,19.929718,260
-86.950608,20.770613,258
-87.226112,20.500762,258
-89.284711,20.806582,260
-87.589026,20.112486,259
-90.048135,21.15939,259
-89.594071,21.033152,257
-87.198022,21.230456,253
-87.239123,20.494596,259
-89.326742,21.215694,256
-89.697135,20.918212,258
-89.602456,21.069883,257
-88.809845,19.897132,260
-86.866359,20.874721,258
-87.42903,20.216592,258
-88.812592,19.903652,260
-87.236239,20.494418,259
-89.52896,20.87245,259
-89.592586,20.96737,258
-89.095597,18.64071,251
-88.311043,21.004776,255
-87.132749,20.637426,258
-87.118173,20.580497,259
-87.159593,21.17573,253
-87.438228,20.213191,258
-89.286975,18.822166,250
-89.639936,21.124527,256
-87.347233,21.270863,251
-87.726415,20.489981,256
-89.592586,20.96737,258
-89.553003,21.047581,257
-86.902237,20.845346,257
-89.769967,20.361453,263
-89.762306,20.368581,263
-89.397387,18.51033,246
-88.135934,20.892294,253
-88.197647,20.691746,253
-86.988025,20.272379,261
-89.657403,20.464094,261
-86.942397,20.49696,260
-86.830179,21.116618,256
-86.758114,21.134992,256
-88.804395,19.930132,260
-87.560628,21.310637,251
-89.462859,18.394565,246
-86.913662,20.863865,257
-89.651538,21.278458,255
-89.652658,21.031626,257
-90.385436,20.853928,264
-87.175169,20.609077,257
-86.847851,21.204634,255
-88.559733,18.005695,252
-86.824151,21.20132,255
-89.327828,21.344102,256
-89.353545,21.283377,256
-86.991125,20.446886,261
-87.199008,21.210288,253
-89.692589,20.907057,259
-89.618747,20.868267,259
-86.822145,21.200522,255
-87.358766,20.314193,259
-87.006143,20.31621,261
-88.56855,20.683313,258
-86.813709,21.186424,255
-86.820778,21.143981,256
-89.538417,18.222212,247
-86.84644,20.500165,261
-86.814026,21.262472,255
-89.770044,20.359767,263
-89.351436,21.253147,256
-89.586736,20.944326,258
-89.616185,20.865354,259
-86.856998,20.405521,261
-87.113128,20.5822,259
-88.296146,18.500189,259
-86.835337,21.156168,255
-90.684546,19.626188,260
-86.847062,21.109297,255
-86.830867,20.967357,257
-88.15052,20.600008,254
-89.618248,21.097228,256
-89.767522,20.360249,263
-88.568309,20.679144,258
-88.809845,19.897132,260
-89.020028,20.0165,259
-87.429603,20.214195,258
-87.428995,20.214607,258
-88.809845,19.897132,260
-87.18175,20.61269,257
-87.104217,20.653506,258
-89.368694,18.621398,246
-87.134639,20.588892,258
-89.320221,21.277401,256
-87.087892,20.870096,256
-89.276798,18.836639,251
-87.119492,20.569058,259
-86.979262,20.280812,261
-87.430053,20.213956,258
-86.822761,21.198678,255
-87.671608,21.514984,252
-87.114211,20.582542,259
-86.842034,21.158605,255
-86.8777,20.848388,257
-89.612517,20.990029,258
-87.073885,20.629559,258
-87.44728,20.206678,259
-88.385735,18.69078,258
-88.122752,20.738278,253
-87.481712,20.007703,260
-89.299598,21.115467,257
-86.856278,21.102583,255
-89.412113,21.299276,256
-88.15323,20.598687,254
-88.809845,19.897132,260
-88.724921,19.759171,260
-86.845266,20.498439,260
-89.638107,21.037103,257
-87.731647,20.491004,256
-87.336838,20.362467,258
-86.794413,21.495356,254
-86.876361,20.849497,257
-88.142558,18.354812,260
-89.629873,20.968145,258
-89.544068,21.059916,257
-87.342992,20.377101,258
-90.687636,19.639204,260
-86.778623,21.071255,256
-88.597015,20.059618,259
-87.428904,20.214058,258
-88.296146,18.500189,259
-87.349604,20.338899,258
-87.7381,20.48805,256
-88.806143,19.929718,260
-87.150978,20.625637,258
-89.024704,20.00033,259
-87.792096,18.397737,264
-86.814443,21.14565,256
-87.675096,21.121998,251
-89.780426,21.131353,256
-87.025346,20.686213,258
-88.570396,20.679284,258
-87.429485,20.215165,258
-88.387201,18.693465,258
-89.583119,20.992073,257
-87.428658,20.214828,258
-88.570471,20.679455,258
-87.707428,21.234641,252
-88.567118,20.682568,258
-87.382133,20.29993,258
-87.191645,21.210232,253
-88.448169,20.590982,257
-88.896046,21.383953,258
-89.56691,21.093792,256
-88.567869,20.683251,258
-87.488145,20.274662,258
-89.577898,20.947361,258
-88.809845,19.897132,260
-87.726574,20.490119,256
-86.816711,21.145032,256
-89.659359,21.070445,257
-88.479138,19.181739,258
-86.81806,21.145012,256
-90.369817,19.894687,266
-90.370401,20.5342,267
-89.200836,18.838728,253
-89.586002,21.063885,257
-88.809845,19.897132,260
-87.433282,20.215822,258
-89.662534,21.083443,256
-89.56063,21.084895,256
-89.707448,21.015629,257
-89.637408,21.283462,255
-88.820454,20.552302,260
-86.945323,20.775589,258
-88.205585,20.723135,253
-89.64651,20.248145,260
-89.629873,20.968145,258
-89.589225,21.257769,255
-87.256897,20.491136,258
-89.644172,21.276548,255
-88.797783,20.56612,260
-87.429046,20.214513,258
-86.875534,20.847809,257
-86.81743,21.1432,256
-88.884629,18.467098,253
-87.212236,20.540906,258
-87.477436,19.807004,260
-89.564148,21.05335,257
-87.086533,20.650534,258
-89.487355,21.139988,256
-88.809845,19.897132,260
-89.60593,20.175635,260
-87.035218,20.66746,258
-88.282736,18.53668,260
-88.648669,19.929897,259
-86.974665,20.476485,261
-87.140244,20.620838,258
-89.591141,21.091958,256
-89.572048,21.253131,255
-87.227827,21.540459,252
-86.83703,21.143787,255
-89.446647,18.521872,246
-89.62279,21.076694,257
-87.30396,20.409507,259
-87.234683,20.494432,259
-87.681496,21.518337,252
-89.768724,20.360657,263
-89.844664,21.249815,256
-89.603993,20.971604,258
-89.335968,20.963628,258
-86.818085,21.14929,256
-87.029452,20.669019,258
-86.873864,20.853006,258
-88.241923,18.874011,258
-87.655785,21.184881,252
-90.496817,19.865149,264
-87.734388,20.495928,256
-87.721662,20.483243,256
-89.658411,21.076206,257
-88.135934,20.892294,253
-87.541575,20.0598,260
-88.136749,20.892342,253
-86.844941,20.882672,257
-87.228172,20.514427,258
-87.563664,20.339244,257
-86.817679,21.146722,256
-88.567584,20.679781,258
-87.430428,20.215212,258
-87.835833,18.271389,264
-89.225931,18.799809,251
-86.814026,21.262472,255
-88.172278,19.145684,259
-87.227517,20.500482,258
-87.037439,20.661003,259
-89.331826,19.109571,254
-89.297852,20.746454,260
-89.615837,21.055355,257
-87.379268,21.523317,252
-86.988328,20.272946,261
-86.815086,21.185198,255
-87.429101,20.215005,258
-88.154139,20.598218,254
-86.838566,20.993669,256
-89.577359,20.914975,258
-88.195754,21.182334,254
-86.824164,21.15535,256
-87.429825,20.216397,258
-88.819243,19.716259,260
-89.595619,21.091627,256
-87.080269,20.617588,259
-89.597018,21.280745,255
-87.022727,20.37926,260
-88.691082,19.978834,259
-86.946366,20.773504,258
-88.889228,18.460762,253
-88.234306,18.60797,260
-86.850463,20.901638,257
-88.585254,20.69628,259
-86.833148,20.983251,257
-89.446285,18.519922,246
-87.080467,20.640847,258
-87.083119,20.635591,258
-89.435045,20.719359,260
-89.661286,20.354718,260
-89.461287,20.978209,258
-87.46535,20.211419,258
-86.953827,20.763936,258
-89.603132,21.068827,257
-86.97911,20.280613,261
-88.287243,19.168258,257
-86.944624,20.50717,260
-89.793784,18.52078,252
-86.824789,21.201255,255
-90.707499,19.471825,259
-88.124894,18.335349,261
-90.375429,20.908989,263
-89.64932,21.237394,255
-88.387116,18.686854,258
-89.446638,18.521812,246
-87.920833,19.641667,259
-87.074818,20.704954,258
-88.388611,18.497821,256
-88.267561,20.661319,254
-89.426842,21.311447,256
-89.250782,21.26415,256
-86.798208,20.499694,261
-87.451563,20.167577,259
-86.987826,20.273283,261
-87.332192,20.366075,259
-87.726037,20.491193,256
-89.976423,21.180269,258
-88.569227,20.676338,258
-89.626738,20.631542,261
-89.65232,20.178174,260
-88.56814,20.682317,258
-89.595862,21.111009,256
-89.361463,21.183371,256
-86.720285,21.216215,255
-86.915646,20.863212,257
-87.287287,20.438322,259
-87.558829,19.899729,260
-86.900779,20.86455,257
-87.141769,20.621519,258
-90.366526,20.873704,264
-86.820117,21.151583,256
-87.109458,20.601641,258
-89.578715,20.947209,258
-87.432994,20.214143,258
-86.945264,20.511497,260
-89.653541,21.023011,257
-86.874327,20.854285,258
-87.073721,20.705225,258
-89.563533,21.183691,255
-89.601175,21.09904,256
-88.31932,18.507053,259
-86.836821,21.143541,255
-89.598251,21.09099,256
-89.247682,18.696346,248
-87.045079,20.672531,258
-87.358855,20.3201,259
-88.724568,19.759047,260
-86.851018,21.143924,255
-87.381745,20.278862,259
-87.435164,20.216677,258
-86.814026,21.262472,255
-89.594142,21.119418,256
-86.805954,21.201542,255
-87.47725,20.014486,260
-86.945099,20.507692,260
-87.253191,20.493291,258
-89.46038,20.629262,260
-86.808481,21.252633,255
-88.57,20.683055,258
-87.134775,20.61675,258
-86.794881,21.011923,257
-87.073289,20.685612,258
-89.320681,21.225888,256
-89.074144,21.103396,259
-86.845189,20.498348,260
-87.043848,20.675763,258
-87.692833,18.732763,263
-88.064256,20.408189,256
-87.013114,20.70087,258
-86.816196,21.14547,256
-86.817504,21.174025,255
-86.926755,20.859755,257
-89.61751,18.258749,245
-86.846879,21.082386,256
-88.806111,19.929764,260
-89.805723,18.237094,249
-89.456567,21.095406,257
-89.593658,21.091372,256
-89.446312,18.520503,246
-89.032579,19.999394,258
-86.961388,20.755556,258
-86.967306,20.741701,258
-90.047582,21.163138,259
-86.80718,21.162322,256
-87.235425,20.496305,259
-89.5473,21.055552,257
-88.712831,19.751699,260
-87.282212,20.447225,259
-89.554768,18.269492,245
-87.667011,20.88037,252
-87.500033,20.200422,259
-87.022763,20.673985,258
-86.861391,21.208949,255
-87.546466,20.057797,259
-87.736758,20.493353,256
-89.509253,18.03246,249
-90.048607,21.164024,259
-89.406259,18.510624,246
-88.181682,19.035702,258
-87.381834,20.292603,258
-86.960511,20.762938,258
-87.25291,20.485222,258
-87.735243,20.492401,256
-86.9823,20.278823,261
-90.440417,20.004694,266
-90.455222,20.111,267
-90.499944,20.500806,267
-90.435944,20.004861,266
-90.419806,20.571444,267
-90.435917,20.004833,266
-90.437278,20.546167,267
-90.436611,20.004944,266
-90.4955,20.34175,268
-90.455222,20.111,267
-90.45525,20.111806,267
-90.444528,20.547472,267
-90.437417,20.546194,267
-90.457722,20.111833,267
-90.455917,20.111861,267
-90.437194,20.004889,266
-90.443667,20.547333,267
-90.435917,20.004833,266
-90.499861,20.500611,267
-90.443667,20.547333,267
-90.329722,20.527278,268
-90.455361,20.111917,267
-90.435917,20.004833,266
-90.450611,20.002722,266
-90.495028,20.341556,268
-90.499861,20.500611,267
-90.444056,20.004833,266
-90.437194,20.004889,266
-90.495778,20.341722,268
-90.455194,20.111806,267
-90.437194,20.004889,266
-90.49575,20.341611,268
-90.45525,20.111806,267
-90.455222,20.111806,267
-90.439889,20.546694,267
-90.499861,20.500611,267
-90.443,20.547194,267
-90.45525,20.111806,267
-90.455222,20.111806,267
-90.420278,20.571444,267
-90.417583,20.570944,267
-90.436167,20.004917,266
-90.437417,20.546194,267
-90.437194,20.004889,266
-90.495778,20.341722,268
-90.495778,20.341722,268
-90.498556,20.499917,267
-90.457722,20.111833,267
-90.417667,20.571083,267
-90.435917,20.004833,266
-90.4405,20.546806,267
-90.499861,20.500611,267
-90.456778,20.1115,267
-90.495972,20.341639,268
-90.442861,20.004917,266
-90.45525,20.111806,267
-90.435917,20.004833,266
-90.443333,20.547278,267
-90.495778,20.340611,268
-90.445139,20.547583,267
-90.496083,20.340778,268
-90.428278,20.560222,267
-90.444917,20.547583,267
-90.439889,20.546472,267
-90.457111,20.111694,267
-90.45525,20.111806,267
-90.456194,20.111861,267
-90.417667,20.571083,267
-90.417667,20.571083,267
-90.419806,20.571444,267
-90.45525,20.111806,267
-90.499861,20.500611,267
-90.447278,20.547778,267
-90.495278,20.340917,268
-90.455417,20.109917,267
-90.499861,20.500611,267
-90.435944,20.004861,266
-90.499861,20.500611,267
-90.43675,20.005028,266
-90.496,20.341667,268
-88.4,18.2167,252
-89.03,18.42,251
-88.55,18.06,251
-88.5698544003965,20.6805883895921,258
-88.5698544003965,20.6805883895921,258
-88.5167,18.0167,251
-89.625381,21.031322,257
-87.020514,20.3822,260
-86.986625,20.453372,261
-88.318891,18.506773,259
-89.559075,20.323312,258
-86.789326,21.471591,254
-86.837191,21.144699,255
-86.901863,20.845088,257
-87.020923,20.375933,260
-89.717286,20.64844,262
-86.804283,21.244275,255
-88.809845,19.897132,260
-87.092218,20.607579,258
-87.0188,20.37605,260
-87.140985,20.597169,258
-87.316405,20.417818,258
-87.705935,21.206034,252
-86.747483,21.261045,255
-86.942771,20.764204,258
-86.947667,20.772725,258
-89.894857,18.535362,255
-87.0684,20.658938,258
-89.3541,21.313508,256
-87.730333,20.452326,256
-89.505229,18.517442,246
-88.235321,18.788017,259
-89.629286,20.893664,259
-87.086289,20.655345,258
-89.646377,21.089498,256
-89.556722,20.885868,258
-87.46535,20.211419,258
-87.428889,20.216389,258
-89.586952,20.982881,258
-86.846675,21.204621,255
-89.614649,20.864277,259
-89.278778,21.065676,258
-87.141713,20.621563,258
-87.021221,20.68251,258
-89.499532,21.079305,257
-87.021043,20.370232,261
-89.578541,20.947661,258
-89.629873,20.968145,258
-87.157023,20.547482,259
-89.618327,21.105639,256
-87.429414,20.214331,258
-87.316353,20.418189,258
-86.839009,21.139773,255
-87.219653,20.503689,258
-88.156097,21.123081,254
-89.95305,21.10787,258
-88.057769,21.576913,254
-86.779534,21.03321,257
-86.823803,21.009882,257
-86.816945,21.14564,256
-87.021332,20.375963,260
-86.830627,20.968495,257
-87.576828,20.712189,253
-87.235027,20.500439,258
-86.812377,21.151205,256
-87.634361,20.647302,254
-87.734845,20.490218,256
-86.808286,20.454764,261
-88.458863,18.572835,254
-86.825779,21.135652,256
-87.29834,20.46538,258
-87.428092,20.216167,258
-87.429763,20.216608,258
-87.087888,20.673468,258
-87.435207,20.212589,258
-88.081594,20.428579,255
-88.241923,18.874011,258
-87.719379,21.218901,252
-89.58922,20.984592,258
-89.400985,20.977345,258
-87.509766,20.893158,252
-89.632567,20.637403,261
-87.390974,21.508956,252
-86.779041,21.070883,256
-86.851528,21.161908,255
-89.603326,20.970783,258
-88.550402,20.70326,258
-86.901502,20.862601,257
-87.391672,20.338008,258
-88.057682,20.831708,253
-87.594561,21.182818,251
-89.620463,21.09526,256
-89.843928,21.248515,256
-89.629873,20.968145,258
-89.915829,20.957603,260
-87.312538,20.395653,259
-87.0943,20.60127,258
-89.870154,20.699468,263
-88.131637,18.347303,260
-87.30314,20.447509,258
-88.49014,18.765097,256
-86.913802,20.864583,257
-90.534909,19.830125,263
-87.250036,20.481943,258
-87.429113,20.216247,258
-87.430702,20.213493,258
-87.481883,20.00779,260
-87.943284,18.001592,266
-88.567783,20.684285,258
-87.439089,20.210316,258
-87.40677,20.324387,258
-89.64521,21.274825,255
-87.619428,20.662122,255
-89.563161,20.907964,258
-87.433662,20.213556,258
-86.823753,21.201715,255
-90.310522,19.001825,260
-87.235232,20.512427,258
-89.629872,20.968147,258
-87.435198,20.212604,258
-89.625061,20.972944,258
-86.956137,20.50204,260
-87.389791,21.503676,252
-89.717286,20.64844,262
-87.380296,20.28195,259
-87.38693,21.517318,252
-89.619247,20.867004,259
-89.689765,20.982491,258
-86.793328,21.150672,256
-89.788932,21.138764,256
-86.948894,20.768091,258
-88.305554,20.642332,255
-89.829131,18.528417,252
-90.647208,18.813217,260
-86.833503,20.435647,261
-87.87905,21.401468,253
-87.113128,20.5822,259
-88.811412,20.571786,260
-87.956633,21.457256,253
-89.768383,20.359906,263
-86.910969,21.052722,255
-87.481721,20.007401,260
-86.88279,20.841073,257
-88.809845,19.897132,260
-86.97902,20.280262,261
-87.44724,20.203042,259
-87.337543,20.362276,258
-88.186233,21.570564,255
-86.900999,20.864287,257
-87.405032,20.310825,258
-89.677922,21.118505,256
-87.463841,20.246578,258
-88.135366,20.892294,253
-88.132065,20.637653,253
-86.817618,21.147997,256
-88.550258,20.661233,258
-88.663276,20.541196,259
-89.024803,21.023245,260
-86.78853,21.145625,256
-87.286756,20.44207,259
-87.089894,20.613375,258
-87.21097,20.542444,257
-86.809229,21.253815,255
-87.456616,20.210414,258
-88.145508,21.593756,254
-86.910658,20.549067,261
-89.592586,20.96764,258
-86.874789,20.382872,261
-88.362397,18.722564,258
-86.762222,21.106825,256
-88.191775,20.702838,253
-86.930277,20.855625,257
-86.873205,21.105736,255
-87.69445,20.55943,255
-89.85898,18.315337,252
-89.334841,19.811969,258
-86.773726,21.081147,256
-87.073885,20.629559,258
-89.623133,21.076054,257
-86.835752,21.142441,255
-87.880167,19.66482,259
-89.553408,21.023108,257
-87.430194,20.215045,258
-88.56958,20.682695,258
-87.099087,20.627548,258
-88.844384,21.347016,258
-86.769281,21.139218,256
-87.943284,18.001592,266
-89.353809,21.313412,256
-87.120854,20.591437,258
-89.629128,20.933605,258
-87.009733,20.868976,256
-89.624662,21.267121,255
-89.575861,20.795887,259
-87.704547,18.73125,263
-88.167365,21.197001,254
-87.221427,20.501471,258
-89.459226,18.388126,246
-86.753892,21.123436,256
-88.675575,18.841245,254
-87.353991,20.342588,258
-89.652405,21.083578,256
-86.779636,21.070847,256
-86.945069,21.112,255
-90.755729,19.305372,258
-87.262932,20.476521,258
-87.342387,20.369846,258
-87.379797,20.30166,258
-86.956245,20.766562,258
-89.549904,18.617291,246
-89.689391,20.983586,258
-87.692833,18.732763,263
-89.658223,20.898016,259
-86.988577,20.273012,261
-87.02802,20.669453,258
-90.181767,20.140264,269
-89.627393,20.969351,258
-90.667645,19.723026,262
-86.967705,20.488333,261
-89.629872,20.968147,258
-87.430949,20.213665,258
-86.803532,21.166567,256
-86.983917,20.463457,261
-89.19618,20.738841,261
-86.922343,20.422984,261
-89.538417,18.222212,247
-87.159408,21.175728,253
-87.429167,20.215945,258
-90.050468,20.370856,270
-88.015111,20.966912,253
-88.163213,21.607036,254
-89.426749,21.313221,256
-87.259101,20.493419,258
-89.624672,21.018272,257
-86.875534,20.847808,257
-86.898953,20.849544,257
-87.134775,20.61675,258
-88.127786,21.610334,254
-89.65357,21.285067,255
-89.483229,18.400626,246
-86.960295,20.480914,261
-87.649089,20.161528,258
-86.841398,21.157656,255
-88.149609,21.145469,254
-88.589666,20.692755,259
-86.979228,20.280802,261
-89.665438,21.056805,257
-89.811484,18.10633,251
-88.197346,20.691638,253
-88.796593,18.42254,250
-89.736044,21.12502,256
-86.853888,21.207234,255
-87.298074,20.429511,258
-86.846424,20.500522,261
-87.314545,20.397378,259
-87.080704,20.877384,256
-86.956449,20.410534,261
-87.835154,18.281103,264
-87.429276,20.214329,258
-89.65654,20.768147,260
-87.429424,20.213626,258
-89.432045,18.453138,246
-88.723919,20.599486,260
-87.47728,20.014406,260
-86.969083,20.476732,261
-86.822197,21.008958,257
-89.644356,20.295535,260
-87.428503,20.214665,258
-87.480897,20.207656,259
-88.084497,20.476631,255
-89.563318,21.039177,257
-89.618562,21.044279,257
-87.428942,20.214603,258
-89.892497,18.365513,252
-88.044096,19.580334,259
-87.350375,20.348202,258
-89.663996,21.159969,256
-86.778992,21.070864,256
-88.571115,20.679065,258
-89.276515,21.162646,257
-86.87839,20.844549,257
-86.961394,20.498611,261
-90.301553,19.612303,262
-88.246746,21.52278,255
-87.731337,20.45824,256
-89.369773,18.510322,246
-89.605491,20.952808,258
-88.157898,21.596482,254
-87.084827,20.637806,258
-86.789305,21.145261,256
-90.3165922209772,19.0123614191516,260
-88.5698544003965,20.6805883895921,258
-88.5698544003965,20.6805883895921,258
-89.025111,20.00056,259
-89.629873,20.968145,258
-86.896878,20.348808,261
-86.814562,21.175595,255
-86.840983,20.430947,261
-87.42936,20.215139,258
-86.810833,21.410319,254
-89.621675,20.971479,258
-90.055145,21.161528,259
-89.300401,18.997084,253
-89.629873,20.968145,258
-89.611538,21.033567,257
-88.319428,18.507368,259
-86.841769,21.157597,255
-89.049587,20.071595,259
-89.770808,20.361095,263
-89.295032,20.76018,259
-90.533089,19.81523,263
-87.021721,20.37612,260
-88.296146,18.500189,259
-89.808356,21.167437,256
-86.940338,20.852597,257
-89.426286,21.317722,256
-86.951897,20.763642,258
-90.486672,19.800444,263
-87.078308,20.667283,258
-89.639372,21.028648,257
-86.90382,20.34735,261
-87.083125,20.635571,258
-89.614588,21.156631,255
-89.770563,20.359582,263
-86.910908,21.179043,255
-86.832526,20.983279,257
-89.624344,20.974641,258
-88.554527,18.07223,251
-87.738315,20.491933,256
-89.767574,20.360581,263
-89.315673,21.244754,256
-89.286357,20.204526,256
-87.013839,20.713567,258
-86.944624,20.50717,260
-86.949403,20.510483,260
-89.768384,20.359953,263
-88.311975,18.548745,259
-88.164073,20.599402,254
-87.034317,20.666875,258
-86.821495,21.200747,255
-89.399575,21.003887,258
-87.033707,20.664024,259
-87.305181,20.409131,259
-89.753059,18.521163,249
-86.886238,20.541453,261
-88.063623,21.59666,254
-88.567853,20.680262,258
-89.499207,21.07853,257
-88.139732,20.892514,253
-89.717286,20.64844,262
-87.251772,20.488756,258
-88.568309,20.679144,258
-87.431065,20.214775,258
-86.836824,21.143016,255
-87.429511,20.214981,258
-88.809845,19.89728,260
-86.96118,20.766578,258
-86.894525,20.874792,257
-90.376915,20.856903,264
-88.064984,20.423109,255
-89.368801,18.815042,247
-87.428955,20.216274,258
-87.4143,20.239395,259
-87.429434,20.214369,258
-88.299214,18.492892,259
-87.536419,20.065392,260
-88.516904,20.565472,258
-89.150556,19.183444,256
-86.859455,20.976905,256
-87.342244,20.377528,258
-89.676496,21.120567,256
-87.725036,20.492139,256
-89.635593,20.938028,258
-89.65292,21.271331,255
-89.564599,20.919778,258
-88.809845,19.89728,260
-86.8776,21.337175,254
-88.479138,19.181739,258
-89.629873,20.968145,258
-88.146224,20.892866,253
-87.447462,20.215915,258
-87.377689,20.269887,259
-87.145886,20.619213,258
-88.541187,20.675635,257
-86.948977,20.507104,260
-89.315942,21.202043,256
-87.430507,20.213709,258
-89.635719,20.99969,258
-88.089893,21.601264,254
-89.617794,20.868761,259
-86.922729,21.016834,255
-87.633133,20.644993,254
-88.569972,20.683866,258
-87.405678,21.456908,252
-87.335898,21.430032,252
-89.592586,20.96764,258
-88.235275,18.867696,258
-87.305855,20.410277,259
-86.851678,21.089633,255
-86.851528,21.161908,255
-87.095302,20.627183,258
-89.8498,18.305342,252
-86.969083,20.476732,261
-89.614774,21.101189,256
-89.778926,20.669607,262
-86.845097,20.499483,260
-86.823385,21.093527,256
-89.734987,20.988622,258
-89.552466,20.310875,258
-87.065484,20.634759,258
-87.429269,20.214815,258
-88.888542,18.469288,253
-86.899607,20.841638,257
-89.639496,20.890236,259
-88.173952,19.038266,258
-86.796297,21.392264,254
-89.601517,21.041386,257
-87.01442,20.698488,258
-86.793141,21.122655,256
-89.666745,20.873032,259
-89.556111,20.0875,259
-89.484158,18.51947,246
-89.627131,21.094171,256
-89.426065,21.319726,256
-89.632843,21.278524,255
-86.789217,21.471859,254
-87.422571,20.240533,258
-87.498444,20.188557,259
-90.720024,19.347165,258
-89.087282,20.035057,255
-86.981407,20.467256,261
-86.989129,20.272643,261
-86.957832,21.043242,255
-87.038485,20.660757,259
-89.902042,18.362818,252
-87.733393,20.490683,256
-86.84559,20.496452,260
-87.429544,20.215224,258
-87.294272,20.427573,258
-87.835833,18.271389,264
-88.399201,18.659658,258
-88.55,18.06,251
-88.4,18.2167,252
-88.5698544003965,20.6805883895921,258
-86.788345,21.033037,257
-86.82256,21.198937,255
-86.974625,20.476563,261
-87.14125,20.621128,258
-88.79,18.419167,252
-87.051058,20.679976,258
-86.875534,20.847808,257
-90.487646,19.843902,264
-87.085887,20.669047,258
-87.014839,20.6989,258
-89.805978,21.256202,255
-88.307376,18.787768,258
-86.958145,20.769664,258
-88.062808,21.59615,254
-89.539667,20.078,257
-87.228217,20.514967,258
-87.46569,20.209928,258
-89.756058,20.877056,259
-87.134775,20.61675,258
-87.07338,20.701928,258
-88.33847,18.502763,258
-88.479138,19.181739,258
-86.786041,21.066624,256
-87.070427,20.635033,258
-88.161531,20.411249,256
-88.138289,20.59591,254
-87.405789,21.456869,252
-86.969179,20.47678,261
-88.296146,18.500183,259
-89.499564,21.079335,257
-87.302743,20.423572,258
-87.343723,20.341294,258
-89.717286,20.64844,262
-87.735071,20.472709,256
-87.258296,20.491778,258
-87.142195,20.607398,258
-89.524867,18.620936,246
-89.780914,21.130842,256
-86.922343,20.422984,261
-87.4293,20.214917,258
-87.067993,20.633676,258
-88.89067,18.461697,253
-86.823717,21.162408,256
-86.814026,21.262472,255
-87.704384,18.721776,263
-87.246855,20.491017,259
-87.318044,18.600512,264
-87.11419,20.588225,258
-89.369466,18.809265,247
-90.706727,19.730183,262
-88.318967,18.507612,259
-87.609563,20.07732,259
-86.851898,21.089909,255
-89.628173,21.030212,257
-87.026713,20.697864,258
-87.126913,20.672203,257
-89.3114,18.93793,253
-87.110247,20.66534,258
-90.04938,21.163078,259
-89.740271,20.988603,258
-88.568177,20.682664,258
-88.157898,21.596482,254
-87.021332,20.375963,260
-89.712994,21.005076,258
-87.737914,20.491828,256
-86.858394,21.209513,255
-87.337472,20.3635,258
-88.706081,19.748611,259
-87.629378,21.355258,251
-86.958167,20.769249,258
-89.324249,20.207091,256
-86.800593,21.512924,254
-89.629872,20.968147,258
-87.477112,19.800239,260
-86.806351,21.16867,255
-88.136349,20.889968,253
-89.461024,20.811128,259
-88.240455,20.675455,253
-90.231111,19.597778,264
-86.776037,21.073558,256
-89.855867,21.159801,257
-88.154676,20.598955,254
-86.830555,20.966579,257
-89.56125,20.816621,259
-89.842823,21.247968,256
-90.035094,21.16422,258
-90.469567,19.827694,263
-89.419294,18.588621,245
-87.051381,20.649809,258
-86.753309,21.13512,256
-86.842434,20.98998,256
-89.82805,21.215292,256
-87.021828,20.376889,260
-88.156126,21.597225,254
-87.022778,20.369444,261
-88.153007,20.60011,254
-87.3581,20.319847,259
-86.865436,20.875154,257
-86.894796,20.858651,257
-88.26332,18.621495,259
-89.578595,20.947321,258
-87.350829,20.346786,258
-87.151703,20.601525,258
-89.588557,21.26569,255
-86.823799,21.201285,255
-86.973349,20.771768,258
-86.973701,20.739485,258
-89.633365,21.279406,255
-88.730105,20.744762,260
-89.424237,21.325046,256
-89.549658,18.270597,245
-87.342618,20.371879,258
-89.714874,20.34726,262
-90.850663,19.226829,260
-87.676659,21.27117,251
-89.621548,20.947647,258
-87.078904,20.635241,258
-89.549763,18.617027,246
-89.395613,18.503675,246
-87.205833,20.522926,259
-87.352724,20.342374,258
-86.927231,20.487076,260
-88.568588,20.683299,258
-86.916046,20.810586,258
-89.665439,21.056648,257
-89.621238,21.09337,256
-88.872528,21.361333,258
-86.836901,21.144679,255
-89.417778,18.593333,245
-88.809845,19.897132,260
-87.061754,20.701407,258
-87.095288,20.914477,255
-90.024487,21.166757,258
-89.369154,21.146848,256
-87.429131,20.214615,258
-86.986311,20.457489,261
-86.93788,20.508749,260
-86.890541,20.830826,258
-87.331712,20.366833,259
-86.984219,20.278574,261
-88.266283,20.66045,254
-89.71408,20.467598,262
-89.598939,18.532494,249
-86.85094,21.050846,256
-87.249987,20.490576,259
-88.809845,19.897132,260
-89.640169,20.969287,258
-87.390953,20.324869,258
-87.210983,21.210067,252
-88.585186,20.72461,259
-87.357959,20.319058,259
-88.569406,20.684028,258
-87.23911,21.1913,252
-90.522604,19.811537,263
-88.88537,18.443372,251
-86.818771,21.145259,256
-89.263604,21.3419,256
-89.012693,20.840718,261
-86.987977,20.27282,261
-86.902947,20.844047,257
-86.78827,21.143603,256
-88.13673,21.442344,254
-87.305531,20.408689,259
-87.068,21.052,254
-87.433333,20.283333,258
-89.446,18.318,247
-89.258,20.883,259
-90.611,19.316667,259
-90.733333,19.316667,258
-90.377,19.942,266
-89.342,18.5,247
-89.398,18.481,247
-87.42909,20.214417,258
-89.597115,21.021709,257
-88.5665242877703,20.667259000295,258
-88.5665242877703,20.667259000295,258
-88.5665242877703,20.667259000295,258
-88.5665245298334,20.767254477058,258
-88.2965126355325,18.507359777222,259
-88.0198386330179,19.6206381378221,259
-89.6165503899067,20.9672431600576,258
-90.40212,20.85066,264
-86.93867,20.52878,260
-90.39697,20.85912,264
-90.402072,20.858675,264
-86.85797,20.40413,261
-88.5665242877703,20.667259000295,258
-88.38333,18.38333,253
-88.38333,18.38697,253
-87.4798271561857,20.2706093249299,258
-90.402072,20.858675,264
-86.93867,20.52878,260
-90.40212,20.85066,264
-86.93867,20.52878,260
-86.99194,20.44566,261
-89.6165503899067,20.9672431600576,258
-88.5665242877703,20.667259000295,258
-88.5665242877703,20.667259000295,258
-86.8998138372397,20.5605972720362,261
-89.6165503899067,20.9672431600576,258
-90.40212,20.85066,264
-86.93867,20.52878,260
-90.402072,20.858675,264
-86.99194,20.44566,261
-88.5665242877703,20.667259000295,258
-88.5665242877703,20.667259000295,258
-88.5665242877703,20.667259000295,258
-88.5665242877703,20.667259000295,258
-88.5665242877703,20.667259000295,258
-88.5665242877703,20.667259000295,258
-87.7165050545306,21.2172360325023,252
-86.9798155421289,20.460601662238,261
-87.419617,20.240425,258
-90.40212,20.85066,264
-86.93867,20.52878,260
-90.39697,20.85912,264
-86.93867,20.52878,260
-87.55169,19.13672,262
-86.80735,21.1805,255
-89.45125,18.21492,248
-90.8,19.266667,259
-90.71068,19.3451,258
-86.836613,20.443982,261
-89.45119,18.21505,248
-86.965482,20.491363,261
-86.78554,21.46744,254
-87.55221,19.1195,261
-88.36788,18.5215,258
-86.78694,21.46565,254
-89.45051,18.21588,248
-87.553458,19.122882,261
-86.80417,21.16611,256
-87.835203,18.282823,264
-87.53015,19.22824,262
-86.92647,20.54017,260
-87.83306,18.29814,264
-89.45144,18.2144,248
-89.45168,18.21373,248
-86.73776,21.24199,255
-86.81111,21.18094,255
-87.55255,19.17998,262
-87.7229,18.68525,263
-86.80814,21.18056,255
-86.971847,20.287928,261
-87.55265,19.16188,262
-89.45157,18.21369,248
-86.89293,20.84189,257
-86.80753,21.1807,255
-86.80759,21.18056,255
-88.36822,18.52069,258
-86.73919,21.24572,255
-87.553263,19.094829,261
-87.55257,19.10621,261
-87.553172,19.090349,261
-86.895984,20.827811,258
-87.54214,19.19486,262
-86.89294,20.83242,258
-88.36794,18.52305,258
-86.80986,21.22341,255
-86.78743,21.47812,254
-86.89506,20.84042,257
-86.89506,20.84073,257
-87.72318,18.68443,263
-86.78571,21.47071,254
-89.45169,18.2143,248
-86.980215,20.281902,261
-86.74108,21.24617,255
-87.835228,18.282072,264
-89.45131,18.21498,248
-87.715926,18.70006,263
-87.49235,19.27728,262
-86.79335,21.49896,254
-89.45035,18.2163,248
-86.89293,20.84303,257
-87.56325,19.07924,262
-87.7187,18.69759,263
-86.80835,21.1806,255
-87.76355,18.45039,264
-87.716589,18.699081,263
-86.89631,20.84008,257
-87.83394,18.29225,264
-86.74342,21.25028,255
-89.45056,18.21604,248
-86.79838,21.5096,254
-89.4516,18.21383,248
-89.45036,18.2164,248
-87.835523,18.280791,264
-87.48236,19.30008,262
-88.36694,18.52275,258
-86.811,21.18156,255
-86.84088,20.43811,261
-89.45034,18.21611,248
-87.33946,18.58735,264
-86.80722,21.1805,255
-86.78821,21.46325,254
-87.72268,18.69233,263
-86.80746,21.18075,255
-86.888522,20.370002,261
-87.51679,19.25483,262
-87.4632,19.32053,262
-89.45038,18.21601,248
-86.84308,20.43484,261
-86.92,20.54867,261
-87.55227,19.12392,261
-87.552377,19.089637,261
-87.55224,19.18629,262
-87.72337,18.69084,263
-86.79228,21.47966,254
-87.53441,19.21933,262
-86.89547,20.8405,257
-86.89573,20.84029,257
-86.78664,21.46154,254
-86.80733,21.1805,255
-86.78769,21.46933,254
-87.72308,18.68479,263
-86.90352,20.82799,258
-87.55257,19.11017,261
-86.8078,21.18056,255
-87.5248,19.24814,262
-87.55234,19.14902,262
-86.84065,20.43803,261
-86.78899,21.47473,254
-87.55219,19.0877,261
-86.80806,21.18056,255
-86.974,20.46898,261
-90.996197,19.116003,262
-86.952965,20.302965,261
-88.36824,18.52043,258
-87.716729,18.698127,263
-87.84333,18.26667,264
-86.980289,20.453618,261
-89.45045,18.21596,248
-86.90364,20.82785,258
-86.812,21.18156,255
-86.995462,20.27529,261
-86.81667,21.18333,255
-88.36836,18.52126,258
-86.80724,21.1805,255
-87.72254,18.6856,263
-86.89515,20.84032,257
-87.552328,19.101581,261
-87.55276,19.17243,262
-89.45044,18.21641,248
-86.84536,20.4277,261
-88.36763,18.52094,258
-86.89473,20.84141,257
-88.36732,18.52141,258
-87.50015,19.26377,262
-86.80796,21.18065,255
-86.92782,20.54098,260
-86.8942,20.84142,257
-87.552289,19.122188,261
-87.71667,18.71667,262
-87.83533,18.281402,264
-86.946562,20.491937,260
-86.8586,20.54722,261
-87.55279,19.0865,261
-87.72308,18.69525,263
-87.48488,19.29688,262
-89.0198658795098,20.930576131873,261
-88.70278,20.517857,259
-87.095336,20.60797,258
-87.388997,20.368373,258
-87.14918,20.967005,254
-86.961955,20.494887,261
-89.276389,20.211944,257
-89.549763,18.617027,246
-86.817935,21.144551,256
-87.305753,20.409783,259
-89.547965,21.019162,257
-89.523002,21.075025,257
-89.561111,20.752778,260
-86.97933,20.28012,261
-87.13473,20.588833,258
-86.778788,21.071221,256
-87.429257,20.213117,258
-86.882801,20.850328,257
-88.451998,18.85791,257
-87.200192,20.694064,257
-88.127687,21.501974,254
-87.430986,20.150666,259
-90.397205,20.859304,264
-87.235708,20.490085,259
-88.123323,20.403821,256
-88.45085,19.352215,258
-87.42942,20.215128,258
-87.337462,20.367598,258
-87.036915,20.662429,259
-87.246622,20.482545,259
-89.330609,21.296021,256
-87.435207,20.212589,258
-87.071663,20.632778,258
-89.585952,20.866511,259
-86.823527,21.019621,257
-87.14844,20.624679,258
-89.282282,21.130706,257
-89.629718,21.090683,256
-89.46579,18.516726,246
-89.506063,20.930839,258
-89.577114,20.734254,260
-87.309419,20.40255,259
-87.33586,21.429992,252
-86.932461,21.152329,255
-86.852841,21.08611,255
-87.590661,20.109289,259
-89.578924,20.947321,258
-89.242801,21.102613,258
-86.922343,20.422984,261
-88.136516,19.84103,259
-88.175394,18.203931,258
-89.559442,20.999961,257
-86.892727,20.958552,256
-89.292927,18.816683,248
-86.816873,21.144738,256
-89.770618,20.359582,263
-86.766044,21.102394,256
-86.778404,21.071245,256
-87.693171,18.7332,263
-89.638827,21.028891,257
-86.951683,20.493719,260
-89.036567,19.995977,258
-87.084085,20.611222,258
-88.086699,21.594846,254
-87.151423,20.62579,258
-89.456875,21.095386,257
-87.430681,20.213565,258
-89.659839,20.89859,259
-86.761976,21.131427,256
-87.446214,20.21033,258
-87.372859,21.528462,252
-86.77292,21.088433,256
-88.809845,19.897132,260
-89.665163,21.281191,255
-88.337762,18.525571,258
-87.46236,20.240911,258
-87.027616,20.699402,258
-86.988472,20.273437,261
-86.959861,20.759241,258
-88.569808,20.67804,258
-88.311018,18.496057,259
-88.301355,18.521583,259
-88.458428,20.618887,257
-89.833441,21.029839,258
-89.61751,18.258749,245
-89.578541,20.947661,258
-87.590302,20.299007,257
-86.95983,20.475203,261
-89.770421,20.361078,263
-87.428955,20.216274,258
-89.327843,21.213963,256
-88.006476,21.447455,254
-87.353991,20.342588,258
-88.81143,18.431167,250
-86.809382,21.255116,255
-86.859765,20.976762,256
-86.948508,20.769867,258
-88.571503,20.680965,258
-88.8119,18.4305,250
-87.616713,20.662549,255
-87.997721,21.451449,253
-89.556145,21.055392,257
-88.225,19.288889,258
-87.670605,21.513721,252
-90.004489,21.1714,258
-87.7305,18.62615,263
-87.611923,20.08158,259
-87.151849,20.626168,258
-87.635415,20.64532,254
-87.429357,20.214835,258
-89.856624,18.315873,252
-86.859328,21.204001,255
-87.321572,20.388587,259
-87.065556,20.639444,258
-89.654299,21.042247,257
-87.431432,20.205473,259
-88.774727,19.87817,260
-87.305402,20.41098,259
-87.40321,20.25154,259
-88.417588,20.600988,257
-86.867559,20.909413,257
-86.817727,21.144492,256
-87.286699,21.530842,252
-89.629873,20.968145,258
-87.145327,20.619381,258
-87.379936,21.523435,252
-88.075572,21.595223,254
-86.834321,21.189809,255
-86.878197,21.147872,255
-89.663501,21.032516,257
-87.381667,20.279048,259
-87.430906,20.208144,259
-89.394053,21.193082,256
-89.461128,20.630069,260
-87.429101,20.215005,258
-86.814892,21.290865,255
-87.708025,18.715715,263
-86.94191,20.523503,260
-88.269038,20.646694,254
-87.059437,20.695538,258
-89.527207,18.042585,248
-87.023127,20.377675,260
-87.012003,20.7153,258
-89.614983,21.037728,257
-87.428697,20.21457,258
-87.015756,20.699213,258
-89.659221,20.896486,259
-86.870876,21.190823,255
-87.329458,20.370419,259
-89.446049,18.521731,246
-89.548466,20.913829,258
-89.41691,18.59303,245
-86.965258,20.460177,261
-87.667493,21.514676,252
-90.686957,19.639855,260
-87.094125,20.600395,258
-89.778482,21.129387,256
-86.83657,21.14365,255
-86.987853,20.272213,261
-88.150456,20.59812,254
-87.317108,20.395422,259
-88.569741,20.684211,258
-87.184718,20.530826,259
-89.767205,20.360072,263
-87.086789,20.650574,258
-87.032309,20.681158,258
-86.815424,21.146372,256
-88.473599,20.556717,257
-88.806111,19.929764,260
-88.370268,18.6988,258
-89.426346,21.316139,256
-89.456887,18.669817,246
-87.088514,20.684035,258
-90.384049,20.857248,264
-87.020452,20.382177,260
-88.685506,19.979026,259
-88.903924,21.368412,258
-86.736997,21.238265,255
-90.620683,19.581919,259
-87.409993,20.368522,258
-86.846847,21.04908,256
-89.0722,20.206877,259
-87.364103,20.350245,258
-87.055456,20.864819,256
-87.46535,20.211419,258
-88.444008,20.591153,257
-88.127687,21.501974,254
-87.254562,20.556589,257
-87.066354,20.632654,258
-87.286438,20.443497,259
-89.77026,20.36143,263
-87.378305,21.525984,252
-90.027391,20.435813,268
-86.944624,20.50717,260
-90.405132,20.849612,264
-87.12987,20.966971,254
-86.782081,21.038448,257
-88.149609,21.145469,254
-87.349742,20.333286,259
-87.316522,18.592619,264
-88.158883,20.604557,254
-87.191817,21.210387,253
-89.569036,20.168492,259
-88.806111,19.929764,260
-89.890523,18.365034,252
-90.047577,21.163127,259
-87.23603,20.494573,259
-88.149609,21.145585,254
-87.017532,20.69551,258
-87.8998387469625,20.9005798665419,253
-86.9175941066673,20.4892104831943,260
-86.8164802107079,21.183902321723,255
-88.5884658933057,20.6986435324331,259
-90.8899064188612,19.1906517158513,261
-86.9148139424346,20.445602474422,261
-86.790831258006,21.4853999245442,254
-87.5998314309265,20.8705818352661,252
-88.5898549315416,20.7005874414853,259
-86.7464816839092,21.2588961036674,255
-89.6498818764524,21.2338911376887,255
-87.8998387469625,20.9005798665419,253
-90.7332359969525,19.3173131713949,258
-88.5884658933057,20.6986435324331,259
-88.5884658933057,20.6986435324331,259
-88.8165303617979,20.6839177069462,261
-86.9175941066673,20.4892104831943,260
-90.7999044638093,19.2673153469614,259
-86.9831451897736,20.2672804792572,261
-90.8899064188612,19.1906517158513,261
-87.8998387469625,20.9005798665419,253
-87.4681583045637,20.8939110513887,253
-89.5598790543113,20.9805726881562,257
-88.1098394984869,19.0706636016926,259
-86.9298160551977,21.2305670122884,254
-88.4498520742555,20.917247961252,256
-86.9175941066673,20.4892104831943,260
-88.166516180207,21.3172306374004,254
-86.8164802107079,21.183902321723,255
-88.5884658933057,20.6986435324331,259
-88.5898549315416,20.7005874414853,259
-89.2832026689283,21.1005679195127,257
-87.8998387469625,20.9005798665419,253
-88.5898549315416,20.7005874414853,259
-88.5884658933057,20.6986435324331,259
-86.7464816839092,21.2588961036674,255
-87.8998387469625,20.9005798665419,253
-87.8998387469625,20.9005798665419,253
-89.9598861464143,19.9806172478983,265
-86.9498144618273,20.3006090216138,261
-86.7464816839092,21.2588961036674,255
-86.9175941066673,20.4892104831943,260
-87.5998314309265,20.8705818352661,252
-88.5898549315416,20.7005874414853,259
-88.166516180207,21.3172306374004,254
-86.7464816839092,21.2588961036674,255
-86.933147097722,20.3172752930741,261
-87.8998387469625,20.9005798665419,253
-88.5898549315416,20.7005874414853,259
-87.5998314309265,20.8705818352661,252
-88.5898549315416,20.7005874414853,259
-89.3165440625652,21.3338874207059,256
-87.8998387469625,20.9005798665419,253
-88.5884658933057,20.6986435324331,259
-89.2665428101639,21.31722827356,256
-86.7464816839092,21.2588961036674,255
-87.8998387469625,20.9005798665419,253
-88.5884658933057,20.6986435324331,259
-89.2665426845115,21.2672305034214,256
-87.8998387469625,20.9005798665419,253
-88.5884658933057,20.6986435324331,259
-86.7464816839092,21.2588961036674,255
-89.5598790543113,20.9805726881562,257
-87.8998387469625,20.9005798665419,253
-87.8998387469625,20.9005798665419,253
-86.7464816839092,21.2588961036674,255
-90.8899064188612,19.1906517158513,261
-87.8998387469625,20.9005798665419,253
-87.8998387469625,20.9005798665419,253
-86.8831460050727,20.3672731089792,261
-89.9598861464143,19.9806172478983,265
-87.5998314309265,20.8705818352661,252
-89.2832027945028,21.1505656804875,257
-89.5598790543113,20.9805726881562,257
-88.5884658933057,20.6986435324331,259
-87.4681583045637,20.8939110513887,253
-88.166516180207,21.3172306374004,254
-88.1665168949905,21.617217311624,254
-88.1498462923311,21.5338810381906,254
-88.5884658933057,20.6986435324331,259
-88.1498464511192,21.6005480841936,254
-86.8164802107079,21.183902321723,255
-87.8998387469625,20.9005798665419,253
-86.933147097722,20.3172752930741,261
-87.8998387469625,20.9005798665419,253
-88.5898549315416,20.7005874414853,259
-89.2665426845115,21.2672305034214,256
-88.5884658933057,20.6986435324331,259
-87.0098176540934,21.0805735737168,254
-88.8098602171471,20.6905874195216,261
-88.5884658933057,20.6986435324331,259
-87.8998387469625,20.9005798665419,253
-86.7464816839092,21.2588961036674,255
-89.8165493256663,19.8339573307505,262
-87.6665029947474,20.8505826009155,252
-86.7464816839092,21.2588961036674,255
-86.9831453389372,20.3339374324624,260
-86.7464816839092,21.2588961036674,255
-86.7464816839092,21.2588961036674,255
-86.8164802107079,21.183902321723,255
-88.166516180207,21.3172306374004,254
-88.166516180207,21.3172306374004,254
-88.166516180207,21.3172306374004,254
-90.7332359969525,19.3173131713949,258
-87.8998387469625,20.9005798665419,253
-86.9831451897736,20.2672804792572,261
-88.5884658933057,20.6986435324331,259
-89.2665426845115,21.2672305034214,256
-88.7331892419638,19.8172945106421,260
-86.7464816839092,21.2588961036674,255
-86.7464816839092,21.2588961036674,255
-88.5884658933057,20.6986435324331,259
-88.8165303617979,20.6839177069462,261
-86.9175941066673,20.4892104831943,260
-87.5998314309265,20.8705818352661,252
-89.6398813449339,21.1205662282965,256
-88.5884658933057,20.6986435324331,259
-87.5998314309265,20.8705818352661,252
-89.6398813449339,21.1205662282965,256
-88.166516180207,21.3172306374004,254
-87.0831483844378,20.6172643351452,259
-87.5998314309265,20.8705818352661,252
-88.5898549315416,20.7005874414853,259
-88.5898549315416,20.7005874414853,259
-87.4681583045637,20.8939110513887,253
-89.2832026689283,21.1005679195127,257
-88.5884658933057,20.6986435324331,259
-88.5898549315416,20.7005874414853,259
-87.8998387469625,20.9005798665419,253
-88.5884658933057,20.6986435324331,259
-86.7464816839092,21.2588961036674,255
-88.5884658933057,20.6986435324331,259
-86.8164802107079,21.183902321723,255
-86.7464816839092,21.2588961036674,255
-86.7464816839092,21.2588961036674,255
-87.6665029947474,20.8505826009155,252
-88.8165303617979,20.6839177069462,261
-88.5884658933057,20.6986435324331,259
-86.8831460050727,20.3672731089792,261
-90.4698947516439,18.5706818864236,259
-87.8998387469625,20.9005798665419,253
-87.8998387469625,20.9005798665419,253
-88.5884658933057,20.6986435324331,259
-87.4681583045637,20.8939110513887,253
-88.5884658933057,20.6986435324331,259
-89.2665426845115,21.2672305034214,256
-86.7464816839092,21.2588961036674,255
-88.5898549315416,20.7005874414853,259
-88.166516180207,21.3172306374004,254
-89.2665428101639,21.31722827356,256
-88.5884658933057,20.6986435324331,259
-88.1498464511192,21.6005480841936,254
-89.2665426845115,21.2672305034214,256
-88.5884658933057,20.6986435324331,259
-88.5898549315416,20.7005874414853,259
-87.8998387469625,20.9005798665419,253
-87.8998387469625,20.9005798665419,253
-87.8998387469625,20.9005798665419,253
-88.5884658933057,20.6986435324331,259
-87.5998314309265,20.8705818352661,252
-87.8998387469625,20.9005798665419,253
-88.166516180207,21.3172306374004,254
-88.5898549315416,20.7005874414853,259
-88.1398459944623,21.5105520939151,254
-87.5998314309265,20.8705818352661,252
-88.5884658933057,20.6986435324331,259
-88.5884658933057,20.6986435324331,259
-88.166516180207,21.3172306374004,254
-86.9175941066673,20.4892104831943,260
-87.8998387469625,20.9005798665419,253
-86.9498144618273,20.3006090216138,261
-87.8998387469625,20.9005798665419,253
-86.9175941066673,20.4892104831943,260
-89.6165503899067,20.9672431600576,258
-86.7464816839092,21.2588961036674,255
-88.1998456136011,20.7405864610783,253
-88.5884658933057,20.6986435324331,259
-88.5898549315416,20.7005874414853,259
-88.5884658933057,20.6986435324331,259
-87.8998387469625,20.9005798665419,253
-86.8831460050727,20.3672731089792,261
-88.5884658933057,20.6986435324331,259
-90.7999044638093,19.2673153469614,259
-86.9175941066673,20.4892104831943,260
-86.7464816839092,21.2588961036674,255
-88.166516180207,21.3172306374004,254
-88.5884658933057,20.6986435324331,259
-89.2665428101639,21.31722827356,256
-86.9498144618273,20.3006090216138,261
-86.9175941066673,20.4892104831943,260
-87.5998314309265,20.8705818352661,252
-87.8998387469625,20.9005798665419,253
-87.8998387469625,20.9005798665419,253
-86.933147097722,20.3172752930741,261
-86.7464816839092,21.2588961036674,255
-90.5248993736218,19.8428422841635,264
-88.5884658933057,20.6986435324331,259
-88.5884658933057,20.6986435324331,259
-87.5998314309265,20.8705818352661,252
-86.7464816839092,21.2588961036674,255
-89.9598861464143,19.9806172478983,265
-86.9831453389372,20.3339374324624,260
-87.8998387469625,20.9005798665419,253
-87.8998387469625,20.9005798665419,253
-88.5898549315416,20.7005874414853,259
-88.5884658933057,20.6986435324331,259
-89.6498818764524,21.2338911376887,255
-88.5898549315416,20.7005874414853,259
-90.8899064188612,19.1906517158513,261
-86.7464816839092,21.2588961036674,255
-88.5884658933057,20.6986435324331,259
-88.5898549315416,20.7005874414853,259
-89.6398813449339,21.1205662282965,256
-86.790831258006,21.4853999245442,254
-88.5884658933057,20.6986435324331,259
-87.8998387469625,20.9005798665419,253
-88.5884658933057,20.6986435324331,259
-88.5665212876906,20.6672560004373,258
-86.7464816839092,21.2588961036674,255
-86.933147097722,20.3172752930741,261
-87.5998314309265,20.8705818352661,252
-86.9831453389372,20.3339374324624,260
-87.0831483844378,20.6172643351452,259
-89.2665426845115,21.2672305034214,256
-86.933147097722,20.3172752930741,261
-90.8099029831826,18.6106791912578,260
-86.9175941066673,20.4892104831943,260
-88.8165303617979,20.6839177069462,261
-88.5898549315416,20.7005874414853,259
-90.7399017266824,18.7706717984,260
-87.8998387469625,20.9005798665419,253
-89.6165503899067,20.9672431600576,258
-88.8165303617979,20.6839177069462,261
-86.7464816839092,21.2588961036674,255
-90.7332359969525,19.3173131713949,258
-87.8998387469625,20.9005798665419,253
-88.5884658933057,20.6986435324331,259
-88.5884658933057,20.6986435324331,259
-88.5898549315416,20.7005874414853,259
-88.1665168155031,21.5838787875837,254
-87.8998387469625,20.9005798665419,253
-88.166516180207,21.3172306374004,254
-86.7464816839092,21.2588961036674,255
-87.8998387469625,20.9005798665419,253
-87.4681583045637,20.8939110513887,253
-88.166516180207,21.3172306374004,254
-89.9598861464143,19.9806172478983,265
-87.8998387469625,20.9005798665419,253
-86.7464816839092,21.2588961036674,255
-90.8899064188612,19.1906517158513,261
-88.166516180207,21.3172306374004,254
-87.5998314309265,20.8705818352661,252
-88.166516180207,21.3172306374004,254
-90.8899064188612,19.1906517158513,261
-86.7464816839092,21.2588961036674,255
-87.8998387469625,20.9005798665419,253
-89.6498818764524,21.2338911376887,255
-87.8998387469625,20.9005798665419,253
-86.790831258006,21.4853999245442,254
-86.7464816839092,21.2588961036674,255
-88.5884658933057,20.6986435324331,259
-88.5898549315416,20.7005874414853,259
-88.5698544003965,20.6805883895921,258
-89.2665428101639,21.31722827356,256
-89.5598790543113,20.9805726881562,257
-87.5998314309265,20.8705818352661,252
-87.8998387469625,20.9005798665419,253
-86.9175941066673,20.4892104831943,260
-88.1665168949905,21.617217311624,254
-90.2998939862615,19.850622450385,266
-86.7464816839092,21.2588961036674,255
-88.5884658933057,20.6986435324331,259
-87.8998387469625,20.9005798665419,253
-87.8998387469625,20.9005798665419,253
-88.5898549315416,20.7005874414853,259
-86.9498144618273,20.3006090216138,261
-88.5884658933057,20.6986435324331,259
-87.8998387469625,20.9005798665419,253
-86.9298160551977,21.2305670122884,254
-89.5598790543113,20.9805726881562,257
-86.8198132839063,21.1805694644304,255
-89.6165503899067,20.9672431600576,258
-88.5884658933057,20.6986435324331,259
-88.166516180207,21.3172306374004,254
-87.5998314309265,20.8705818352661,252
-87.5998314309265,20.8705818352661,252
-86.7464816839092,21.2588961036674,255
-88.166516180207,21.3172306374004,254
-88.5884658933057,20.6986435324331,259
-89.6398813449339,21.1205662282965,256
-89.2832026689283,21.1005679195127,257
-86.7464816839092,21.2588961036674,255
-88.7331892419638,19.8172945106421,260
-86.9498144618273,20.3006090216138,261
-86.7464816839092,21.2588961036674,255
-86.9831453389372,20.3339374324624,260
-86.7464816839092,21.2588961036674,255
-88.5884658933057,20.6986435324331,259
-89.2832026689283,21.1005679195127,257
-86.8164802107079,21.183902321723,255
-86.7464816839092,21.2588961036674,255
-86.7464816839092,21.2588961036674,255
-89.2665428101639,21.31722827356,256
-87.8998387469625,20.9005798665419,253
-86.9164837336449,20.3339375649558,261
-88.1331758487063,21.5172218118796,254
-87.8998387469625,20.9005798665419,253
-88.1665168949905,21.617217311624,254
-88.166516180207,21.3172306374004,254
-86.8898133734933,20.4606018406744,261
-88.1998455184662,20.7005882704896,253
-86.9148139424346,20.445602474422,261
-88.5898549315416,20.7005874414853,259
-88.166516180207,21.3172306374004,254
-86.9175941066673,20.4892104831943,260
-88.5884658933057,20.6986435324331,259
-88.5884658933057,20.6986435324331,259
-87.8998387469625,20.9005798665419,253
-87.8998387469625,20.9005798665419,253
-90.2165577796343,19.383977273512,262
-88.5884658933057,20.6986435324331,259
-88.7331892419638,19.8172945106421,260
-89.266542600756,21.233891991828,257
-86.7464816839092,21.2588961036674,255
-87.8998387469625,20.9005798665419,253
-87.8998387469625,20.9005798665419,253
-88.5884658933057,20.6986435324331,259
-87.4681583045637,20.8939110513887,253
-88.166516180207,21.3172306374004,254
-86.8831460050727,20.3672731089792,261
-87.8998387469625,20.9005798665419,253
-89.6498818764524,21.2338911376887,255
-88.1998429479253,19.6173049112142,258
-86.9175941066673,20.4892104831943,260
-88.8698600484443,20.03061738765,259
-86.7464816839092,21.2588961036674,255
-86.7464816839092,21.2588961036674,255
-89.5598790543113,20.9805726881562,257
-86.7464816839092,21.2588961036674,255
-87.8998387469625,20.9005798665419,253
-86.790831258006,21.4853999245442,254
-87.5998314309265,20.8705818352661,252
-88.5884658933057,20.6986435324331,259
-87.8998387469625,20.9005798665419,253
-87.5998314309265,20.8705818352661,252
-88.5884658933057,20.6986435324331,259
-86.8164802107079,21.183902321723,255
-87.8998387469625,20.9005798665419,253
-88.5884658933057,20.6986435324331,259
-86.7464816839092,21.2588961036674,255
-87.8998387469625,20.9005798665419,253
-88.166516180207,21.3172306374004,254
-86.9498144618273,20.3006090216138,261
-87.5998314309265,20.8705818352661,252
-88.166516180207,21.3172306374004,254
-86.933147097722,20.3172752930741,261
-88.166516180207,21.3172306374004,254
-87.8998387469625,20.9005798665419,253
-87.8998387469625,20.9005798665419,253
-88.5884658933057,20.6986435324331,259
-87.8998387469625,20.9005798665419,253
-86.7464816839092,21.2588961036674,255
-88.5884658933057,20.6986435324331,259
-87.8998387469625,20.9005798665419,253
-88.5884658933057,20.6986435324331,259
-89.6498750132402,18.5173533061971,251
-88.5884658933057,20.6986435324331,259
-86.9831451897736,20.2672804792572,261
-86.8164802107079,21.183902321723,255
-88.133176007321,21.5838788570565,254
-86.7464816839092,21.2588961036674,255
-87.8998387469625,20.9005798665419,253
-89.2665428101639,21.31722827356,256
-87.8998387469625,20.9005798665419,253
-87.8998387469625,20.9005798665419,253
-86.9498144618273,20.3006090216138,261
-87.8998387469625,20.9005798665419,253
-86.7464816839092,21.2588961036674,255
-86.9175941066673,20.4892104831943,260
-88.5884658933057,20.6986435324331,259
-89.2665426426308,21.2505612474714,256
-88.166516180207,21.3172306374004,254
-86.9498144618273,20.3006090216138,261
-86.9831451897736,20.2672804792572,261
-87.8998387469625,20.9005798665419,253
-88.5884658933057,20.6986435324331,259
-87.8998387469625,20.9005798665419,253
-87.5998314309265,20.8705818352661,252
-87.8998387469625,20.9005798665419,253
-87.8998387469625,20.9005798665419,253
-86.7464816839092,21.2588961036674,255
-87.4681583045637,20.8939110513887,253
-89.5598790543113,20.9805726881562,257
-88.7331892419638,19.8172945106421,260
-88.8165303617979,20.6839177069462,261
-88.5884658933057,20.6986435324331,259
-88.5898549315416,20.7005874414853,259
-88.5884658933057,20.6986435324331,259
-87.8998387469625,20.9005798665419,253
-87.8998387469625,20.9005798665419,253
-88.1331758487063,21.5172218118796,254
-88.1998455184662,20.7005882704896,253
-87.4681583045637,20.8939110513887,253
-88.166516180207,21.3172306374004,254
-89.2665428101639,21.31722827356,256
-87.8998387469625,20.9005798665419,253
-89.2832026689283,21.1005679195127,257
-86.8831460050727,20.3672731089792,261
-88.5884658933057,20.6986435324331,259
-88.5898549315416,20.7005874414853,259
-86.7464816839092,21.2588961036674,255
-88.166516180207,21.3172306374004,254
-88.166516180207,21.3172306374004,254
-87.5998314309265,20.8705818352661,252
-86.809813042119,21.1805694839328,255
-88.166516180207,21.3172306374004,254
-86.7464816839092,21.2588961036674,255
-88.8098602171471,20.6905874195216,261
-89.2665426845115,21.2672305034214,256
-87.8998387469625,20.9005798665419,253
-86.7464816839092,21.2588961036674,255
-88.5884658933057,20.6986435324331,259
-88.5884658933057,20.6986435324331,259
-86.7464816839092,21.2588961036674,255
-88.166516180207,21.3172306374004,254
-86.8831460050727,20.3672731089792,261
-88.7331892419638,19.8172945106421,260
-87.5998314309265,20.8705818352661,252
-88.166516180207,21.3172306374004,254
-86.790831258006,21.4853999245442,254
-88.5884658933057,20.6986435324331,259
-89.2832027945028,21.1505656804875,257
-88.5884658933057,20.6986435324331,259
-86.8164802107079,21.183902321723,255
-87.8998387469625,20.9005798665419,253
-87.3664959025396,20.9172502052748,253
-86.8998136367271,20.4706013655288,261
-86.8164802107079,21.183902321723,255
-88.7331892015198,19.8006282802164,260
-88.5884658933057,20.6986435324331,259
-90.8899064188612,19.1906517158513,261
-87.5998314309265,20.8705818352661,252
-87.5998314309265,20.8705818352661,252
-88.5898549315416,20.7005874414853,259
-87.8998387469625,20.9005798665419,253
-86.7464816839092,21.2588961036674,255
-87.4681583045637,20.8939110513887,253
-88.8165303617979,20.6839177069462,261
-88.166516180207,21.3172306374004,254
-86.790831258006,21.4853999245442,254
-88.1498464511192,21.6005480841936,254
-88.5898549315416,20.7005874414853,259
-86.7464816839092,21.2588961036674,255
-86.7464816839092,21.2588961036674,255
-86.9498144618273,20.3006090216138,261
-87.4681583045637,20.8939110513887,253
-86.7464816839092,21.2588961036674,255
-87.8998387469625,20.9005798665419,253
-90.7999044638093,19.2673153469614,259
-86.7464816839092,21.2588961036674,255
-87.8998387469625,20.9005798665419,253
-86.790831258006,21.4853999245442,254
-86.7464816839092,21.2588961036674,255
-89.2665428101639,21.31722827356,256
-90.8099029831826,18.6106791912578,260
-88.5884658933057,20.6986435324331,259
-88.5884658933057,20.6986435324331,259
-88.5884658933057,20.6986435324331,259
-88.5884658933057,20.6986435324331,259
-87.8998387469625,20.9005798665419,253
-86.9298160551977,21.2305670122884,254
-86.9498144618273,20.3006090216138,261
-86.9175941066673,20.4892104831943,260
-86.9175941066673,20.4892104831943,260
-86.9164837336449,20.3339375649558,261
-87.8998387469625,20.9005798665419,253
-88.166516180207,21.3172306374004,254
-88.0998395413298,19.1906580005644,258
-87.5998314309265,20.8705818352661,252
-86.7464816839092,21.2588961036674,255
-88.1398459944623,21.5105520939151,254
-88.5884658933057,20.6986435324331,259
-88.5898549315416,20.7005874414853,259
-86.7464816839092,21.2588961036674,255
-88.2498417642142,18.6106849809444,260
-88.1498464511192,21.6005480841936,254
-87.8998387469625,20.9005798665419,253
-88.5884658933057,20.6986435324331,259
-88.5884658933057,20.6986435324331,259
-87.8998387469625,20.9005798665419,253
-90.8099029831826,18.6106791912578,260
-90.8099029831826,18.6106791912578,260
-89.9598861464143,19.9806172478983,265
-86.7464816839092,21.2588961036674,255
-89.6498818764524,21.2338911376887,255
-88.166516180207,21.3172306374004,254
-86.7464816839092,21.2588961036674,255
-87.5998314309265,20.8705818352661,252
-88.5898549315416,20.7005874414853,259
-87.8998387469625,20.9005798665419,253
-87.8998387469625,20.9005798665419,253
-88.5898549315416,20.7005874414853,259
-86.7464816839092,21.2588961036674,255
-86.7464816839092,21.2588961036674,255
-88.1498464511192,21.6005480841936,254
-89.6498818764524,21.2338911376887,255
-87.0831483844378,20.6172643351452,259
-88.1498464511192,21.6005480841936,254
-87.8998387469625,20.9005798665419,253
-87.5998314309265,20.8705818352661,252
-86.9175941066673,20.4892104831943,260
-89.6332111325811,21.1005671391565,256
-88.5884658933057,20.6986435324331,259
-88.5898549315416,20.7005874414853,259
-86.9175941066673,20.4892104831943,260
-88.5884658933057,20.6986435324331,259
-87.8998387469625,20.9005798665419,253
-88.5898549315416,20.7005874414853,259
-88.5884658933057,20.6986435324331,259
-86.9298160551977,21.2305670122884,254
-90.5248993736218,19.8428422841635,264
-86.7464816839092,21.2588961036674,255
-89.6165503899067,20.9672431600576,258
-88.5884658933057,20.6986435324331,259
-88.133176007321,21.5838788570565,254
-88.166516180207,21.3172306374004,254
-89.6498750132402,18.5173533061971,251
-86.7464816839092,21.2588961036674,255
-86.8164802107079,21.183902321723,255
-88.5898549315416,20.7005874414853,259
-86.933147097722,20.3172752930741,261
-86.9831453389372,20.3339374324624,260
-88.5898549315416,20.7005874414853,259
-87.8998387469625,20.9005798665419,253
-87.4681583045637,20.8939110513887,253
-89.2665426845115,21.2672305034214,256
-86.933147097722,20.3172752930741,261
-88.8165303617979,20.6839177069462,261
-89.0898658855508,20.2506068222736,259
-88.1998455184662,20.7005882704896,253
-86.7464816839092,21.2588961036674,255
-88.5884658933057,20.6986435324331,259
-88.5884658933057,20.6986435324331,259
-86.9175941066673,20.4892104831943,260
-88.0998395413298,19.1906580005644,258
-86.7464816839092,21.2588961036674,255
-88.5884658933057,20.6986435324331,259
-87.4681583045637,20.8939110513887,253
-86.9175941066673,20.4892104831943,260
-86.9175941066673,20.4892104831943,260
-86.7464816839092,21.2588961036674,255
-86.9148139424346,20.445602474422,261
-88.5884658933057,20.6986435324331,259
-86.9175941066673,20.4892104831943,260
-86.9331452134975,20.8172555794303,257
-88.5884658933057,20.6986435324331,259
-87.8998387469625,20.9005798665419,253
-88.5884658933057,20.6986435324331,259
-86.7464816839092,21.2588961036674,255
-89.2665428101639,21.31722827356,256
-86.9831453389372,20.3339374324624,260
-88.166516180207,21.3172306374004,254
-86.9175941066673,20.4892104831943,260
-88.166516180207,21.3172306374004,254
-86.9175941066673,20.4892104831943,260
-87.8998387469625,20.9005798665419,253
-87.8998387469625,20.9005798665419,253
-88.166516180207,21.3172306374004,254
-88.166516180207,21.3172306374004,254
-88.5884658933057,20.6986435324331,259
-86.7464816839092,21.2588961036674,255
-88.5884658933057,20.6986435324331,259
-88.6498576778446,21.2338933335084,258
-88.5898549315416,20.7005874414853,259
-86.8898133734933,20.4606018406744,261
-89.2665428101639,21.31722827356,256
-87.8998387469625,20.9005798665419,253
-87.4681583045637,20.8939110513887,253
-90.9099068453272,19.1706526037841,261
-88.5898549315416,20.7005874414853,259
-88.1331758487063,21.5172218118796,254
-86.9175941066673,20.4892104831943,260
-87.8998387469625,20.9005798665419,253
-88.5884658933057,20.6986435324331,259
-87.8998387469625,20.9005798665419,253
-86.9175941066673,20.4892104831943,260
-86.9175941066673,20.4892104831943,260
-88.5884658933057,20.6986435324331,259
-88.9831946310085,20.7839128232429,262
-88.133176007321,21.5838788570565,254
-88.5884658933057,20.6986435324331,259
-88.6598573754751,21.0105733155826,258
-86.7464816839092,21.2588961036674,255
-88.5884658933057,20.6986435324331,259
-88.166516180207,21.3172306374004,254
-88.5884658933057,20.6986435324331,259
-87.8998387469625,20.9005798665419,253
-86.9175941066673,20.4892104831943,260
-86.8998136367271,20.4706013655288,261
-87.4681583045637,20.8939110513887,253
-88.5884658933057,20.6986435324331,259
-88.5884658933057,20.6986435324331,259
-86.9148139424346,20.445602474422,261
-88.5884658933057,20.6986435324331,259
-87.4681583045637,20.8939110513887,253
-86.7464816839092,21.2588961036674,255
-87.8998387469625,20.9005798665419,253
-88.5884658933057,20.6986435324331,259
-88.5665212876906,20.6672560004373,258
-88.5698544003965,20.6805883895921,258
-89.6164652199122,21.2934035568932,255
-86.9175941066673,20.4892104831943,260
-87.4681583045637,20.8939110513887,253
-88.5884658933057,20.6986435324331,259
-87.4681583045637,20.8939110513887,253
-88.5884658933057,20.6986435324331,259
-88.5884658933057,20.6986435324331,259
-88.5884658933057,20.6986435324331,259
-89.5598790543113,20.9805726881562,257
-87.8998387469625,20.9005798665419,253
-87.8998387469625,20.9005798665419,253
-87.8998387469625,20.9005798665419,253
-88.5898549315416,20.7005874414853,259
-88.5884658933057,20.6986435324331,259
-88.5884658933057,20.6986435324331,259
-88.5884658933057,20.6986435324331,259
-88.5884658933057,20.6986435324331,259
-88.5898549315416,20.7005874414853,259
-88.5884658933057,20.6986435324331,259
-86.7464816839092,21.2588961036674,255
-86.9175941066673,20.4892104831943,260
-86.7464816839092,21.2588961036674,255
-86.933147097722,20.3172752930741,261
-89.6498750132402,18.5173533061971,251
-88.166516180207,21.3172306374004,254
-88.5898549315416,20.7005874414853,259
-86.9175941066673,20.4892104831943,260
-86.9175941066673,20.4892104831943,260
-88.166516180207,21.3172306374004,254
-86.9175941066673,20.4892104831943,260
-88.166516180207,21.3172306374004,254
-88.039838901768,19.5306422733621,259
-87.8998387469625,20.9005798665419,253
-86.9148139424346,20.445602474422,261
-87.8998387469625,20.9005798665419,253
-87.5998314309265,20.8705818352661,252
-88.5884658933057,20.6986435324331,259
-87.4681583045637,20.8939110513887,253
-90.7399017266824,18.7706717984,260
-87.8998387469625,20.9005798665419,253
-86.7464816839092,21.2588961036674,255
-88.5898549315416,20.7005874414853,259
-87.8998387469625,20.9005798665419,253
-86.9175941066673,20.4892104831943,260
-88.2498417642142,18.6106849809444,260
-87.8998387469625,20.9005798665419,253
-86.7464816839092,21.2588961036674,255
-89.6398813449339,21.1205662282965,256
-88.5898549315416,20.7005874414853,259
-86.9148139424346,20.445602474422,261
-86.8164802107079,21.183902321723,255
-86.9164837336449,20.3339375649558,261
-86.9175941066673,20.4892104831943,260
-89.2665426845115,21.2672305034214,256
-86.7464816839092,21.2588961036674,255
-88.1665168949905,21.617217311624,254
-87.8998387469625,20.9005798665419,253
-88.8165303617979,20.6839177069462,261
-88.5884658933057,20.6986435324331,259
-87.8998387469625,20.9005798665419,253
-87.5998314309265,20.8705818352661,252
-86.9175941066673,20.4892104831943,260
-86.7464816839092,21.2588961036674,255
-86.7464816839092,21.2588961036674,255
-88.1498464511192,21.6005480841936,254
-88.7331892419638,19.8172945106421,260
-87.8998387469625,20.9005798665419,253
-87.4681583045637,20.8939110513887,253
-88.5884658933057,20.6986435324331,259
-89.9598861464143,19.9806172478983,265
-86.7464816839092,21.2588961036674,255
-88.1998455184662,20.7005882704896,253
-87.8998387469625,20.9005798665419,253
-86.933147097722,20.3172752930741,261
-87.8998387469625,20.9005798665419,253
-90.4165605967187,18.6173468024013,260
-87.4681583045637,20.8939110513887,253
-88.1498464511192,21.6005480841936,254
-89.2832027945028,21.1505656804875,257
-88.166516180207,21.3172306374004,254
-88.6698576415736,21.02057284501,259
-87.8998387469625,20.9005798665419,253
-86.790831258006,21.4853999245442,254
-86.8831470809047,20.8505841732721,257
-86.933147097722,20.3172752930741,261
-88.166516180207,21.3172306374004,254
-86.7464816839092,21.2588961036674,255
-87.8998387469625,20.9005798665419,253
-88.0998395413298,19.1906580005644,258
-88.5898549315416,20.7005874414853,259
-88.5898549315416,20.7005874414853,259
-88.5884658933057,20.6986435324331,259
-87.8998387469625,20.9005798665419,253
-88.5884658933057,20.6986435324331,259
-89.9598861464143,19.9806172478983,265
-86.9148139424346,20.445602474422,261
-89.2665426845115,21.2672305034214,256
-87.8998387469625,20.9005798665419,253
-89.2665428101639,21.31722827356,256
-87.8998387469625,20.9005798665419,253
-89.2665428101639,21.31722827356,256
-88.5898549315416,20.7005874414853,259
-89.2665428101639,21.31722827356,256
-87.4681583045637,20.8939110513887,253
-86.9498144618273,20.3006090216138,261
-86.9831451897736,20.2672804792572,261
-86.9831453389372,20.3339374324624,260
-88.166516180207,21.3172306374004,254
-89.6398813449339,21.1205662282965,256
-86.7464816839092,21.2588961036674,255
-89.6498750132402,18.5173533061971,251
-87.8998387469625,20.9005798665419,253
-88.5884658933057,20.6986435324331,259
-86.8164802107079,21.183902321723,255
-88.1998455184662,20.7005882704896,253
-88.133176007321,21.5838788570565,254
-87.5998314309265,20.8705818352661,252
-89.6398813449339,21.1205662282965,256
-88.5884658933057,20.6986435324331,259
-89.2832027945028,21.1505656804875,257
-88.166516180207,21.3172306374004,254
-87.8998387469625,20.9005798665419,253
-90.9099068453272,19.1706526037841,261
-87.5998314309265,20.8705818352661,252
-87.5998314309265,20.8705818352661,252
-86.8164802107079,21.183902321723,255
-86.7464816839092,21.2588961036674,255
-87.8998387469625,20.9005798665419,253
-86.8164802107079,21.183902321723,255
-87.5998314309265,20.8705818352661,252
-86.9175941066673,20.4892104831943,260
-88.166516180207,21.3172306374004,254
-88.5898549315416,20.7005874414853,259
-88.5898549315416,20.7005874414853,259
-88.5884658933057,20.6986435324331,259
-88.8098602171471,20.6905874195216,261
-87.8998387469625,20.9005798665419,253
-88.1998455184662,20.7005882704896,253
-89.5598790543113,20.9805726881562,257
-87.8998387469625,20.9005798665419,253
-87.8998387469625,20.9005798665419,253
-87.8998387469625,20.9005798665419,253
-86.9175941066673,20.4892104831943,260
-90.5248993736218,19.8428422841635,264
-88.5898549315416,20.7005874414853,259
-87.4681583045637,20.8939110513887,253
-86.8831460050727,20.3672731089792,261
-88.8165303617979,20.6839177069462,261
-87.5998314309265,20.8705818352661,252
-88.5884658933057,20.6986435324331,259
-86.809813042119,21.1805694839328,255
-88.5898549315416,20.7005874414853,259
-88.5884658933057,20.6986435324331,259
-88.5898549315416,20.7005874414853,259
-90.6999027224336,19.5173039409134,259
-86.8831460050727,20.3672731089792,261
-86.7464816839092,21.2588961036674,255
-88.5884658933057,20.6986435324331,259
-88.8098602171471,20.6905874195216,261
-87.5998314309265,20.8705818352661,252
-86.9175941066673,20.4892104831943,260
-88.5665212876906,20.6672560004373,258
-87.8998387469625,20.9005798665419,253
-89.2665428101639,21.31722827356,256
-86.9831451897736,20.2672804792572,261
-86.9831453389372,20.3339374324624,260
-89.6498750132402,18.5173533061971,251
-88.1398459944623,21.5105520939151,254
-88.8098602171471,20.6905874195216,261
-88.5884658933057,20.6986435324331,259
-89.6398813449339,21.1205662282965,256
-88.5884658933057,20.6986435324331,259
-87.8998387469625,20.9005798665419,253
-88.166516180207,21.3172306374004,254
-87.8998387469625,20.9005798665419,253
-88.5898549315416,20.7005874414853,259
-88.8165303617979,20.6839177069462,261
-88.5898549315416,20.7005874414853,259
-88.5884658933057,20.6986435324331,259
-88.5884658933057,20.6986435324331,259
-88.5884658933057,20.6986435324331,259
-86.7464816839092,21.2588961036674,255
-88.5884658933057,20.6986435324331,259
-88.166516180207,21.3172306374004,254
-86.7464816839092,21.2588961036674,255
-87.4681583045637,20.8939110513887,253
-88.5884658933057,20.6986435324331,259
-90.9099068453272,19.1706526037841,261
-87.8998387469625,20.9005798665419,253
-87.0831483844378,20.6172643351452,259
-87.5998314309265,20.8705818352661,252
-89.266542600756,21.233891991828,257
-88.166516180207,21.3172306374004,254
-90.7399017266824,18.7706717984,260
-86.7464816839092,21.2588961036674,255
-87.5998314309265,20.8705818352661,252
-88.166516180207,21.3172306374004,254
-88.5884658933057,20.6986435324331,259
-87.4998290464994,20.8839114378562,253
-89.6498750132402,18.5173533061971,251
-86.9175941066673,20.4892104831943,260
-86.7464816839092,21.2588961036674,255
-88.8165303617979,20.6839177069462,261
-88.5898549315416,20.7005874414853,259
-89.6398813449339,21.1205662282965,256
-87.8998387469625,20.9005798665419,253
-87.8998387469625,20.9005798665419,253
-87.5998314309265,20.8705818352661,252
-87.8998387469625,20.9005798665419,253
-89.6498750132402,18.5173533061971,251
-89.2665428101639,21.31722827356,256
-88.5884658933057,20.6986435324331,259
-88.5884658933057,20.6986435324331,259
-87.5998314309265,20.8705818352661,252
-89.2665428101639,21.31722827356,256
-86.7464816839092,21.2588961036674,255
-87.8998387469625,20.9005798665419,253
-86.7464816839092,21.2588961036674,255
-88.5884658933057,20.6986435324331,259
-88.5898549315416,20.7005874414853,259
-89.6398813449339,21.1205662282965,256
-89.6498750132402,18.5173533061971,251
-88.5898549315416,20.7005874414853,259
-87.8998387469625,20.9005798665419,253
-86.7464816839092,21.2588961036674,255
-88.5884658933057,20.6986435324331,259
-87.5998314309265,20.8705818352661,252
-88.5884658933057,20.6986435324331,259
-86.7464816839092,21.2588961036674,255
-88.5898549315416,20.7005874414853,259
-86.9298160551977,21.2305670122884,254
-88.8098602171471,20.6905874195216,261
-88.1998456136011,20.7405864610783,253
-86.9175941066673,20.4892104831943,260
-86.9831453389372,20.3339374324624,260
-86.7464816839092,21.2588961036674,255
-89.6165503899067,20.9672431600576,258
-90.8332382189094,19.2506490462434,259
-88.5898549315416,20.7005874414853,259
-86.7464816839092,21.2588961036674,255
-86.8164802107079,21.183902321723,255
-86.790831258006,21.4853999245442,254
-87.5998314309265,20.8705818352661,252
-89.2665428101639,21.31722827356,256
-87.8998387469625,20.9005798665419,253
-89.6498750132402,18.5173533061971,251
-88.5884658933057,20.6986435324331,259
-87.8998387469625,20.9005798665419,253
-90.8099029831826,18.6106791912578,260
-86.8898133734933,20.4606018406744,261
-88.5884658933057,20.6986435324331,259
-88.1498464511192,21.6005480841936,254
-88.5898549315416,20.7005874414853,259
-87.0831483844378,20.6172643351452,259
-88.5898549315416,20.7005874414853,259
-89.3165440625652,21.3338874207059,256
-88.0998395413298,19.1906580005644,258
-87.5998314309265,20.8705818352661,252
-86.9492867219235,20.422732448251,261
-89.2665426845115,21.2672305034214,256
-87.8998387469625,20.9005798665419,253
-88.1498464511192,21.6005480841936,254
-86.790831258006,21.4853999245442,254
-87.8998387469625,20.9005798665419,253
-86.7464816839092,21.2588961036674,255
-90.5248993736218,19.8428422841635,264
-87.4681583045637,20.8939110513887,253
-87.8998387469625,20.9005798665419,253
-88.5884658933057,20.6986435324331,259
-88.133176007321,21.5838788570565,254
-89.2665428101639,21.31722827356,256
-86.9831451897736,20.2672804792572,261
-87.8998387469625,20.9005798665419,253
-88.8165303617979,20.6839177069462,261
-88.1498464511192,21.6005480841936,254
-89.6164652199122,21.2934035568932,255
-88.5884658933057,20.6986435324331,259
-86.9831451897736,20.2672804792572,261
-88.5898549315416,20.7005874414853,259
-88.5884658933057,20.6986435324331,259
-88.166516180207,21.3172306374004,254
-89.6164652199122,21.2934035568932,255
-88.1998456136011,20.7405864610783,253
-88.166516180207,21.3172306374004,254
-88.5884658933057,20.6986435324331,259
-87.8998387469625,20.9005798665419,253
-88.5884658933057,20.6986435324331,259
-88.166516180207,21.3172306374004,254
-86.7464816839092,21.2588961036674,255
-86.7464816839092,21.2588961036674,255
-88.166516180207,21.3172306374004,254
-89.9598861464143,19.9806172478983,265
-88.5884658933057,20.6986435324331,259
-88.5898549315416,20.7005874414853,259
-86.790831258006,21.4853999245442,254
-88.5884658933057,20.6986435324331,259
-88.5884658933057,20.6986435324331,259
-86.7464816839092,21.2588961036674,255
-87.8998387469625,20.9005798665419,253
-86.9498144618273,20.3006090216138,261
-88.5884658933057,20.6986435324331,259
-88.5884658933057,20.6986435324331,259
-86.8164802107079,21.183902321723,255
-88.5884658933057,20.6986435324331,259
-86.8831460050727,20.3672731089792,261
-89.2832027945028,21.1505656804875,257
-88.5884658933057,20.6986435324331,259
-88.5884658933057,20.6986435324331,259
-86.790831258006,21.4853999245442,254
-87.8998387469625,20.9005798665419,253
-87.4681583045637,20.8939110513887,253
-90.8332382189094,19.2506490462434,259
-86.7464816839092,21.2588961036674,255
-88.5884658933057,20.6986435324331,259
-88.5898549315416,20.7005874414853,259
-86.7464816839092,21.2588961036674,255
-88.5884658933057,20.6986435324331,259
-88.5884658933057,20.6986435324331,259
-86.8164802107079,21.183902321723,255
-90.7399017266824,18.7706717984,260
-88.166516180207,21.3172306374004,254
-86.9831481898392,20.2672774793885,261
-86.9175941066673,20.4892104831943,260
-86.9831453389372,20.3339374324624,260
-87.4681583045637,20.8939110513887,253
-87.4681583045637,20.8939110513887,253
-88.5884658933057,20.6986435324331,259
-86.9831453389372,20.3339374324624,260
-86.7464816839092,21.2588961036674,255
-86.7464816839092,21.2588961036674,255
-88.166516180207,21.3172306374004,254
-89.5598790543113,20.9805726881562,257
-86.7464816839092,21.2588961036674,255
-86.9175941066673,20.4892104831943,260
-89.6398813449339,21.1205662282965,256
-88.1498464511192,21.6005480841936,254
-89.6498818764524,21.2338911376887,255
-88.5884658933057,20.6986435324331,259
-88.7331892419638,19.8172945106421,260
-88.5884658933057,20.6986435324331,259
-88.8165303617979,20.6839177069462,261
-89.9598861464143,19.9806172478983,265
-86.9175941066673,20.4892104831943,260
-86.8164802107079,21.183902321723,255
-86.7464816839092,21.2588961036674,255
-86.9175941066673,20.4892104831943,260
-87.8998387469625,20.9005798665419,253
-87.5998314309265,20.8705818352661,252
-86.9175941066673,20.4892104831943,260
-90.8099029831826,18.6106791912578,260
-88.6498576778446,21.2338933335084,258
-86.7464816839092,21.2588961036674,255
-86.9498144618273,20.3006090216138,261
-86.9175941066673,20.4892104831943,260
-89.6165503899067,20.9672431600576,258
-86.7464816839092,21.2588961036674,255
-89.6332111325811,21.1005671391565,256
-88.5884658933057,20.6986435324331,259
-88.5898549315416,20.7005874414853,259
-86.790831258006,21.4853999245442,254
-89.5598790543113,20.9805726881562,257
-87.5498302540957,20.8839113362362,252
-86.7464816839092,21.2588961036674,255
-88.5884658933057,20.6986435324331,259
-88.5898549315416,20.7005874414853,259
-88.5884658933057,20.6986435324331,259
-86.8831460050727,20.3672731089792,261
-89.2665428101639,21.31722827356,256
-88.5884658933057,20.6986435324331,259
-88.5898549315416,20.7005874414853,259
-90.3832289024254,19.8172907942169,264
-87.8998387469625,20.9005798665419,253
-86.9175941066673,20.4892104831943,260
-86.7464816839092,21.2588961036674,255
-86.7464816839092,21.2588961036674,255
-86.9175941066673,20.4892104831943,260
-86.7464816839092,21.2588961036674,255
-89.2665426845115,21.2672305034214,256
-86.7464816839092,21.2588961036674,255
-86.9175941066673,20.4892104831943,260
-87.8998387469625,20.9005798665419,253
-86.9148139424346,20.445602474422,261
-88.2498417642142,18.6106849809444,260
-88.5898549315416,20.7005874414853,259
-88.1998455184662,20.7005882704896,253
-86.7464816839092,21.2588961036674,255
-86.7464816839092,21.2588961036674,255
-88.5884658933057,20.6986435324331,259
-89.2665428101639,21.31722827356,256
-88.5898549315416,20.7005874414853,259
-90.5248993736218,19.8428422841635,264
-89.9598861464143,19.9806172478983,265
-86.9831451897736,20.2672804792572,261
-87.8998387469625,20.9005798665419,253
-86.7464816839092,21.2588961036674,255
-89.2665428101639,21.31722827356,256
-90.5248993736218,19.8428422841635,264
-88.5884658933057,20.6986435324331,259
-86.933147097722,20.3172752930741,261
-87.8998387469625,20.9005798665419,253
-90.4165605967187,18.6173468024013,260
-86.7464816839092,21.2588961036674,255
-87.4681583045637,20.8939110513887,253
-88.5884658933057,20.6986435324331,259
-88.166516180207,21.3172306374004,254
-88.5884658933057,20.6986435324331,259
-86.9175941066673,20.4892104831943,260
-87.4681583045637,20.8939110513887,253
-88.5898549315416,20.7005874414853,259
-88.5884658933057,20.6986435324331,259
-88.5884658933057,20.6986435324331,259
-86.7464816839092,21.2588961036674,255
-87.4681583045637,20.8939110513887,253
-89.9598861464143,19.9806172478983,265
-86.9831453389372,20.3339374324624,260
-86.9148139424346,20.445602474422,261
-88.1331758487063,21.5172218118796,254
-90.5248993736218,19.8428422841635,264
-87.8998387469625,20.9005798665419,253
-86.9175941066673,20.4892104831943,260
-89.6498818764524,21.2338911376887,255
-86.9175941066673,20.4892104831943,260
-88.5884658933057,20.6986435324331,259
-86.9498144618273,20.3006090216138,261
-86.7464816839092,21.2588961036674,255
-88.5898549315416,20.7005874414853,259
-90.0665550781108,19.7339613769773,263
-89.6498750132402,18.5173533061971,251
-87.8998387469625,20.9005798665419,253
-87.0831483844378,20.6172643351452,259
-86.8164802107079,21.183902321723,255
-88.5884658933057,20.6986435324331,259
-86.7464816839092,21.2588961036674,255
-89.5598790543113,20.9805726881562,257
-88.166516180207,21.3172306374004,254
-86.9175941066673,20.4892104831943,260
-88.5898549315416,20.7005874414853,259
-90.6999003275436,18.6006799249467,259
-87.5998314309265,20.8705818352661,252
-90.5248993736218,19.8428422841635,264
-87.8998387469625,20.9005798665419,253
-89.6398813449339,21.1205662282965,256
-88.5898549315416,20.7005874414853,259
-86.933147097722,20.3172752930741,261
-89.2665428101639,21.31722827356,256
-88.5898549315416,20.7005874414853,259
-86.9175941066673,20.4892104831943,260
-88.5898549315416,20.7005874414853,259
-86.8164802107079,21.183902321723,255
-89.9598861464143,19.9806172478983,265
-88.166516180207,21.3172306374004,254
-88.8165303617979,20.6839177069462,261
-88.5884658933057,20.6986435324331,259
-88.8165303617979,20.6839177069462,261
-90.8099029831826,18.6106791912578,260
-86.7464816839092,21.2588961036674,255
-90.4165605967187,18.6173468024013,260
-89.2665428520432,21.3338875311849,256
-89.2665428520432,21.3338875311849,256
-87.4681583045637,20.8939110513887,253
-88.5884658933057,20.6986435324331,259
-88.5884658933057,20.6986435324331,259
-88.5884658933057,20.6986435324331,259
-86.7464816839092,21.2588961036674,255
-89.6164652199122,21.2934035568932,255
-86.9831453389372,20.3339374324624,260
-89.5598790543113,20.9805726881562,257
-87.8998387469625,20.9005798665419,253
-87.8998387469625,20.9005798665419,253
-86.7464816839092,21.2588961036674,255
-88.5884658933057,20.6986435324331,259
-89.6498750132402,18.5173533061971,251
-86.9498144618273,20.3006090216138,261
-88.8165303617979,20.6839177069462,261
-88.5884658933057,20.6986435324331,259
-86.7464816839092,21.2588961036674,255
-87.8998387469625,20.9005798665419,253
-87.5998314309265,20.8705818352661,252
-86.7464816839092,21.2588961036674,255
-89.2665428101639,21.31722827356,256
-87.8998387469625,20.9005798665419,253
-88.0998395413298,19.1906580005644,258
-88.0698392925376,19.3906487244835,259
-86.7464816839092,21.2588961036674,255
-88.5884658933057,20.6986435324331,259
-90.9165759876592,18.7840007503128,262
-86.9175941066673,20.4892104831943,260
-88.5884658933057,20.6986435324331,259
-88.1998455184662,20.7005882704896,253
-88.166516180207,21.3172306374004,254
-86.9498144618273,20.3006090216138,261
-89.6498818764524,21.2338911376887,255
-88.5884658933057,20.6986435324331,259
-86.9175941066673,20.4892104831943,260
-88.1498464511192,21.6005480841936,254
-87.8998387469625,20.9005798665419,253
-90.5248993736218,19.8428422841635,264
-87.8998387469625,20.9005798665419,253
-88.5884658933057,20.6986435324331,259
-86.9175941066673,20.4892104831943,260
-86.7464816839092,21.2588961036674,255
-86.8898133734933,20.4606018406744,261
-88.8165303617979,20.6839177069462,261
-88.1331758487063,21.5172218118796,254
-86.7464816839092,21.2588961036674,255
-89.6398813449339,21.1205662282965,256
-88.5898549315416,20.7005874414853,259
-86.7464816839092,21.2588961036674,255
-88.7331892419638,19.8172945106421,260
-89.3165440625652,21.3338874207059,256
-88.5898549315416,20.7005874414853,259
-87.8998387469625,20.9005798665419,253
-86.7464816839092,21.2588961036674,255
-87.8998387469625,20.9005798665419,253
-89.6165503899067,20.9672431600576,258
-88.5898549315416,20.7005874414853,259
-86.8831460050727,20.3672731089792,261
-87.6665029947474,20.8505826009155,252
-88.166516180207,21.3172306374004,254
-88.5898549315416,20.7005874414853,259
-86.933147097722,20.3172752930741,261
-88.5884658933057,20.6986435324331,259
-87.5998314309265,20.8705818352661,252
-88.5884658933057,20.6986435324331,259
-86.7464816839092,21.2588961036674,255
-89.6498818764524,21.2338911376887,255
-86.7464816839092,21.2588961036674,255
-89.6498818764524,21.2338911376887,255
-88.5884658933057,20.6986435324331,259
-88.1498464511192,21.6005480841936,254
-87.8998387469625,20.9005798665419,253
-86.9831451897736,20.2672804792572,261
-89.2665426845115,21.2672305034214,256
-87.5998314309265,20.8705818352661,252
-87.8998387469625,20.9005798665419,253
-88.5884658933057,20.6986435324331,259
-90.9099068453272,19.1706526037841,261
-88.5884658933057,20.6986435324331,259
-88.5884658933057,20.6986435324331,259
-86.7464816839092,21.2588961036674,255
-87.0831483844378,20.6172643351452,259
-89.6398813449339,21.1205662282965,256
-86.7464816839092,21.2588961036674,255
-89.6332111325811,21.1005671391565,256
-88.5884658933057,20.6986435324331,259
-86.7464816839092,21.2588961036674,255
-90.7399017266824,18.7706717984,260
-89.2665426845115,21.2672305034214,256
-88.2398465553727,20.7305868289812,253
-86.9148139424346,20.445602474422,261
-88.166516180207,21.3172306374004,254
-86.9175941066673,20.4892104831943,260
-87.8998387469625,20.9005798665419,253
-88.5898549315416,20.7005874414853,259
-87.8998387469625,20.9005798665419,253
-86.7464816839092,21.2588961036674,255
-88.1998456136011,20.7405864610783,253
-88.5884658933057,20.6986435324331,259
-87.5998314309265,20.8705818352661,252
-89.2665428101639,21.31722827356,256
-88.166516180207,21.3172306374004,254
-86.7464816839092,21.2588961036674,255
-88.166516180207,21.3172306374004,254
-87.5998314309265,20.8705818352661,252
-87.8998387469625,20.9005798665419,253
-88.5884658933057,20.6986435324331,259
-86.7464816839092,21.2588961036674,255
-88.5884658933057,20.6986435324331,259
-86.7464816839092,21.2588961036674,255
-87.8998387469625,20.9005798665419,253
-88.5884658933057,20.6986435324331,259
-90.2998939862615,19.850622450385,266
-88.5884658933057,20.6986435324331,259
-87.4681583045637,20.8939110513887,253
-86.809813042119,21.1805694839328,255
-88.5884658933057,20.6986435324331,259
-88.5884658933057,20.6986435324331,259
-88.166516180207,21.3172306374004,254
-87.8998387469625,20.9005798665419,253
-87.8998387469625,20.9005798665419,253
-86.9175941066673,20.4892104831943,260
-87.8998387469625,20.9005798665419,253
-87.8998387469625,20.9005798665419,253
-88.5898549315416,20.7005874414853,259
-88.8165303617979,20.6839177069462,261
-88.166516180207,21.3172306374004,254
-88.5884658933057,20.6986435324331,259
-89.6398813449339,21.1205662282965,256
-86.8164802107079,21.183902321723,255
-88.5884658933057,20.6986435324331,259
-88.166516180207,21.3172306374004,254
-86.7464816839092,21.2588961036674,255
-88.1998455184662,20.7005882704896,253
-86.9175941066673,20.4892104831943,260
-87.5998314309265,20.8705818352661,252
-86.7464816839092,21.2588961036674,255
-90.7399017266824,18.7706717984,260
-89.9598861464143,19.9806172478983,265
-86.7464816839092,21.2588961036674,255
-87.8998387469625,20.9005798665419,253
-86.933147097722,20.3172752930741,261
-87.8998387469625,20.9005798665419,253
-87.8998387469625,20.9005798665419,253
-88.166516180207,21.3172306374004,254
-87.5998314309265,20.8705818352661,252
-86.7464816839092,21.2588961036674,255
-88.5898549315416,20.7005874414853,259
-88.166516180207,21.3172306374004,254
-88.166516180207,21.3172306374004,254
-88.5884658933057,20.6986435324331,259
-88.1498464511192,21.6005480841936,254
-89.2665426845115,21.2672305034214,256
-87.8998387469625,20.9005798665419,253
-89.5598790543113,20.9805726881562,257
-89.9598861464143,19.9806172478983,265
-86.7464816839092,21.2588961036674,255
-86.9175941066673,20.4892104831943,260
-89.2665428101639,21.31722827356,256
-87.5998314309265,20.8705818352661,252
-89.5598790543113,20.9805726881562,257
-89.7298818344502,20.4605958167198,262
-88.5884658933057,20.6986435324331,259
-87.8998387469625,20.9005798665419,253
-87.4681583045637,20.8939110513887,253
-86.790831258006,21.4853999245442,254
-90.5248993736218,19.8428422841635,264
-88.8098602171471,20.6905874195216,261
-86.790831258006,21.4853999245442,254
-87.8998387469625,20.9005798665419,253
-89.2665426845115,21.2672305034214,256
-86.9831453389372,20.3339374324624,260
-86.7464816839092,21.2588961036674,255
-88.5884658933057,20.6986435324331,259
-89.9598861464143,19.9806172478983,265
-86.9175941066673,20.4892104831943,260
-88.5884658933057,20.6986435324331,259
-88.166516180207,21.3172306374004,254
-87.8998387469625,20.9005798665419,253
-86.7464816839092,21.2588961036674,255
-87.8998387469625,20.9005798665419,253
-88.166516180207,21.3172306374004,254
-87.4681583045637,20.8939110513887,253
-88.5698544003965,20.6805883895921,258
-86.7464816839092,21.2588961036674,255
-88.5898549315416,20.7005874414853,259
-88.166516180207,21.3172306374004,254
-88.1498464511192,21.6005480841936,254
-86.9498144618273,20.3006090216138,261
-87.4681583045637,20.8939110513887,253
-88.5884658933057,20.6986435324331,259
-87.8998387469625,20.9005798665419,253
-88.5884658933057,20.6986435324331,259
-86.933147097722,20.3172752930741,261
-88.133176007321,21.5838788570565,254
-87.8998387469625,20.9005798665419,253
-88.5884658933057,20.6986435324331,259
-86.8164802107079,21.183902321723,255
-88.5884658933057,20.6986435324331,259
-88.1998455184662,20.7005882704896,253
-87.8998387469625,20.9005798665419,253
-88.5884658933057,20.6986435324331,259
-87.8998387469625,20.9005798665419,253
-87.8998387469625,20.9005798665419,253
-90.8099029831826,18.6106791912578,260
-87.8998387469625,20.9005798665419,253
-89.2665426845115,21.2672305034214,256
-89.6165503899067,20.9672431600576,258
-87.8998387469625,20.9005798665419,253
-86.9831451897736,20.2672804792572,261
-86.8831460050727,20.3672731089792,261
-86.9175941066673,20.4892104831943,260
-88.5884658933057,20.6986435324331,259
-86.7464816839092,21.2588961036674,255
-86.790831258006,21.4853999245442,254
-87.8998387469625,20.9005798665419,253
-87.5998314309265,20.8705818352661,252
-86.9298160551977,21.2305670122884,254
-87.4681583045637,20.8939110513887,253
-88.5884658933057,20.6986435324331,259
-90.4165605967187,18.6173468024013,260
-87.8998387469625,20.9005798665419,253
-87.8998387469625,20.9005798665419,253
-88.5884658933057,20.6986435324331,259
-87.8998387469625,20.9005798665419,253
-87.8998387469625,20.9005798665419,253
-89.6164652199122,21.2934035568932,255
-89.9598861464143,19.9806172478983,265
-88.5884658933057,20.6986435324331,259
-86.790831258006,21.4853999245442,254
-88.166516180207,21.3172306374004,254
-86.9831451897736,20.2672804792572,261
-88.8165303617979,20.6839177069462,261
-89.9598861464143,19.9806172478983,265
-88.5884658933057,20.6986435324331,259
-86.7464816839092,21.2588961036674,255
-88.8165303617979,20.6839177069462,261
-86.9831451897736,20.2672804792572,261
-88.166516180207,21.3172306374004,254
-88.5884658933057,20.6986435324331,259
-87.8998387469625,20.9005798665419,253
-88.5898549315416,20.7005874414853,259
-86.790831258006,21.4853999245442,254
-86.9175941066673,20.4892104831943,260
-86.9175941066673,20.4892104831943,260
-88.5884658933057,20.6986435324331,259
-86.7464816839092,21.2588961036674,255
-88.2498417642142,18.6106849809444,260
-87.8998387469625,20.9005798665419,253
-86.8831460050727,20.3672731089792,261
-86.7464816839092,21.2588961036674,255
-86.9175941066673,20.4892104831943,260
-86.9175941066673,20.4892104831943,260
-87.8998387469625,20.9005798665419,253
-89.2832026689283,21.1005679195127,257
-87.8998387469625,20.9005798665419,253
-88.9831946310085,20.7839128232429,262
-86.809813042119,21.1805694839328,255
-89.6398813449339,21.1205662282965,256
-88.8165303617979,20.6839177069462,261
-88.5884658933057,20.6986435324331,259
-86.7464816839092,21.2588961036674,255
-87.8998387469625,20.9005798665419,253
-87.4681583045637,20.8939110513887,253
-86.790831258006,21.4853999245442,254
-89.6332111325811,21.1005671391565,256
-87.5998314309265,20.8705818352661,252
-88.5884658933057,20.6986435324331,259
-86.9498144618273,20.3006090216138,261
-90.8099029831826,18.6106791912578,260
-88.1498464511192,21.6005480841936,254
-88.5884658933057,20.6986435324331,259
-88.5884658933057,20.6986435324331,259
-88.5884658933057,20.6986435324331,259
-88.5884658933057,20.6986435324331,259
-87.8998387469625,20.9005798665419,253
-86.7464816839092,21.2588961036674,255
-86.9664866888095,21.1172420143253,254
-90.5248993736218,19.8428422841635,264
-90.8332382189094,19.2506490462434,259
-87.8998387469625,20.9005798665419,253
-86.9148139424346,20.445602474422,261
-86.9175941066673,20.4892104831943,260
-89.2998736757735,21.3405571604403,256
-90.8899064188612,19.1906517158513,261
-89.6498818764524,21.2338911376887,255
-86.7464816839092,21.2588961036674,255
-87.4681583045637,20.8939110513887,253
-88.8165303617979,20.6839177069462,261
-87.8998387469625,20.9005798665419,253
-86.9331471349206,20.3339405317412,261
-88.5884658933057,20.6986435324331,259
-88.5884658933057,20.6986435324331,259
-88.166516180207,21.3172306374004,254
-86.8831460050727,20.3672731089792,261
-88.166516180207,21.3172306374004,254
-88.1498453565513,21.1405685666004,254
-87.8998387469625,20.9005798665419,253
-89.2832027945028,21.1505656804875,257
-88.166516180207,21.3172306374004,254
-87.6665029947474,20.8505826009155,252
-88.5898549315416,20.7005874414853,259
-88.5898549315416,20.7005874414853,259
-87.8998387469625,20.9005798665419,253
-87.8998387469625,20.9005798665419,253
-87.8998387469625,20.9005798665419,253
-86.7464816839092,21.2588961036674,255
-88.166516180207,21.3172306374004,254
-86.933147097722,20.3172752930741,261
-88.5884658933057,20.6986435324331,259
-86.9831451897736,20.2672804792572,261
-86.9331452134975,20.8172555794303,257
-87.5998314309265,20.8705818352661,252
-86.9498144618273,20.3006090216138,261
-88.5884658933057,20.6986435324331,259
-87.8998387469625,20.9005798665419,253
-87.8998387469625,20.9005798665419,253
-88.5884658933057,20.6986435324331,259
-87.5998314309265,20.8705818352661,252
-88.5898549315416,20.7005874414853,259
-88.5898549315416,20.7005874414853,259
-89.5598790543113,20.9805726881562,257
-86.9831453389372,20.3339374324624,260
-88.5884658933057,20.6986435324331,259
-87.6665029947474,20.8505826009155,252
-89.6164652199122,21.2934035568932,255
-88.5884658933057,20.6986435324331,259
-88.5884658933057,20.6986435324331,259
-89.9598861464143,19.9806172478983,265
-89.6164652199122,21.2934035568932,255
-88.5884658933057,20.6986435324331,259
-86.7464816839092,21.2588961036674,255
-88.5884658933057,20.6986435324331,259
-87.8998387469625,20.9005798665419,253
-88.5698544003965,20.6805883895921,258
-86.7464816839092,21.2588961036674,255
-86.7464816839092,21.2588961036674,255
-88.5884658933057,20.6986435324331,259
-88.1998456136011,20.7405864610783,253
-88.629856674614,21.0205729308737,258
-88.5884658933057,20.6986435324331,259
-89.6332111325811,21.1005671391565,256
-89.5598790543113,20.9805726881562,257
-86.7464816839092,21.2588961036674,255
-86.8164802107079,21.183902321723,255
-86.790831258006,21.4853999245442,254
-88.5884658933057,20.6986435324331,259
-87.5998314309265,20.8705818352661,252
-88.5884658933057,20.6986435324331,259
-88.5884658933057,20.6986435324331,259
-89.2665428520432,21.3338875311849,256
-88.5898549315416,20.7005874414853,259
-87.4681583045637,20.8939110513887,253
-86.790831258006,21.4853999245442,254
-88.5884658933057,20.6986435324331,259
-87.8998387469625,20.9005798665419,253
-88.5898549315416,20.7005874414853,259
-89.6498818764524,21.2338911376887,255
-89.6498750132402,18.5173533061971,251
-88.5884658933057,20.6986435324331,259
-86.933147097722,20.3172752930741,261
-89.2665426845115,21.2672305034214,256
-88.1398459944623,21.5105520939151,254
-88.166516180207,21.3172306374004,254
-88.1398459944623,21.5105520939151,254
-86.7464816839092,21.2588961036674,255
-87.8998387469625,20.9005798665419,253
-88.166516180207,21.3172306374004,254
-88.5884658933057,20.6986435324331,259
-86.9175941066673,20.4892104831943,260
-88.5898549315416,20.7005874414853,259
-87.8998387469625,20.9005798665419,253
-88.5884658933057,20.6986435324331,259
-86.7464816839092,21.2588961036674,255
-89.2665428101639,21.31722827356,256
-89.2998736757735,21.3405571604403,256
-88.5884658933057,20.6986435324331,259
-86.9148139424346,20.445602474422,261
-89.2665426845115,21.2672305034214,256
-86.8164802107079,21.183902321723,255
-88.5884658933057,20.6986435324331,259
-89.2832027945028,21.1505656804875,257
-88.7331892419638,19.8172945106421,260
-88.166516180207,21.3172306374004,254
-88.166516180207,21.3172306374004,254
-89.6398813449339,21.1205662282965,256
-88.1498464511192,21.6005480841936,254
-89.6332111325811,21.1005671391565,256
-88.5698544003965,20.6805883895921,258
-86.9175941066673,20.4892104831943,260
-87.5998314309265,20.8705818352661,252
-89.9598861464143,19.9806172478983,265
-88.1665168949905,21.617217311624,254
-87.4681583045637,20.8939110513887,253
-88.5898549315416,20.7005874414853,259
-88.5898549315416,20.7005874414853,259
-88.166516180207,21.3172306374004,254
-89.2665426845115,21.2672305034214,256
-88.5884658933057,20.6986435324331,259
-87.8998387469625,20.9005798665419,253
-86.9498144618273,20.3006090216138,261
-87.4681583045637,20.8939110513887,253
-88.1665168155031,21.5838787875837,254
-88.5165231213577,20.6839183530264,257
-86.7464816839092,21.2588961036674,255
-87.8998387469625,20.9005798665419,253
-86.9175941066673,20.4892104831943,260
-86.933147097722,20.3172752930741,261
-88.5884658933057,20.6986435324331,259
-86.7464816839092,21.2588961036674,255
-88.166516180207,21.3172306374004,254
-87.4681583045637,20.8939110513887,253
-86.7464816839092,21.2588961036674,255
-89.9598861464143,19.9806172478983,265
-86.8198132839063,21.1805694644304,255
-87.8998387469625,20.9005798665419,253
-86.7464816839092,21.2588961036674,255
-86.7464816839092,21.2588961036674,255
-87.8998387469625,20.9005798665419,253
-90.7999044638093,19.2673153469614,259
-88.166516180207,21.3172306374004,254
-90.8899064188612,19.1906517158513,261
-89.2832026689283,21.1005679195127,257
-87.5998314309265,20.8705818352661,252
-86.7464816839092,21.2588961036674,255
-89.5998803266272,21.1005672140172,256
-87.4681583045637,20.8939110513887,253
-89.2665428101639,21.31722827356,256
-88.2498417642142,18.6106849809444,260
-89.5598790543113,20.9805726881562,257
-86.9831451897736,20.2672804792572,261
-88.166516180207,21.3172306374004,254
-86.9175941066673,20.4892104831943,260
-88.5884658933057,20.6986435324331,259
-88.5884658933057,20.6986435324331,259
-87.8998387469625,20.9005798665419,253
-90.6999027224336,19.5173039409134,259
-90.9665772275065,18.8006698451769,263
-87.8998387469625,20.9005798665419,253
-87.8998387469625,20.9005798665419,253
-86.9175941066673,20.4892104831943,260
-90.8899064188612,19.1906517158513,261
-88.166516180207,21.3172306374004,254
-90.8899064188612,19.1906517158513,261
-86.7464816839092,21.2588961036674,255
-86.9498144618273,20.3006090216138,261
-87.5998314309265,20.8705818352661,252
-88.166516180207,21.3172306374004,254
-88.5698544003965,20.6805883895921,258
-88.5884658933057,20.6986435324331,259
-86.9831453389372,20.3339374324624,260
-86.9175941066673,20.4892104831943,260
-86.7464816839092,21.2588961036674,255
-90.8899064188612,19.1906517158513,261
-86.7464816839092,21.2588961036674,255
-89.9598861464143,19.9806172478983,265
-88.166516180207,21.3172306374004,254
-86.9831451897736,20.2672804792572,261
-88.166516180207,21.3172306374004,254
-86.9164837336449,20.3339375649558,261
-86.7464816839092,21.2588961036674,255
-88.5884658933057,20.6986435324331,259
-86.7464816839092,21.2588961036674,255
-88.5884658933057,20.6986435324331,259
-86.8164802107079,21.183902321723,255
-87.4198271754351,20.9105803981028,253
-87.5998314309265,20.8705818352661,252
-87.0831483844378,20.6172643351452,259
-86.8831460050727,20.3672731089792,261
-88.5884658933057,20.6986435324331,259
-87.8998387469625,20.9005798665419,253
-86.8164802107079,21.183902321723,255
-89.2665426845115,21.2672305034214,256
-86.8831460050727,20.3672731089792,261
-89.6498816634193,21.1505648628352,256
-87.8998387469625,20.9005798665419,253
-88.7331892419638,19.8172945106421,260
-88.5898549315416,20.7005874414853,259
-87.5998314309265,20.8705818352661,252
-89.2665428101639,21.31722827356,256
-87.8998387469625,20.9005798665419,253
-86.9498144618273,20.3006090216138,261
-88.166516180207,21.3172306374004,254
-87.8998387469625,20.9005798665419,253
-87.8998387469625,20.9005798665419,253
-87.5998314309265,20.8705818352661,252
-88.5165231213577,20.6839183530264,257
-87.5998314309265,20.8705818352661,252
-86.933147097722,20.3172752930741,261
-89.2665426845115,21.2672305034214,256
-86.933147097722,20.3172752930741,261
-88.5884658933057,20.6986435324331,259
-89.2832026689283,21.1005679195127,257
-88.5884658933057,20.6986435324331,259
-88.5898549315416,20.7005874414853,259
-88.5884658933057,20.6986435324331,259
-89.2998736757735,21.3405571604403,256
-86.9175941066673,20.4892104831943,260
-86.790831258006,21.4853999245442,254
-89.2665426845115,21.2672305034214,256
-86.9831451897736,20.2672804792572,261
-88.5898549315416,20.7005874414853,259
-88.5898549315416,20.7005874414853,259
-86.790831258006,21.4853999245442,254
-86.9175941066673,20.4892104831943,260
-88.166516180207,21.3172306374004,254
-88.166516180207,21.3172306374004,254
-88.8098602171471,20.6905874195216,261
-88.8165303617979,20.6839177069462,261
-88.5898549315416,20.7005874414853,259
-89.6398813449339,21.1205662282965,256
-87.8998387469625,20.9005798665419,253
-86.790831258006,21.4853999245442,254
-86.7464816839092,21.2588961036674,255
-87.0831483844378,20.6172643351452,259
-90.8899064188612,19.1906517158513,261
-89.5598790543113,20.9805726881562,257
-87.8998387469625,20.9005798665419,253
-88.8165303617979,20.6839177069462,261
-87.8998387469625,20.9005798665419,253
-86.9831453389372,20.3339374324624,260
-86.7464816839092,21.2588961036674,255
-88.5884658933057,20.6986435324331,259
-88.5898549315416,20.7005874414853,259
-87.8998387469625,20.9005798665419,253
-87.4498278542161,20.8905812385853,253
-88.5884658933057,20.6986435324331,259
-87.8998387469625,20.9005798665419,253
-86.9175941066673,20.4892104831943,260
-88.5884658933057,20.6986435324331,259
-87.5998314309265,20.8705818352661,252
-86.9498144618273,20.3006090216138,261
-88.5898549315416,20.7005874414853,259
-86.7464816839092,21.2588961036674,255
-89.6332111325811,21.1005671391565,256
-88.5884658933057,20.6986435324331,259
-90.8899064188612,19.1906517158513,261
-86.790831258006,21.4853999245442,254
-86.7464816839092,21.2588961036674,255
-88.5884658933057,20.6986435324331,259
-86.7464816839092,21.2588961036674,255
-88.5884658933057,20.6986435324331,259
-86.7464816839092,21.2588961036674,255
-88.5898549315416,20.7005874414853,259
-88.5884658933057,20.6986435324331,259
-87.4681583045637,20.8939110513887,253
-88.5884658933057,20.6986435324331,259
-87.8998387469625,20.9005798665419,253
-88.5884658933057,20.6986435324331,259
-89.2832027945028,21.1505656804875,257
-87.6665029947474,20.8505826009155,252
-86.9831453389372,20.3339374324624,260
-86.933147097722,20.3172752930741,261
-89.2665428101639,21.31722827356,256
-86.9175941066673,20.4892104831943,260
-87.8998387469625,20.9005798665419,253
-88.1498464511192,21.6005480841936,254
-86.9175941066673,20.4892104831943,260
-89.6498818764524,21.2338911376887,255
-87.8998387469625,20.9005798665419,253
-88.5898549315416,20.7005874414853,259
-88.166516180207,21.3172306374004,254
-90.5248993736218,19.8428422841635,264
-88.5898549315416,20.7005874414853,259
-88.1498464511192,21.6005480841936,254
-88.5884658933057,20.6986435324331,259
-87.4681583045637,20.8939110513887,253
-89.2832027945028,21.1505656804875,257
-88.5884658933057,20.6986435324331,259
-88.5898549315416,20.7005874414853,259
-89.6332076147936,18.5173533440707,251
-88.5884658933057,20.6986435324331,259
-88.5884658933057,20.6986435324331,259
-89.2665426845115,21.2672305034214,256
-86.9148139424346,20.445602474422,261
-89.6332111325811,21.1005671391565,256
-86.9148139424346,20.445602474422,261
-88.7331892419638,19.8172945106421,260
-88.5898549315416,20.7005874414853,259
-89.9598861464143,19.9806172478983,265
-90.4165605967187,18.6173468024013,260
-87.5998314309265,20.8705818352661,252
-87.8998387469625,20.9005798665419,253
-88.5884658933057,20.6986435324331,259
-88.166516180207,21.3172306374004,254
-87.8998387469625,20.9005798665419,253
-86.9498144618273,20.3006090216138,261
-88.166516180207,21.3172306374004,254
-88.5884658933057,20.6986435324331,259
-88.5884658933057,20.6986435324331,259
-86.9498144618273,20.3006090216138,261
-87.8998387469625,20.9005798665419,253
-89.2665426845115,21.2672305034214,256
-87.8998387469625,20.9005798665419,253
-86.7464816839092,21.2588961036674,255
-86.9175941066673,20.4892104831943,260
-87.8998387469625,20.9005798665419,253
-88.5884658933057,20.6986435324331,259
-89.2998736757735,21.3405571604403,256
-88.5884658933057,20.6986435324331,259
-88.166516180207,21.3172306374004,254
-86.7464816839092,21.2588961036674,255
-87.8998387469625,20.9005798665419,253
-88.5884658933057,20.6986435324331,259
-88.5884658933057,20.6986435324331,259
-89.6398813449339,21.1205662282965,256
-88.5884658933057,20.6986435324331,259
-87.8998387469625,20.9005798665419,253
-86.7464816839092,21.2588961036674,255
-88.5884658933057,20.6986435324331,259
-88.166516180207,21.3172306374004,254
-86.8831460050727,20.3672731089792,261
-86.9831451897736,20.2672804792572,261
-86.7464816839092,21.2588961036674,255
-90.6999027224336,19.5173039409134,259
-86.7464816839092,21.2588961036674,255
-89.9598861464143,19.9806172478983,265
-89.5598790543113,20.9805726881562,257
-87.8998387469625,20.9005798665419,253
-86.7464816839092,21.2588961036674,255
-88.1331758487063,21.5172218118796,254
-87.8998387469625,20.9005798665419,253
-86.9498144618273,20.3006090216138,261
-88.5898549315416,20.7005874414853,259
-89.5598790543113,20.9805726881562,257
-87.8998387469625,20.9005798665419,253
-87.8998387469625,20.9005798665419,253
-86.933147097722,20.3172752930741,261
-88.5884658933057,20.6986435324331,259
-87.5998314309265,20.8705818352661,252
-87.8998387469625,20.9005798665419,253
-86.9831451897736,20.2672804792572,261
-89.2665428101639,21.31722827356,256
-88.1998456136011,20.7405864610783,253
-87.8998387469625,20.9005798665419,253
-88.166516180207,21.3172306374004,254
-86.7464816839092,21.2588961036674,255
-86.9498144618273,20.3006090216138,261
-87.8998387469625,20.9005798665419,253
-86.7464816839092,21.2588961036674,255
-90.0665550781108,19.7339613769773,263
-86.7464816839092,21.2588961036674,255
-87.8998387469625,20.9005798665419,253
-88.1398459944623,21.5105520939151,254
-88.7331892419638,19.8172945106421,260
-88.5884658933057,20.6986435324331,259
-87.8998387469625,20.9005798665419,253
-86.8164802107079,21.183902321723,255
-89.6498750132402,18.5173533061971,251
-86.790831258006,21.4853999245442,254
-86.7464816839092,21.2588961036674,255
-87.8998387469625,20.9005798665419,253
-86.9175941066673,20.4892104831943,260
-89.5598790543113,20.9805726881562,257
-88.5884658933057,20.6986435324331,259
-86.9175941066673,20.4892104831943,260
-88.5884658933057,20.6986435324331,259
-87.8998387469625,20.9005798665419,253
-90.9099068453272,19.1706526037841,261
-87.4681583045637,20.8939110513887,253
-86.7464816839092,21.2588961036674,255
-86.7464816839092,21.2588961036674,255
-88.5884658933057,20.6986435324331,259
-88.5884658933057,20.6986435324331,259
-87.8998387469625,20.9005798665419,253
-89.6498750132402,18.5173533061971,251
-88.1998455184662,20.7005882704896,253
-87.8998387469625,20.9005798665419,253
-88.166516180207,21.3172306374004,254
-86.7464816839092,21.2588961036674,255
-90.7332359532288,19.3006469489498,258
-87.8998387469625,20.9005798665419,253
-89.6398813449339,21.1205662282965,256
-87.5998314309265,20.8705818352661,252
-88.5884658933057,20.6986435324331,259
-88.5884658933057,20.6986435324331,259
-86.7464816839092,21.2588961036674,255
-89.2665428101639,21.31722827356,256
-89.2665426845115,21.2672305034214,256
-86.7464816839092,21.2588961036674,255
-86.8831460050727,20.3672731089792,261
-88.5884658933057,20.6986435324331,259
-89.5598790543113,20.9805726881562,257
-87.8998387469625,20.9005798665419,253
-87.8998387469625,20.9005798665419,253
-88.166516180207,21.3172306374004,254
-86.790831258006,21.4853999245442,254
-87.8998387469625,20.9005798665419,253
-86.790831258006,21.4853999245442,254
-89.2998736757735,21.3405571604403,256
-89.9598861464143,19.9806172478983,265
-90.5248993736218,19.8428422841635,264
-87.0831483844378,20.6172643351452,259
-88.5884658933057,20.6986435324331,259
-86.9498144618273,20.3006090216138,261
-87.8998387469625,20.9005798665419,253
-86.7464816839092,21.2588961036674,255
-88.166516180207,21.3172306374004,254
-88.5884658933057,20.6986435324331,259
-88.5884658933057,20.6986435324331,259
-86.7464816839092,21.2588961036674,255
-88.8098602171471,20.6905874195216,261
-86.9831451897736,20.2672804792572,261
-87.8998387469625,20.9005798665419,253
-88.5898549315416,20.7005874414853,259
-87.8998387469625,20.9005798665419,253
-86.9148139424346,20.445602474422,261
-87.8998387469625,20.9005798665419,253
-86.9831453389372,20.3339374324624,260
-86.9298160551977,21.2305670122884,254
-87.5998314309265,20.8705818352661,252
-88.166516180207,21.3172306374004,254
-88.166516180207,21.3172306374004,254
-88.5884658933057,20.6986435324331,259
-88.5884658933057,20.6986435324331,259
-86.9331471349206,20.3339405317412,261
-87.5998314309265,20.8705818352661,252
-89.6164652199122,21.2934035568932,255
-89.6398813449339,21.1205662282965,256
-88.5884658933057,20.6986435324331,259
-87.8998387469625,20.9005798665419,253
-86.9831451897736,20.2672804792572,261
-87.8998387469625,20.9005798665419,253
-87.8998387469625,20.9005798665419,253
-88.8698600484443,20.03061738765,259
-87.8998387469625,20.9005798665419,253
-86.933147097722,20.3172752930741,261
-88.5884658933057,20.6986435324331,259
-86.7464816839092,21.2588961036674,255
-87.8998387469625,20.9005798665419,253
-90.5248993736218,19.8428422841635,264
-88.5884658933057,20.6986435324331,259
-86.7464816839092,21.2588961036674,255
-89.6165503899067,20.9672431600576,258
-88.5884658933057,20.6986435324331,259
-88.5884658933057,20.6986435324331,259
-88.5884658933057,20.6986435324331,259
-88.5884658933057,20.6986435324331,259
-89.3165440625652,21.3338874207059,256
-87.5998314309265,20.8705818352661,252
-87.8998387469625,20.9005798665419,253
-88.166516180207,21.3172306374004,254
-87.8998387469625,20.9005798665419,253
-86.9831451897736,20.2672804792572,261
-88.166516180207,21.3172306374004,254
-89.2665428101639,21.31722827356,256
-88.5884658933057,20.6986435324331,259
-88.5884658933057,20.6986435324331,259
-87.8998387469625,20.9005798665419,253
-87.8998387469625,20.9005798665419,253
-88.5884658933057,20.6986435324331,259
-87.8998387469625,20.9005798665419,253
-86.8164802107079,21.183902321723,255
-88.166516180207,21.3172306374004,254
-86.9175941066673,20.4892104831943,260
-86.7464816839092,21.2588961036674,255
-87.8998387469625,20.9005798665419,253
-89.6165503899067,20.9672431600576,258
-87.0831483844378,20.6172643351452,259
-87.8998387469625,20.9005798665419,253
-86.8164802107079,21.183902321723,255
-88.5884658933057,20.6986435324331,259
-86.7464816839092,21.2588961036674,255
-86.7464816839092,21.2588961036674,255
-87.8998387469625,20.9005798665419,253
-87.8998387469625,20.9005798665419,253
-89.2665428520432,21.3338875311849,256
-88.166516180207,21.3172306374004,254
-86.7464816839092,21.2588961036674,255
-87.5998314309265,20.8705818352661,252
-88.5884658933057,20.6986435324331,259
-86.790831258006,21.4853999245442,254
-87.8998387469625,20.9005798665419,253
-87.8998387469625,20.9005798665419,253
-88.166516180207,21.3172306374004,254
-87.8998387469625,20.9005798665419,253
-88.5398536280302,20.6605893595141,257
-87.8998387469625,20.9005798665419,253
-88.5884658933057,20.6986435324331,259
-89.9598861464143,19.9806172478983,265
-87.5998314309265,20.8705818352661,252
-87.0831483844378,20.6172643351452,259
-89.2665428520432,21.3338875311849,256
-87.4681583045637,20.8939110513887,253
-87.4681583045637,20.8939110513887,253
-88.1498464511192,21.6005480841936,254
-86.7464816839092,21.2588961036674,255
-86.7464816839092,21.2588961036674,255
-86.7464816839092,21.2588961036674,255
-86.7464816839092,21.2588961036674,255
-88.7331892419638,19.8172945106421,260
-88.166516180207,21.3172306374004,254
-88.5884658933057,20.6986435324331,259
-86.8164802107079,21.183902321723,255
-86.9498144618273,20.3006090216138,261
-87.8998387469625,20.9005798665419,253
-89.9598861464143,19.9806172478983,265
-88.8165303617979,20.6839177069462,261
-86.7464816839092,21.2588961036674,255
-87.5998314309265,20.8705818352661,252
-89.516548396215,21.1338959079203,256
-88.7331892419638,19.8172945106421,260
-86.7464816839092,21.2588961036674,255
-86.9164837336449,20.3339375649558,261
-88.5884658933057,20.6986435324331,259
-88.5884658933057,20.6986435324331,259
-90.2998939862615,19.850622450385,266
-90.5248993736218,19.8428422841635,264
-86.9175941066673,20.4892104831943,260
-87.8998387469625,20.9005798665419,253
-88.1998456136011,20.7405864610783,253
-87.8998387469625,20.9005798665419,253
-89.2665428101639,21.31722827356,256
-89.5598790543113,20.9805726881562,257
-90.8899064188612,19.1906517158513,261
-88.1998455184662,20.7005882704896,253
-86.9175941066673,20.4892104831943,260
-88.5884658933057,20.6986435324331,259
-86.7464816839092,21.2588961036674,255
-88.1331757297662,21.467224031488,254
-88.5884658933057,20.6986435324331,259
-86.8831460050727,20.3672731089792,261
-86.933147097722,20.3172752930741,261
-89.266542600756,21.233891991828,257
-88.5884658933057,20.6986435324331,259
-87.8998387469625,20.9005798665419,253
-87.8998387469625,20.9005798665419,253
-87.5998314309265,20.8705818352661,252
-88.166516180207,21.3172306374004,254
-86.9175941066673,20.4892104831943,260
-87.8998387469625,20.9005798665419,253
-88.166516180207,21.3172306374004,254
-86.7464816839092,21.2588961036674,255
-88.8165303617979,20.6839177069462,261
-86.7464816839092,21.2588961036674,255
-87.8998387469625,20.9005798665419,253
-90.7832353630826,18.6173459390617,260
-86.8164802107079,21.183902321723,255
-89.2665426845115,21.2672305034214,256
-86.7464816839092,21.2588961036674,255
-87.5998314309265,20.8705818352661,252
-90.5090166553427,19.3305030841708,259
-88.5884658933057,20.6986435324331,259
-87.8998387469625,20.9005798665419,253
-87.8998387469625,20.9005798665419,253
-87.5998314309265,20.8705818352661,252
-87.8998387469625,20.9005798665419,253
-90.2998939862615,19.850622450385,266
-88.5884658933057,20.6986435324331,259
-88.166516180207,21.3172306374004,254
-88.5884658933057,20.6986435324331,259
-89.6165503899067,20.9672431600576,258
-88.5884658933057,20.6986435324331,259
-87.8998387469625,20.9005798665419,253
-88.5165231213577,20.6839183530264,257
-86.7464816839092,21.2588961036674,255
-88.5884658933057,20.6986435324331,259
-86.7464816839092,21.2588961036674,255
-86.7464816839092,21.2588961036674,255
-86.7464816839092,21.2588961036674,255
-87.8998387469625,20.9005798665419,253
-88.5884658933057,20.6986435324331,259
-86.7464816839092,21.2588961036674,255
-88.5898549315416,20.7005874414853,259
-87.5998314309265,20.8705818352661,252
-88.5898549315416,20.7005874414853,259
-86.933147097722,20.3172752930741,261
-89.6164652199122,21.2934035568932,255
-88.5884658933057,20.6986435324331,259
-89.9598861464143,19.9806172478983,265
-87.8998387469625,20.9005798665419,253
-86.7464816839092,21.2588961036674,255
-88.5884658933057,20.6986435324331,259
-89.2665428520432,21.3338875311849,256
-88.5398536280302,20.6605893595141,257
-89.2665428101639,21.31722827356,256
-87.5998314309265,20.8705818352661,252
-89.2832027945028,21.1505656804875,257
-87.8998387469625,20.9005798665419,253
-88.5884658933057,20.6986435324331,259
-88.5898549315416,20.7005874414853,259
-87.8998387469625,20.9005798665419,253
-87.5998314309265,20.8705818352661,252
-87.5998314309265,20.8705818352661,252
-86.7464816839092,21.2588961036674,255
-86.7464816839092,21.2588961036674,255
-87.8998387469625,20.9005798665419,253
-86.7464816839092,21.2588961036674,255
-89.2665426845115,21.2672305034214,256
-87.8998387469625,20.9005798665419,253
-87.8998387469625,20.9005798665419,253
-89.2832027945028,21.1505656804875,257
-88.1331758487063,21.5172218118796,254
-87.4681583045637,20.8939110513887,253
-89.9598861464143,19.9806172478983,265
-88.5884658933057,20.6986435324331,259
-87.5998314309265,20.8705818352661,252
-87.5998314309265,20.8705818352661,252
-88.5884658933057,20.6986435324331,259
-88.489852373218,20.6405903725379,257
-86.7464816839092,21.2588961036674,255
-89.6498750132402,18.5173533061971,251
-86.9498144618273,20.3006090216138,261
-88.5884658933057,20.6986435324331,259
-86.8164802107079,21.183902321723,255
-90.0665550781108,19.7339613769773,263
-89.2832026689283,21.1005679195127,257
-90.5248993736218,19.8428422841635,264
-86.9175941066673,20.4892104831943,260
-87.5998314309265,20.8705818352661,252
-87.5998314309265,20.8705818352661,252
-87.8998387469625,20.9005798665419,253
-87.8998387469625,20.9005798665419,253
-86.7464816839092,21.2588961036674,255
-87.8998387469625,20.9005798665419,253
-89.6165503899067,20.9672431600576,258
-88.8165303617979,20.6839177069462,261
-88.5898549315416,20.7005874414853,259
-89.6498818764524,21.2338911376887,255
-86.809813042119,21.1805694839328,255
-88.1498464511192,21.6005480841936,254
-88.5884658933057,20.6986435324331,259
-86.7464816839092,21.2588961036674,255
-88.166516180207,21.3172306374004,254
-89.2998736757735,21.3405571604403,256
-87.8998387469625,20.9005798665419,253
-88.5898549315416,20.7005874414853,259
-88.5898549315416,20.7005874414853,259
-87.5998314309265,20.8705818352661,252
-88.5898549315416,20.7005874414853,259
-89.9598861464143,19.9806172478983,265
-88.5884658933057,20.6986435324331,259
-86.9175941066673,20.4892104831943,260
-87.0831483844378,20.6172643351452,259
-89.2832026689283,21.1005679195127,257
-88.1498464511192,21.6005480841936,254
-88.166516180207,21.3172306374004,254
-90.7399017266824,18.7706717984,260
-86.7464816839092,21.2588961036674,255
-86.9498144618273,20.3006090216138,261
-87.4681583045637,20.8939110513887,253
-90.5248993736218,19.8428422841635,264
-90.8899064188612,19.1906517158513,261
-86.9831451897736,20.2672804792572,261
-86.8164802107079,21.183902321723,255
-86.7464816839092,21.2588961036674,255
-88.1998455184662,20.7005882704896,253
-86.9148139424346,20.445602474422,261
-89.2665426845115,21.2672305034214,256
-88.5884658933057,20.6986435324331,259
-88.5884658933057,20.6986435324331,259
-89.9598861464143,19.9806172478983,265
-89.6165503899067,20.9672431600576,258
-87.8998387469625,20.9005798665419,253
-86.7464816839092,21.2588961036674,255
-89.6498818764524,21.2338911376887,255
-87.8998387469625,20.9005798665419,253
-90.5248993736218,19.8428422841635,264
-86.9498144618273,20.3006090216138,261
-88.5898549315416,20.7005874414853,259
-86.9175941066673,20.4892104831943,260
-90.0665550781108,19.7339613769773,263
-89.2665428101639,21.31722827356,256
-86.7464816839092,21.2588961036674,255
-88.166516180207,21.3172306374004,254
-86.9175941066673,20.4892104831943,260
-88.5884658933057,20.6986435324331,259
-87.8998387469625,20.9005798665419,253
-86.9175941066673,20.4892104831943,260
-86.933147097722,20.3172752930741,261
-87.8998387469625,20.9005798665419,253
-87.8998387469625,20.9005798665419,253
-89.6332111325811,21.1005671391565,256
-89.6498750132402,18.5173533061971,251
-86.8831460050727,20.3672731089792,261
-87.8998387469625,20.9005798665419,253
-88.166516180207,21.3172306374004,254
-88.8165303617979,20.6839177069462,261
-87.8998387469625,20.9005798665419,253
-86.9175941066673,20.4892104831943,260
-89.5598790543113,20.9805726881562,257
-87.5998314309265,20.8705818352661,252
-86.7464816839092,21.2588961036674,255
-88.166516180207,21.3172306374004,254
-88.5884658933057,20.6986435324331,259
-89.2665428101639,21.31722827356,256
-86.9498144618273,20.3006090216138,261
-90.7999044638093,19.2673153469614,259
-90.7399017266824,18.7706717984,260
-88.5898549315416,20.7005874414853,259
-88.5884658933057,20.6986435324331,259
-88.166516180207,21.3172306374004,254
-87.8998387469625,20.9005798665419,253
-88.5884658933057,20.6986435324331,259
-88.5884658933057,20.6986435324331,259
-86.7464816839092,21.2588961036674,255
-87.4681583045637,20.8939110513887,253
-86.7464816839092,21.2588961036674,255
-88.166516180207,21.3172306374004,254
-87.5998314309265,20.8705818352661,252
-87.8998387469625,20.9005798665419,253
-88.166516180207,21.3172306374004,254
-88.5898549315416,20.7005874414853,259
-88.1665168949905,21.617217311624,254
-86.9148139424346,20.445602474422,261
-86.7464816839092,21.2588961036674,255
-86.9831451897736,20.2672804792572,261
-87.8998387469625,20.9005798665419,253
-87.8998387469625,20.9005798665419,253
-87.8998387469625,20.9005798665419,253
-86.9831451897736,20.2672804792572,261
-88.166516180207,21.3172306374004,254
-86.8164802107079,21.183902321723,255
-88.166516180207,21.3172306374004,254
-87.8998387469625,20.9005798665419,253
-86.7464816839092,21.2588961036674,255
-88.7331892419638,19.8172945106421,260
-89.6498818764524,21.2338911376887,255
-89.5598790543113,20.9805726881562,257
-86.8164802107079,21.183902321723,255
-87.6665029947474,20.8505826009155,252
-86.7464816839092,21.2588961036674,255
-88.166516180207,21.3172306374004,254
-88.5884658933057,20.6986435324331,259
-87.5998314309265,20.8705818352661,252
-86.8831460050727,20.3672731089792,261
-87.8998387469625,20.9005798665419,253
-90.7399017266824,18.7706717984,260
-87.8998387469625,20.9005798665419,253
-89.6165503899067,20.9672431600576,258
-87.8998387469625,20.9005798665419,253
-88.5884658933057,20.6986435324331,259
-88.166516180207,21.3172306374004,254
-86.7464816839092,21.2588961036674,255
-86.7464816839092,21.2588961036674,255
-89.6498750132402,18.5173533061971,251
-87.8998387469625,20.9005798665419,253
-87.8998387469625,20.9005798665419,253
-88.5884658933057,20.6986435324331,259
-88.5884658933057,20.6986435324331,259
-88.5884658933057,20.6986435324331,259
-90.6999027224336,19.5173039409134,259
-87.8998387469625,20.9005798665419,253
-89.6398813449339,21.1205662282965,256
-87.8998387469625,20.9005798665419,253
-89.5598790543113,20.9805726881562,257
-88.5884658933057,20.6986435324331,259
-89.3165440625652,21.3338874207059,256
-86.8164802107079,21.183902321723,255
-87.8998387469625,20.9005798665419,253
-89.5598790543113,20.9805726881562,257
-89.6398813449339,21.1205662282965,256
-86.7464816839092,21.2588961036674,255
-87.8998387469625,20.9005798665419,253
-86.8164802107079,21.183902321723,255
-88.5898549315416,20.7005874414853,259
-86.9175941066673,20.4892104831943,260
-89.2665426845115,21.2672305034214,256
-88.166516180207,21.3172306374004,254
-86.933147097722,20.3172752930741,261
-90.4165605967187,18.6173468024013,260
-86.9831453389372,20.3339374324624,260
-86.9175941066673,20.4892104831943,260
-88.5884658933057,20.6986435324331,259
-87.5998314309265,20.8705818352661,252
-86.7464816839092,21.2588961036674,255
-88.166516180207,21.3172306374004,254
-88.5898549315416,20.7005874414853,259
-88.166516180207,21.3172306374004,254
-86.809813042119,21.1805694839328,255
-88.5884658933057,20.6986435324331,259
-88.166516180207,21.3172306374004,254
-87.8998387469625,20.9005798665419,253
-88.7331892419638,19.8172945106421,260
-88.5884658933057,20.6986435324331,259
-87.4681583045637,20.8939110513887,253
-88.1498464511192,21.6005480841936,254
-90.9165759876592,18.7840007503128,262
-86.7464816839092,21.2588961036674,255
-88.1665168949905,21.617217311624,254
-86.9175941066673,20.4892104831943,260
-89.2832026689283,21.1005679195127,257
-88.5884658933057,20.6986435324331,259
-90.3832289024254,19.8172907942169,264
-88.5898549315416,20.7005874414853,259
-86.8164802107079,21.183902321723,255
-86.8898133734933,20.4606018406744,261
-89.8832167582348,19.7672942566338,263
-88.5884658933057,20.6986435324331,259
-86.790831258006,21.4853999245442,254
-86.933147097722,20.3172752930741,261
-86.8198132839063,21.1805694644304,255
-89.6498750132402,18.5173533061971,251
-89.9598861464143,19.9806172478983,265
-87.8998387469625,20.9005798665419,253
-86.9498144618273,20.3006090216138,261
-88.5884658933057,20.6986435324331,259
-89.2665426845115,21.2672305034214,256
-86.9175941066673,20.4892104831943,260
-88.5884658933057,20.6986435324331,259
-87.8998387469625,20.9005798665419,253
-88.166516180207,21.3172306374004,254
-86.7464816839092,21.2588961036674,255
-87.8998387469625,20.9005798665419,253
-86.7464816839092,21.2588961036674,255
-86.9175941066673,20.4892104831943,260
-88.5884658933057,20.6986435324331,259
-87.8998387469625,20.9005798665419,253
-89.5598790543113,20.9805726881562,257
-88.5884658933057,20.6986435324331,259
-86.9331452134975,20.8172555794303,257
-86.9831453389372,20.3339374324624,260
-86.9498144618273,20.3006090216138,261
-89.6498818764524,21.2338911376887,255
-88.5884658933057,20.6986435324331,259
-86.933147097722,20.3172752930741,261
-87.8998387469625,20.9005798665419,253
-87.4681583045637,20.8939110513887,253
-88.5884658933057,20.6986435324331,259
-88.1498464511192,21.6005480841936,254
-86.7464816839092,21.2588961036674,255
-89.6398813449339,21.1205662282965,256
-90.8899064188612,19.1906517158513,261
-86.9831453389372,20.3339374324624,260
-88.166516180207,21.3172306374004,254
-89.6332111325811,21.1005671391565,256
-90.5248993736218,19.8428422841635,264
-88.5898549315416,20.7005874414853,259
-88.5884658933057,20.6986435324331,259
-86.9175941066673,20.4892104831943,260
-89.2665426845115,21.2672305034214,256
-87.0831483844378,20.6172643351452,259
-89.2665426845115,21.2672305034214,256
-86.7464816839092,21.2588961036674,255
-88.5898549315416,20.7005874414853,259
-88.5884658933057,20.6986435324331,259
-86.9498144618273,20.3006090216138,261
-88.8165303617979,20.6839177069462,261
-88.5665212876906,20.6672560004373,258
-89.9598861464143,19.9806172478983,265
-86.9175941066673,20.4892104831943,260
-88.166516180207,21.3172306374004,254
-89.2665426845115,21.2672305034214,256
-88.5898549315416,20.7005874414853,259
-88.5884658933057,20.6986435324331,259
-88.5884658933057,20.6986435324331,259
-89.2665426845115,21.2672305034214,256
-89.6398813449339,21.1205662282965,256
-89.6498750132402,18.5173533061971,251
-88.5898549315416,20.7005874414853,259
-87.5998314309265,20.8705818352661,252
-86.933147097722,20.3172752930741,261
-86.7464816839092,21.2588961036674,255
-88.5884658933057,20.6986435324331,259
-88.1498464511192,21.6005480841936,254
-86.9175941066673,20.4892104831943,260
-86.7464816839092,21.2588961036674,255
-86.790831258006,21.4853999245442,254
-87.8998387469625,20.9005798665419,253
-86.790831258006,21.4853999245442,254
-87.8998387469625,20.9005798665419,253
-89.6332111325811,21.1005671391565,256
-88.1331758487063,21.5172218118796,254
-88.5884658933057,20.6986435324331,259
-86.7464816839092,21.2588961036674,255
-87.8998387469625,20.9005798665419,253
-88.8165303617979,20.6839177069462,261
-90.8899064188612,19.1906517158513,261
-87.8998387469625,20.9005798665419,253
-86.8831460050727,20.3672731089792,261
-88.166516180207,21.3172306374004,254
-86.9831453389372,20.3339374324624,260
-89.5598790543113,20.9805726881562,257
-89.6165503899067,20.9672431600576,258
-88.5884658933057,20.6986435324331,259
-88.5898549315416,20.7005874414853,259
-86.9175941066673,20.4892104831943,260
-86.9175941066673,20.4892104831943,260
-88.5898549315416,20.7005874414853,259
-86.7464816839092,21.2588961036674,255
-86.9175941066673,20.4892104831943,260
-87.5998314309265,20.8705818352661,252
-88.5884658933057,20.6986435324331,259
-87.4681583045637,20.8939110513887,253
-88.133176007321,21.5838788570565,254
-87.8998387469625,20.9005798665419,253
-86.7464816839092,21.2588961036674,255
-88.5898549315416,20.7005874414853,259
-88.5884658933057,20.6986435324331,259
-87.8998387469625,20.9005798665419,253
-86.9298160551977,21.2305670122884,254
-87.8998387469625,20.9005798665419,253
-86.7464816839092,21.2588961036674,255
-87.4681583045637,20.8939110513887,253
-88.166516180207,21.3172306374004,254
-89.2665428101639,21.31722827356,256
-90.7832371080968,19.2839806084177,259
-88.5698544246022,20.6905879369305,258
-90.8665729300141,19.2173175245464,260
-88.8165303617979,20.6839177069462,261
-86.9175941066673,20.4892104831943,260
-89.2665426845115,21.2672305034214,256
-87.8998387469625,20.9005798665419,253
-86.790831258006,21.4853999245442,254
-86.7464816839092,21.2588961036674,255
-86.7464816839092,21.2588961036674,255
-86.7464816839092,21.2588961036674,255
-89.2665428101639,21.31722827356,256
-87.8998387469625,20.9005798665419,253
-86.972222,20.481667,261
-88.358285,18.721267,258
-88.568052,20.683861,258
-86.858816,21.094416,255
-88.432636,19.581818,258
-86.886788,20.851422,257
-86.762594,21.107156,256
-86.849328,21.136177,255
-87.472109,19.698561,261
-89.53578,21.058854,257
-89.081893,21.149739,259
-87.288019,20.437253,259
-87.099904,20.637588,258
-88.233237,18.608981,260
-88.199041,20.628421,253
-89.653888,21.041439,257
-89.828349,21.23956,256
-87.956633,21.457256,253
-87.308885,20.401408,259
-90.144882,20.358907,269
-86.817345,21.14542,256
-89.632927,20.977842,258
-87.576895,20.883346,252
-90.378777,19.940692,266
-88.6582,19.087778,257
-89.625895,21.106551,256
-87.491486,19.80204,260
-89.578149,20.946957,258
-86.889209,20.834956,257
-88.809845,19.897132,260
-87.084045,20.613723,258
-89.391061,18.738588,247
-89.806227,18.109877,251
-87.11449,20.581425,259
-86.922343,20.423463,261
-86.825404,21.017384,257
-86.970278,20.485172,261
-86.884172,21.006811,256
-87.477295,20.014383,260
-88.812623,20.690493,261
-87.551423,21.321229,251
-89.634799,20.084521,260
-86.824218,21.16812,255
-87.736748,20.492701,256
-87.342982,20.37694,258
-90.048789,21.164666,259
-88.932249,20.885225,261
-86.954595,20.765687,258
-86.751376,21.126193,256
-87.021389,20.370278,261
-88.199336,20.693,253
-89.923867,18.53852,254
-88.14306,21.155001,254
-86.969235,20.476773,261
-87.234767,20.514407,258
-89.316149,21.33829,256
-89.771033,20.361203,263
-86.859455,20.976905,256
-88.204207,20.691989,253
-89.297617,18.818249,248
-89.630772,20.174108,260
-88.263983,18.54467,259
-86.902915,20.856195,257
-87.36194,21.419079,252
-90.547354,19.821306,262
-89.621864,21.104272,256
-89.6457,21.2226,255
-87.022889,20.376574,260
-88.442889,20.589868,257
-89.629872,20.968147,258
-88.452649,20.591939,257
-87.428944,20.213774,258
-89.291627,21.00875,258
-87.333625,20.360928,258
-90.458512,19.863855,264
-89.609943,21.033495,257
-89.635713,20.999771,258
-89.395055,18.503168,246
-89.326987,21.213347,256
-87.333086,20.364511,259
-89.644087,21.276862,255
-89.779342,20.042856,262
-87.044678,20.861378,256
-87.0308,20.667247,258
-89.772096,20.362961,263
-88.383855,18.706117,258
-89.538417,18.222212,247
-87.085887,20.669057,258
-87.429537,20.214687,258
-89.640062,21.028441,257
-87.542272,21.260948,251
-89.754303,21.265575,255
-88.319411,18.506949,259
-89.771287,20.376328,263
-87.678353,21.515465,252
-89.57454,21.033109,257
-86.806209,21.228488,255
-86.828689,21.154736,256
-87.120327,20.577868,259
-89.331168,21.299739,256
-86.892757,20.832936,258
-90.047455,21.163286,259
-88.160693,21.59602,254
-89.204398,19.037349,256
-88.157575,21.446953,254
-90.303855,19.606583,262
-87.305392,20.410952,259
-86.816829,21.147343,256
-87.234948,20.514492,258
-87.134903,20.588687,258
-87.357155,20.3148,259
-89.644277,21.276098,255
-89.564171,21.05336,257
-87.066347,20.63155,258
-89.782026,21.130993,256
-89.769346,20.360484,263
-89.564163,21.053265,257
-86.988577,20.273012,261
-88.568423,20.676391,258
-89.822314,18.372551,251
-86.837348,21.1591,255
-89.267297,21.20408,257
-88.367861,18.723382,258
-89.629873,20.968145,258
-87.725441,21.208859,252
-88.825643,18.407078,250
-86.851908,21.20574,255
-89.38703,21.327805,256
-88.806111,19.929764,260
-88.55452,18.025514,252
-88.387318,18.678052,258
-89.925462,18.538728,254
-87.429336,20.215203,258
-89.592586,20.96737,258
-87.339095,21.429892,252
-89.64397,21.27848,255
-88.203559,20.68484,253
-88.185433,19.623096,258
-87.380795,20.293408,258
-87.440186,19.866185,261
-86.834542,21.142372,255
-86.735768,21.236695,255
-87.176739,20.953511,254
-86.875388,20.848575,257
-86.789116,21.472168,254
-87.029452,20.669019,258
-86.987094,20.277428,261
-90.391317,20.852617,264
-89.657649,20.89955,259
-86.864105,20.883862,257
-88.392395,18.678292,258
-89.714999,20.469476,262
-89.807103,18.108093,251
-87.83,18.3,264
-86.789244,21.471881,254
-89.603354,21.108969,256
-87.145333,20.619597,258
-89.991951,21.112836,258
-87.429274,20.214887,258
-86.876419,20.849357,257
-90.418924,19.770541,262
-87.738749,20.494234,256
-87.337065,20.371091,258
-87.00097,20.740057,258
-89.629872,20.968147,258
-89.538417,18.222212,247
-89.793483,21.139017,256
-88.305914,21.006963,255
-86.954559,20.504724,260
-88.308535,18.549684,259
-87.724634,20.493095,256
-87.477571,20.012519,260
-88.264,18.54,260
-87.060675,20.886225,256
-88.809845,19.897132,260
-90.363047,19.805403,265
-86.824137,21.141845,256
-89.577617,20.94784,258
-89.297284,21.331153,256
-86.804528,21.24445,255
-86.847775,21.204564,255
-89.784695,21.131419,256
-87.720255,20.494156,256
-86.771837,21.086483,256
-87.428524,20.218723,258
-89.102483,21.159866,259
-86.923276,20.552865,261
-88.073307,21.56628,254
-86.816874,21.144841,256
-88.709158,19.968895,259
-88.568309,20.679144,258
-87.068369,20.628603,258
-86.789213,21.47178,254
-86.853106,21.050003,256
-87.357812,20.319359,259
-89.61751,18.258749,245
-88.532128,20.723742,257
-89.816686,21.185568,256
-87.121106,20.584681,258
-90.672197,18.593632,259
-86.969083,20.476732,261
-89.42603,21.319703,256
-86.896492,20.349613,261
-87.070038,20.631949,258
-87.726039,20.497316,256
-86.851528,21.161908,255
-89.526564,21.07187,257
-88.145255,20.578572,255
-88.44272,20.591969,257
-87.020452,20.382177,260
-89.405642,20.194282,255
-89.621809,21.132428,255
-86.80608,21.195888,255
-87.42907,20.214222,258
-87.429467,20.215081,258
-87.635748,20.646128,254
-88.155363,20.598885,254
-87.09207,20.603446,258
-89.513742,21.052006,257
-89.755788,20.877377,259
-89.810418,18.106192,251
-89.769443,20.360848,263
-86.845652,20.990065,256
-89.196038,20.875952,260
-89.618308,20.92342,258
-87.515562,20.300677,257
-86.764847,21.109822,256
-89.57311,20.74082,260
-90.369898,20.538403,267
-89.595612,21.091626,256
-89.626155,20.891898,259
-89.659084,20.981093,258
-86.838692,20.942156,257
-87.357788,20.319516,259
-87.295251,20.428669,258
-87.366187,21.532769,252
-89.591527,20.973775,258
-87.235708,20.492791,259
-87.429527,20.214978,258
-87.39201,20.45784,257
-86.967184,20.742083,258
-86.812076,21.250138,255
-87.019186,20.381535,260
-87.428688,20.214802,258
-89.029536,20.002591,259
-86.889988,20.834278,257
-90.230566,19.597149,264
-86.821428,21.200633,255
-89.645226,21.275517,255
-90.020111,20.425781,268
-86.914985,20.553219,261
-87.237533,20.490017,259
-86.881803,21.113622,255
-88.058494,21.59503,254
-88.812449,19.902514,260
-86.979303,20.280778,261
-87.038485,20.660757,259
-88.263157,18.543416,259
-87.877026,21.399631,253
-89.514312,21.052571,257
-86.842315,21.157459,255
-86.846866,20.417882,261
-86.877633,20.845288,257
-89.080794,21.363504,257
-87.093108,20.602703,258
-87.032109,20.680452,258
-90.640324,18.851578,261
-87.751857,20.477625,255
-86.803722,21.212765,255
-86.882286,20.875831,257
-89.61583,21.097056,256
-86.956026,20.775511,258
-89.670411,20.923122,258
-86.822113,21.200783,255
-86.74104,21.236845,255
-87.429123,20.213251,258
-87.016555,20.337678,261
-87.147248,20.573843,259
-88.77662,19.711928,259
-86.862253,20.987662,256
-90.383247,20.857517,264
-89.538417,18.222212,247
-86.822067,21.200388,255
-88.569052,20.676756,258
-87.121189,20.578225,259
-89.61751,18.258749,245
-86.830331,21.029248,257
-86.851718,21.089668,255
-87.052069,20.67908,258
-90.873364,18.36577,260
-90.043266,21.162987,259
-89.969254,20.974282,260
-86.94,20.8,257
-87.141961,20.621101,258
-87.734606,20.491019,256
-87.431342,20.212594,258
-89.54648,21.325969,255
-86.889922,20.833338,257
-88.633116,21.110319,258
-89.840021,21.246005,256
-90.354179,20.852496,264
-87.333455,20.365932,258
-88.633116,21.110319,258
-87.237463,20.520572,258
-86.851528,21.161908,255
-88.3005,20.711473,254
-88.370432,18.720936,258
-89.561111,20.752778,260
-89.546958,21.035342,257
-89.612253,21.044042,257
-87.881578,21.427556,253
-87.633133,20.644993,254
-87.733186,20.467494,256
-89.643591,21.024138,257
-89.623883,20.869301,259
-89.575028,21.017436,257
-89.670039,21.160674,256
-88.270182,18.548197,259
-88.135972,20.851543,253
-86.829573,21.151305,256
-89.650191,21.001258,257
-89.614698,21.101296,256
-88.806111,19.929764,260
-86.875534,20.847808,257
-89.395416,18.508521,246
-86.827676,20.991533,257
-89.623314,20.983798,258
-89.733817,21.123884,256
-87.03523,20.667282,258
-89.567448,20.996315,257
-87.05942,20.695935,258
-89.38103,21.248909,256
-89.499114,21.079169,257
-89.723921,20.578529,262
-86.867643,20.874411,258
-87.429307,20.215529,258
-87.726437,20.490855,256
-90.854919,19.224995,260
-87.708025,18.715715,263
-88.389531,18.676864,258
-89.394126,21.122415,257
-86.805522,21.203412,255
-86.777909,21.073094,256
-86.83082,21.130041,256
-89.018633,20.891705,261
-86.801995,21.230483,255
-89.657592,20.898862,259
-87.429611,20.214719,258
-89.566912,20.992695,257
-87.366187,21.532769,252
-87.167041,20.55363,258
-86.81963,21.151436,256
-86.852627,21.055661,256
-87.732654,20.490807,256
-86.943522,20.494126,260
-88.568869,20.68444,258
-86.882832,20.850651,257
-86.818292,21.265692,255
-86.818312,21.146671,256
-86.794444,21.491667,254
-89.740278,21.270833,255
-86.875,20.847222,257
-89.608333,21.294444,255
-89.599167,21.097222,256
-86.980556,20.475,261
-89.5875,21.297222,255
-90.025,21.158333,258
-89.191667,21.358333,257
-86.980556,20.279444,261
-86.741667,21.247222,255
-86.741667,21.247222,255
-86.808333,21.175,255
-90.158333,21.120833,260
-89.663333,21.284444,255
-87.020833,20.3875,260
-88.157778,21.591667,254
-89.658333,21.225,255
-86.916944,20.486389,260
-86.81,21.173333,255
-87.045833,20.656944,258
-89.663333,21.284444,255
-86.95,20.513889,260
-86.741667,21.247222,255
-90.108333,21.144444,259
-90.025,21.158333,258
-86.81,21.173333,255
-87.075,20.623611,259
-86.936111,20.533333,260
-90.447222,20.693611,266
-86.81,21.173333,255
-90.044444,21.161111,259
-89.633333,21.291667,255
-86.741667,21.247222,255
-86.81,21.173333,255
-86.936111,20.533333,260
-89.391667,21.329167,256
-86.95,20.513889,260
-89.275,21.341667,256
-86.929167,20.543056,261
-90.0125,21.144444,258
-90.030556,21.165278,258
-86.925,20.55,261
-86.908333,20.554167,261
-86.736111,21.238889,255
-86.741667,21.247222,255
-89.625,21.291667,255
-89.015278,21.373333,257
-88.891389,21.3925,258
-86.816667,21.170833,255
-86.95,20.513889,260
-86.9,20.558333,261
-90.044444,21.161111,259
-90.061111,21.159722,259
-86.780556,21.033333,257
-86.81,21.173333,255
-90.041667,21.163889,259
-86.81,21.173333,255
-89.541667,21.308333,255
-90.030556,21.165278,258
-89.575,21.308333,255
-89.4875,21.325,256
-90.030556,21.165278,258
-86.81,21.173333,255
-90.0125,21.144444,258
-87.4375,20.204167,259
-86.925,20.55,261
-86.780556,21.033333,257
-86.794444,21.491667,254
-86.81,21.173333,255
-86.806944,21.233333,255
-90.391667,20.859167,264
-86.794444,21.491667,254
-86.925,20.55,261
-86.808333,21.175,255
-87.08651,20.68209,258
-86.836919,21.143606,255
-90.684546,19.626188,260
-88.383762,18.343987,252
-87.734845,20.490218,256
-86.849669,21.1231,255
-89.328212,21.213783,256
-86.824049,21.201369,255
-87.588117,20.635873,255
-86.832885,20.982878,257
-88.149609,21.145469,254
-88.032592,19.489716,259
-86.852978,20.975925,256
-86.779312,21.060774,256
-87.429035,20.215982,258
-86.827467,21.153802,256
-86.777937,21.072727,256
-86.922343,20.422984,261
-87.129332,20.591637,258
-89.769989,20.361477,263
-87.128878,20.591148,258
-89.34312,20.641736,260
-87.347307,21.270728,251
-87.083473,20.617682,258
-89.98045,21.178753,258
-87.110537,20.664975,258
-88.567856,20.679699,258
-89.499689,21.079239,257
-89.840799,21.248674,256
-90.030641,20.881866,262
-89.893015,18.365655,252
-87.521725,20.327082,257
-88.193056,20.410559,256
-87.381348,20.279463,259
-87.036165,20.663387,259
-89.280375,18.812534,250
-86.778361,21.072212,256
-90.323914,20.849521,264
-86.822761,21.198678,255
-88.453546,20.596931,257
-89.576665,21.016041,257
-86.858847,21.13302,255
-88.309135,18.529073,259
-90.385833,20.857397,264
-89.59141,20.937216,258
-87.730459,18.626357,263
-86.788655,21.145258,256
-87.61515,20.076838,259
-87.429245,20.214538,258
-87.731183,20.456353,256
-87.029652,20.66721,258
-89.171605,21.350112,257
-89.843202,21.247903,256
-86.993731,20.366642,260
-89.649281,20.451176,260
-90.04755,21.1594,259
-86.862459,20.442449,261
-88.122533,20.745198,253
-87.135771,20.589252,258
-88.469605,20.646835,257
-87.23477,20.514463,258
-89.671803,20.79535,260
-88.098722,20.615674,254
-87.429358,20.216922,258
-89.768395,20.360615,263
-87.312309,20.397244,259
-89.569816,20.818971,259
-89.8569,18.33228,252
-88.433932,18.379876,252
-87.736111,20.494722,256
-89.644072,20.327843,260
-89.266082,21.274574,256
-89.635171,21.281814,255
-87.658995,21.346821,251
-89.341117,21.327291,256
-89.622963,21.103295,256
-88.304209,18.520007,259
-88.918899,18.772701,253
-89.63462,21.127165,256
-88.02,21.582579,254
-86.903183,20.844215,257
-87.429825,20.216397,258
-89.708451,21.020432,258
-86.842146,21.158391,255
-89.492307,18.864244,247
-86.977173,20.724425,258
-89.460493,20.629629,260
-86.784431,21.142175,256
-87.383418,21.516183,252
-89.426368,21.31332,256
-87.220772,20.503456,258
-89.555054,21.041172,257
-87.237595,20.489704,259
-88.156046,21.583875,254
-87.288665,20.442412,259
-90.014898,20.888178,262
-88.300873,18.519114,259
-89.461321,18.529263,246
-89.077907,18.126437,253
-87.338257,20.343224,258
-89.297005,20.74639,260
-87.429211,20.214523,258
-87.019358,20.35541,261
-88.003418,21.430833,254
-86.866035,20.873228,258
-89.595278,21.149722,255
-89.825992,21.206524,256
-88.456847,20.590367,257
-87.369732,21.523839,252
-87.119967,20.583389,258
-87.192647,21.210279,253
-88.136429,20.889661,253
-88.569315,20.682188,258
-87.460987,20.19276,259
-89.916822,21.216265,257
-87.42939,20.215233,258
-89.638887,21.028874,257
-86.963,20.495,261
-89.769287,20.357503,263
-87.3226,20.3884,259
-87.3159,20.396,259
-87.0261,20.3375,261
-87.0255,20.381,260
-87.0184,20.3076,261
-87.0886,20.5516,259
-87.0225,20.3406,261
-87.31,20.3849,259
-87.0886,20.5516,259
-87.0886,20.5516,259
-86.7402,21.2095,255
-87.0895,20.5683,259
-87.0184,20.3076,261
-87.0271,20.3625,261
-87.0115,20.4363,261
-87.0286,20.3405,261
-87.9237,18.0488,266
-87.2344,20.484,259
-87.0261,20.3375,261
-87.3,20.3833,259
-87.0886,20.5516,259
-87.2391,20.4795,259
-86.9489,20.5101,260
-86.9992,20.441,261
-87.0886,20.5516,259
-87.0255,20.3963,260
-87.2344,20.484,259
-87.0261,20.3375,261
-87.0271,20.3437,261
-86.9031,20.5769,261
-87.3,20.3833,259
-87.0264,20.3181,261
-87.0184,20.3076,261
-87.0225,20.3406,261
-86.8459,21.159,255
-87.0886,20.5516,259
-87.0886,20.5516,259
-87.0895,20.5683,259
-86.9081,20.431,261
-87.0271,20.3437,261
-87.0184,20.3076,261
-87.0903,20.5581,259
-87.0886,20.5516,259
-86.8943,20.5685,261
-86.9081,20.431,261
-87.0225,20.3406,261
-87.2215,20.4827,259
-87.0798,20.6285,258
-87.0886,20.5516,259
-87.1066,20.5817,259
-86.9489,20.5101,260
-87.2268,20.4865,259
-87.3108,20.3899,259
-87.0261,20.3375,261
-87.3226,20.3884,259
-87.0886,20.5516,259
-87.0271,20.3437,261
-87.0225,20.3406,261
-87.0255,20.3123,261
-87.0188,20.409,260
-87.0188,20.409,260
-86.9987,20.4497,261
-87.0272,20.3377,261
-87.0255,20.381,260
-87.0254,20.6306,259
-87.0255,20.381,260
-87.1109,20.5515,259
-86.9081,20.431,261
-87.9237,18.0488,266
-87.9237,18.0488,266
-87.0291,20.3694,261
-86.8459,21.159,255
-87.9237,18.0488,266
-86.7518,21.1446,256
-87.0291,20.3694,261
-87.1109,20.5515,259
-87.0798,20.6285,258
-87.3113,20.3884,259
-87.9237,18.0488,266
-86.9081,20.431,261
-87.0179,20.419,261
-87.1066,20.5817,259
-87.1109,20.5515,259
-87.0042,20.4432,261
-87.0255,20.3123,261
-86.9987,20.4497,261
-87.9154,18.0171,266
-87.0264,20.3181,261
-87.3113,20.3884,259
-87.0073,20.4341,261
-87.1109,20.5515,259
-87.0886,20.5516,259
-87.0255,20.381,260
-87.0255,20.381,260
-87.0886,20.5516,259
-86.9081,20.431,261
-87.0886,20.5516,259
-87.0184,20.3076,261
-87.0895,20.5683,259
-87.0042,20.4432,261
-87.2215,20.4827,259
-86.9081,20.431,261
-87.0271,20.3437,261
-86.9965,20.4609,261
-87.31,20.3849,259
-90.0304,21.1658,258
-86.9081,20.431,261
-86.9031,20.5769,261
-87.0886,20.5516,259
-87.1109,20.5515,259
-86.8506,21.1469,255
-87.0225,20.3406,261
-86.9489,20.5101,260
-87.0115,20.4363,261
-87.0886,20.5516,259
-87.9237,18.0488,266
-87.0286,20.3405,261
-87.4313,20.1462,259
-87.5,19.5,261
-90.5,19.5,259
-87.5,21.5,252
-87.5,20.5,256
-88.5,21.5,256
-88.558044,20.682257,258
-87.429222,20.214804,258
-86.922142,20.54641,261
-89.13,18.85,254
-90.8099029831826,18.6106791912578,260
-86.7498117681415,21.2605660225825,255
-90.7332359969525,19.3173131713949,258
-90.7332359969525,19.3173131713949,258
-90.7332359969525,19.3173131713949,258
-88.5884658933057,20.6986435324331,259
-90.7599036187897,19.3106464192983,258
-86.7198109322606,21.2105683163216,255
-88.5884658933057,20.6986435324331,259
-86.9164837336449,20.3339375649558,261
-90.7332359969525,19.3173131713949,258
-86.8498139648547,21.1605703014392,255
-88.5884658933057,20.6986435324331,259
-88.5884658933057,20.6986435324331,259
-88.5884658933057,20.6986435324331,259
-88.5884658933057,20.6986435324331,259
-86.8164802107079,21.183902321723,255
-86.8164802107079,21.183902321723,255
-90.053288,21.154678,259
-90.053288,21.154678,259
-90.7299028995538,19.3106464902752,258
-86.8998137258455,20.5105995451429,261
-87.5831609821755,20.8505827712232,253
-90.7332359969525,19.3173131713949,258
-88.5884658933057,20.6986435324331,259
-88.5884658933057,20.6986435324331,259
-88.5498538854775,20.6672590360164,258
-90.7332359969525,19.3173131713949,258
-90.7599036187897,19.3106464192983,258
-90.7599036187897,19.3106464192983,258
-88.5884658933057,20.6986435324331,259
-88.5884658933057,20.6986435324331,259
-90.053288,21.154678,259
-86.9164837336449,20.3339375649558,261
-88.5884658933057,20.6986435324331,259
-88.5884658933057,20.6986435324331,259
-88.6798571281795,20.7105867955443,259
-88.5884658933057,20.6986435324331,259
-87.5198297059191,20.9605779445856,252
-88.5884658933057,20.6986435324331,259
-88.5884658933057,20.6986435324331,259
-90.71656868154,18.9673295955544,261
-90.71656868154,18.9673295955544,261
-88.1665128627703,21.183899592245,254
-90.71656868154,18.9673295955544,261
-88.1665128627703,21.183899592245,254
-88.1665128627703,21.183899592245,254
-90.2665600527715,18.6340093639977,260
-90.0498891781927,20.3172716179047,270
-90.0498891781927,20.3172716179047,270
-90.0498891781927,20.3172716179047,270
-88.8998640980908,21.3838861068917,258
-86.9798169737526,21.1005727356155,254
-88.1398460182612,21.5205516502559,254
-88.1498464511192,21.6005480841936,254
-88.8998640980908,21.3838861068917,258
-90.3998990093699,20.8505766191894,264
-88.869862870313,21.1805652430949,259
-88.9498653007134,21.3805561465764,257
-89.5898800848155,21.1005672364551,256
-89.7665524803637,20.3672699837931,263
-87.9598373561178,19.6906350203043,259
-88.2198442898975,19.9806210855911,259
-90.0332209777444,21.1672332472885,258
-89.359874649029,21.1505655106778,256
-87.8798379593319,20.7705857733074,253
-88.869862870313,21.1805652430949,259
-89.3698745128131,21.0005722136091,258
-87.8798357145513,19.8106296384211,259
-87.2098212204949,20.5205984724231,258
-87.7998340710581,19.9306242700465,259
-89.9698827219776,18.540684468512,254
-88.1665168155031,21.5838787875837,254
-87.6664990681611,20.4506007291348,256
-90.4998986362823,19.7906247526464,262
-90.4998986362823,19.7906247526464,262
-90.4998986362823,19.7906247526464,262
-87.3998277216002,21.3605602773387,251
-87.0298172852425,20.700590664157,258
-88.1698461735048,21.280562266163,254
-86.8164802107079,21.183902321723,255
-86.9398142433756,20.3106085844691,261
-87.5198297059191,20.9605779445856,252
-88.5884658933057,20.6986435324331,259
-86.7498117681415,21.2605660225825,255
-86.9164837336449,20.3339375649558,261
-86.9164837336449,20.3339375649558,261
-86.9164837336449,20.3339375649558,261
-88.5884658933057,20.6986435324331,259
-90.7332359969525,19.3173131713949,258
-88.5884658933057,20.6986435324331,259
-88.5884658933057,20.6986435324331,259
-88.5884658933057,20.6986435324331,259
-88.5884658933057,20.6986435324331,259
-88.5884658933057,20.6986435324331,259
-86.8164802107079,21.183902321723,255
-86.8164802107079,21.183902321723,255
-90.053288,21.154678,259
-90.1332233091667,21.1338945097079,260
-90.7599036187897,19.3106464192983,258
-88.5884658933057,20.6986435324331,259
-88.5884658933057,20.6986435324331,259
-88.5884658933057,20.6986435324331,259
-88.5884658933057,20.6986435324331,259
-90.053288,21.154678,259
-86.9164837336449,20.3339375649558,261
-86.9164837336449,20.3339375649558,261
-86.9164837336449,20.3339375649558,261
-86.7498117681415,21.2605660225825,255
-89.7765527085703,20.3622701890622,263
-86.8798146679183,21.1505706907024,255
-88.5884658933057,20.6986435324331,259
-88.5884658933057,20.6986435324331,259
-88.5884658933057,20.6986435324331,259
-87.5398299818796,20.8705819575087,253
-88.5884658933057,20.6986435324331,259
-88.5884658933057,20.6986435324331,259
-86.9164837336449,20.3339375649558,261
-88.5884658933057,20.6986435324331,259
-88.5884658933057,20.6986435324331,259
-88.5884658933057,20.6986435324331,259
-86.9164837336449,20.3339375649558,261
-86.9164837336449,20.3339375649558,261
-88.1665159025023,21.2005658468176,254
-90.71656868154,18.9673295955544,261
-88.1665128627703,21.183899592245,254
-90.71656868154,18.9673295955544,261
-88.1665128627703,21.183899592245,254
-90.0498891781927,20.3172716179047,270
-90.0498891781927,20.3172716179047,270
-90.0498891781927,20.3172716179047,270
-90.0498891781927,20.3172716179047,270
-90.0498891781927,20.3172716179047,270
-90.3998990093699,20.8505766191894,264
-90.0315609332523,21.1655633257852,258
-90.0315609332523,21.1655633257852,258
-88.1665161405188,21.3005613808094,254
-88.1498464511192,21.6005480841936,254
-88.1498464511192,21.6005480841936,254
-88.1498464511192,21.6005480841936,254
-88.8998640980908,21.3838861068917,258
-89.7098814032325,20.4805949523708,262
-88.6498575478473,21.180565717331,258
-90.7199028434259,19.3806432507556,258
-89.359874649029,21.1505655106778,256
-90.3998990093699,20.8505766191894,264
-88.869862870313,21.1805652430949,259
-89.6165507297259,21.10056717659,256
-88.229844506703,19.9706215245037,259
-88.229844506703,19.9706215245037,259
-89.5398771782696,20.4305976101759,259
-86.9198149214737,20.8305850038142,257
-89.9698888329448,20.9305740085293,261
-88.7998604900282,20.9005779608075,260
-87.7598331788888,19.960622971633,259
-89.7765527085703,20.3622701890622,263
-86.8164802107079,21.183902321723,255
-89.5698801106306,21.3005583422925,255
-90.4998986362823,19.7906247526464,262
-88.0998395413298,19.1906580005644,258
-88.1898457765163,20.9105788112521,254
-89.7665524803637,20.3672699837931,263
-86.9831551900368,20.2672904787799,261
-86.8698130473063,20.5305986948518,261
-86.9164837336449,20.3339375649558,261
-88.5884658933057,20.6986435324331,259
-88.5831848512939,20.7339159482069,258
-86.7498117681415,21.2605660225825,255
-86.7498117681415,21.2605660225825,255
-86.7498117681415,21.2605660225825,255
-86.9164837336449,20.3339375649558,261
-90.7332359969525,19.3173131713949,258
-90.7332359969525,19.3173131713949,258
-90.7332359969525,19.3173131713949,258
-90.7299027684374,19.2606488240298,259
-86.8498139648547,21.1605703014392,255
-88.0165085060809,19.6006390725453,259
-88.5884658933057,20.6986435324331,259
-88.5884658933057,20.6986435324331,259
-88.5884658933057,20.6986435324331,259
-88.5498538854775,20.6672590360164,258
-90.053288,21.154678,259
-86.8164802107079,21.183902321723,255
-86.9164837336449,20.3339375649558,261
-90.053288,21.154678,259
-88.5884658933057,20.6986435324331,259
-90.7832353630826,18.6173459390617,260
-90.8099029831826,18.6106791912578,260
-88.0165085060809,19.6006390725453,259
-88.5884658933057,20.6986435324331,259
-88.5884658933057,20.6986435324331,259
-86.9164837336449,20.3339375649558,261
-86.9164837336449,20.3339375649558,261
-86.9164837336449,20.3339375649558,261
-88.5884658933057,20.6986435324331,259
-90.7332359969525,19.3173131713949,258
-86.8998137258455,20.5105995451429,261
-86.8998137258455,20.5105995451429,261
-86.8998137258455,20.5105995451429,261
-86.9164837336449,20.3339375649558,261
-90.71656868154,18.9673295955544,261
-90.71656868154,18.9673295955544,261
-90.2665600527715,18.6340093639977,260
-90.2665600527715,18.6340093639977,260
-88.1665128627703,21.183899592245,254
-88.1665128627703,21.183899592245,254
-88.1665128627703,21.183899592245,254
-88.1665128627703,21.183899592245,254
-90.0498891781927,20.3172716179047,270
-90.0498891781927,20.3172716179047,270
-90.3998990093699,20.8505766191894,264
-90.3998990093699,20.8505766191894,264
-88.1665155456834,21.0505725664413,254
-88.1498464511192,21.6005480841936,254
-88.3598447511965,18.7606776534079,257
-89.2098693231398,20.4705965252588,260
-90.5165691937941,19.8506219448827,264
-90.0332209777444,21.1672332472885,258
-89.4198765304425,21.3205577854951,256
-90.3998990093699,20.8505766191894,264
-89.5498726308848,18.5206863750625,248
-89.5998803266272,21.1005672140172,256
-88.5398548866278,21.1805659525429,257
-87.2798227716914,20.460601061528,258
-88.179843114549,19.8906253152871,258
-88.8898626890384,20.9105773153844,261
-88.55,18.06667,251
-87.5498289876413,20.3339392880114,257
-87.4798292217492,21.170568601394,251
-87.4598263767404,20.1406153188439,259
-86.8164802107079,21.183902321723,255
-89.5698801106306,21.3005583422925,255
-89.3698738334636,20.7305843803371,260
-88.1498464034798,21.5805489698238,254
-90.2598898591709,18.6206800100532,260
-90.4998986362823,19.7906247526464,262
-90.4998986362823,19.7906247526464,262
-87.7298336643798,20.4805992332069,256
-89.7098817089453,20.6005895036681,262
-89.9832195954763,21.1005663460783,258
-90.2598898591709,18.6206800100532,260
-87.6164969780333,20.067285363071,259
-87.6198319139493,20.8705817944357,252
-87.6698321484971,20.4506007222789,256
-88.1698461735048,21.280562266163,254
-87.4398283918706,21.2305659983022,251
-88.1398414912481,19.6106383478267,258
-89.3698689953747,18.7906740147484,247
-86.9831452270538,20.2839397173533,261
-86.8598128062768,20.5305987145876,261
-86.8598128062768,20.5305987145876,261
-86.8698130473063,20.5305986948518,261
-87.0098161305983,20.4006043367642,260
-86.7498117681415,21.2605660225825,255
-86.9164837336449,20.3339375649558,261
-86.8831477484972,21.1505706841759,255
-88.5831848109323,20.7172567016257,258
-86.7498117681415,21.2605660225825,255
-86.7498117681415,21.2605660225825,255
-86.7198109322606,21.2105683163216,255
-86.9164837336449,20.3339375649558,261
-90.7332359969525,19.3173131713949,258
-86.7198109322606,21.2105683163216,255
-88.5884658933057,20.6986435324331,259
-88.5884658933057,20.6986435324331,259
-90.053288,21.154678,259
-86.9164837336449,20.3339375649558,261
-90.8099029831826,18.6106791912578,260
-88.5498538854775,20.6672590360164,258
-87.9898380064012,19.6606363468248,259
-88.5884658933057,20.6986435324331,259
-88.5884658933057,20.6986435324331,259
-88.5884658933057,20.6986435324331,259
-90.053288,21.154678,259
-86.9164837336449,20.3339375649558,261
-86.9098153486387,21.1305715281208,255
-90.7299026635989,19.2206506927829,259
-88.5884658933057,20.6986435324331,259
-88.5884658933057,20.6986435324331,259
-88.5884658933057,20.6986435324331,259
-86.8698144261586,21.1505707102768,255
-90.7332359969525,19.3173131713949,258
-90.7332359969525,19.3173131713949,258
-86.8998137258455,20.5105995451429,261
-87.9698375728988,19.6806354623915,259
-88.1665128627703,21.183899592245,254
-90.71656868154,18.9673295955544,261
-90.71656868154,18.9673295955544,261
-88.1665128627703,21.183899592245,254
-88.1665128627703,21.183899592245,254
-90.0498891781927,20.3172716179047,270
-90.0498891781927,20.3172716179047,270
-90.0498891781927,20.3172716179047,270
-90.0498891781927,20.3172716179047,270
-90.3998990093699,20.8505766191894,264
-90.0315609332523,21.1655633257852,258
-88.1498464511192,21.6005480841936,254
-89.2098693231398,20.4705965252588,260
-88.51667,18.01667,251
-88.8998640980908,21.3838861068917,258
-88.8998640980908,21.3838861068917,258
-90.3998990093699,20.8505766191894,264
-90.7499013926492,18.5506821741244,259
-90.3832286946379,20.8839051563802,263
-88.8998640980908,21.3838861068917,258
-87.1198192312176,20.6005950184342,258
-88.8298612148283,20.9005778958425,260
-89.0798652248363,20.0806146310547,259
-86.8164802107079,21.183902321723,255
-90.4998986362823,19.7906247526464,262
-90.4998986362823,19.7906247526464,262
-90.4998986362823,19.7906247526464,262
-88.0998394707127,19.1606594048653,259
-87.6198319139493,20.8705817944357,252
-88.1798457965698,21.0205738853653,254
-86.8164802107079,21.183902321723,255
-86.7498117681415,21.2605660225825,255
-86.9164837336449,20.3339375649558,261
-88.5498538854775,20.6672590360164,258
-88.5715244164945,20.6705888387798,258
-90.7332359969525,19.3173131713949,258
-88.5884658933057,20.6986435324331,259
-90.7499034052983,19.3206459765081,258
-86.9831453389372,20.3339374324624,260
-86.8498139648547,21.1605703014392,255
-88.5884658933057,20.6986435324331,259
-88.5884658933057,20.6986435324331,259
-86.7198109322606,21.2105683163216,255
-88.5884658933057,20.6986435324331,259
-88.5884658933057,20.6986435324331,259
-88.5884658933057,20.6986435324331,259
-88.5884658933057,20.6986435324331,259
-90.053288,21.154678,259
-90.1332233091667,21.1338945097079,260
-88.5884658933057,20.6986435324331,259
-88.5884658933057,20.6986435324331,259
-88.5884658933057,20.6986435324331,259
-88.5884658933057,20.6986435324331,259
-88.5884658933057,20.6986435324331,259
-88.5884658933057,20.6986435324331,259
-88.5884658933057,20.6986435324331,259
-86.9164837336449,20.3339375649558,261
-90.8099029831826,18.6106791912578,260
-86.9398160515468,21.1205719174811,255
-88.0165085060809,19.6006390725453,259
-87.9698375728988,19.6806354623915,259
-88.5884658933057,20.6986435324331,259
-86.8998138372397,20.5605972720362,261
-88.5884658933057,20.6986435324331,259
-86.8998137258455,20.5105995451429,261
-87.833164002782,18.2673691801742,264
-88.1665128627703,21.183899592245,254
-90.71656868154,18.9673295955544,261
-87.833164002782,18.2673691801742,264
-88.1665128627703,21.183899592245,254
-88.1665128627703,21.183899592245,254
-88.1665128627703,21.183899592245,254
-87.833164002782,18.2673691801742,264
-88.1665128627703,21.183899592245,254
-90.71656868154,18.9673295955544,261
-88.1665128627703,21.183899592245,254
-90.0498891781927,20.3172716179047,270
-90.0498891781927,20.3172716179047,270
-90.0498891781927,20.3172716179047,270
-90.0498891781927,20.3172716179047,270
-90.0498891781927,20.3172716179047,270
-90.0498891781927,20.3172716179047,270
-90.053288,21.154678,259
-88.8998640980908,21.3838861068917,258
-90.3998990093699,20.8505766191894,264
-90.3998990093699,20.8505766191894,264
-88.0998392902678,19.0839929977322,259
-87.7831632129785,19.7339633844872,260
-88.1498464511192,21.6005480841936,254
-88.8998640980908,21.3838861068917,258
-88.8998640980908,21.3838861068917,258
-88.8998640980908,21.3838861068917,258
-89.5498726308848,18.5206863750625,248
-88.219847097345,21.1605675245041,254
-90.7332357784208,19.2339830618263,259
-89.6498809998222,20.89057653455,259
-90.0332209777444,21.1672332472885,258
-89.8998879253907,21.2338905723427,256
-87.8798379593319,20.7705857733074,253
-88.869862870313,21.1805652430949,259
-88.0331717887148,19.5506413583616,259
-87.9598373561178,19.6906350203043,259
-90.3832286946379,20.8839051563802,263
-88.7498570151512,19.9706204077089,259
-88.7998604900282,20.9005779608075,260
-88.1331756901177,21.4505547721267,254
-89.4165438790224,20.3006038133065,258
-87.6664990681611,20.4506007291348,256
-86.8164802107079,21.183902321723,255
-87.6164969780333,20.067285363071,259
-88.0165085060809,19.6006390725453,259
-87.6198319139493,20.8705817944357,252
-86.933147097722,20.3172752930741,261
-86.9398142433756,20.3106085844691,261
-86.948514,20.344195,261
-87.429571,20.215038,258
-87.428513,20.216053,258
-88.588285,20.698474,259
-88.588285,20.698474,259
-88.588285,20.698474,259
-88.588285,20.698474,259
-88.588285,20.698474,259
-88.588285,20.698474,259
-88.588285,20.698474,259
-88.588285,20.698474,259
-88.588285,20.698474,259
-88.588285,20.698474,259
-88.588285,20.698474,259
-88.588285,20.698474,259
-87.25,20.5,258
-87.429084,20.215992,258
-87.252475,20.481161,258
-87.252664,20.480103,258
-87.255758,20.477433,258
-87.253806,20.479044,258
-87.253097,20.479814,258
-87.251642,20.480808,258
-87.259853,20.471136,258
-87.254917,20.478283,258
-87.252397,20.480239,258
-87.257172,20.474086,258
-87.252472,20.480203,258
-87.255731,20.47745,258
-87.259047,20.471147,258
-87.261119,20.47195,258
-87.255394,20.477731,258
-87.259842,20.471219,258
-87.260664,20.470222,258
-87.2548,20.478364,258
-87.259814,20.471283,258
-87.250717,20.479447,258
-87.259206,20.498356,258
-87.259058,20.472114,258
-87.255242,20.477958,258
-87.259889,20.471164,258
-87.257575,20.474683,258
-87.259869,20.471172,258
-87.255836,20.478778,258
-87.253633,20.479242,258
-87.253986,20.479081,258
-87.259058,20.472114,258
-87.255403,20.477831,258
-87.254111,20.478864,258
-87.259225,20.480997,258
-87.260569,20.470169,258
-87.259994,20.471047,258
-87.259853,20.471244,258
-87.251525,20.480928,258
-87.259353,20.471797,258
-87.256247,20.476781,258
-87.252472,20.480167,258
-87.255117,20.478067,258
-87.253719,20.479,258
-87.257286,20.474431,258
-87.251678,20.480719,258
-87.253708,20.479189,258
-87.260769,20.470125,258
-87.260475,20.470442,258
-87.260128,20.470622,258
-87.259853,20.471136,258
-87.253756,20.479181,258
-87.260081,20.470875,258
-87.2592,20.471942,258
-87.25435,20.478547,258
-87.259058,20.472114,258
-87.256381,20.476708,258
-87.261086,20.469736,258
-87.255453,20.478781,258
-87.256122,20.477053,258
-87.253536,20.479297,258
-87.256342,20.476781,258
-87.259392,20.471769,258
-87.255461,20.477831,258
-87.254417,20.478556,258
-87.250922,20.481064,258
-87.253478,20.479433,258
-87.254761,20.478375,258
-87.260464,20.470358,258
-87.254628,20.478411,258
-87.260042,20.470883,258
-87.261039,20.469817,258
-87.251947,20.480628,258
-87.259058,20.472114,258
-87.257297,20.475317,258
-87.252597,20.480103,258
-87.255097,20.478103,258
-87.259669,20.471489,258
-87.253567,20.479378,258
-87.260483,20.470342,258
-87.259067,20.472158,258
-87.252378,20.480275,258
-87.260639,20.471136,258
-87.259211,20.471978,258
-87.251517,20.480908,258
-87.259278,20.471881,258
-87.254064,20.4789,258
-87.260444,20.470414,258
-87.2548,20.478339,258
-87.252475,20.481286,258
-87.254264,20.478692,258
-87.251467,20.480953,258
-87.256217,20.476808,258
-87.259947,20.471028,258
-87.257575,20.475025,258
-87.251889,20.480664,258
-87.253708,20.479169,258
-87.256361,20.476736,258
-87.252472,20.480167,258
-87.259508,20.472258,258
-87.259889,20.471192,258
-87.260072,20.471028,258
-87.255356,20.477822,258
-87.256128,20.481372,258
-87.255547,20.477875,258
-87.250997,20.481028,258
-87.252456,20.480231,258
-87.259517,20.472167,258
-87.254225,20.4788,258
-87.256192,20.478858,258
-87.257422,20.474919,258
-87.254944,20.478247,258
-87.251208,20.481089,258
-87.254217,20.478736,258
-87.254608,20.478483,258
-87.259986,20.471047,258
-87.253939,20.478989,258
-87.259058,20.472114,258
-87.252378,20.480256,258
-87.260006,20.471011,258
-87.255811,20.481003,258
-87.255519,20.477722,258
-87.260472,20.470322,258
-87.260875,20.470033,258
-87.254792,20.478347,258
-87.259492,20.462256,258
-87.260147,20.470731,258
-87.254831,20.478239,258
-87.259947,20.47065,258
-87.252789,20.480031,258
-87.255453,20.47785,258
-87.253739,20.479578,258
-87.260128,20.470819,258
-87.2592,20.471961,258
-87.254128,20.477897,258
-87.253911,20.479169,258
-87.259058,20.472114,258
-89.598139,19.772139,259
-89.598139,19.772139,259
-89.598139,19.772139,259
-89.796139,20.157139,263
-90.377139,19.930944,266
-89.598139,19.772139,259
-89.889517,18.365033,252
-89.673861,19.428694,258
-89.598139,19.772139,259
-90.111861,19.997917,266
-90.622139,19.785639,261
-89.326361,20.710583,260
-89.400778,18.508861,246
-90.6225,19.785583,261
-90.722305,19.407861,258
-90.360472,19.955528,266
-89.770833,19.408333,257
-90.37525,19.941944,266
-90.610972,19.320528,259
-90.360472,19.955528,266
-90.728417,19.338778,258
-90.386528,19.925583,266
-89.783917,19.499139,257
-89.563138,21.088291,256
-87.036758,20.661987,259
-89.646006,20.24767,260
-87.497714,20.245407,258
-87.130287,20.590046,258
-86.747437,21.259876,255
-88.409904,20.330971,258
-87.382729,20.27791,259
-89.554768,18.269492,245
-88.152065,20.895822,253
-88.387845,18.693707,258
-87.338724,20.373972,258
-87.447693,20.275504,258
-87.473884,20.275137,258
-87.034428,20.667077,258
-87.136215,20.590644,258
-87.761583,18.801538,262
-89.654832,21.043251,257
-89.401573,18.4996,247
-88.79,18.419167,252
-89.614578,21.092958,256
-89.771892,20.358539,263
-86.797048,21.036434,257
-87.236298,20.489653,259
-86.782,21.038333,257
-86.988457,20.272317,261
-87.455563,20.219777,258
-87.246835,20.486915,259
-89.688877,20.728194,261
-89.19445,21.213503,257
-87.134775,20.61675,258
-88.809845,19.897132,260
-89.41215,18.626567,245
-89.629873,20.968145,258
-88.568309,20.679144,258
-89.541419,21.034599,257
-86.887989,20.582707,261
-88.56851,20.683584,258
-87.289342,20.438256,259
-87.922851,20.10308,258
-88.057353,21.594237,254
-89.854737,21.02714,258
-86.751406,21.126103,256
-86.840042,21.142447,255
-89.590848,20.93657,258
-87.234832,20.514457,258
-86.832526,20.983439,257
-87.493853,20.063153,260
-86.886948,20.877817,257
-86.8072,21.252149,255
-87.316344,20.418153,258
-87.114758,20.58203,259
-88.270121,21.297074,255
-89.744007,21.127159,256
-87.288019,20.437253,259
-87.21768,20.542954,257
-87.086687,20.65073,258
-86.823916,21.201371,255
-88.14579,21.595219,254
-89.578186,20.94731,258
-89.739635,18.48099,249
-87.295455,20.431521,258
-86.778889,21.070888,256
-87.479555,19.802972,260
-87.050723,20.682097,258
-87.021635,20.37612,260
-87.118515,20.581772,259
-90.021292,19.550396,261
-89.569777,20.992417,257
-86.852855,21.086035,255
-87.022592,20.377023,260
-89.462243,21.19202,256
-89.659214,21.07061,257
-89.578411,20.947338,258
-86.922343,20.423463,261
-86.883487,20.840193,257
-86.829947,20.981175,257
-87.366187,21.532769,252
-88.180187,21.598108,254
-86.899328,20.849365,257
-90.048645,21.165377,259
-86.902953,20.844127,257
-89.661865,21.005236,257
-89.712999,20.469027,262
-87.054686,20.683313,258
-87.234775,20.51443,258
-86.723781,21.223685,255
-89.619073,20.869174,259
-87.320804,21.517932,253
-87.253983,20.492522,258
-87.066431,20.633095,258
-90.384207,20.859428,264
-89.616325,21.097631,256
-89.761957,20.963442,258
-87.354894,20.314248,259
-89.313728,21.285811,256
-86.873236,21.041931,256
-87.093799,20.637271,258
-86.815681,21.146312,256
-87.429249,20.215725,258
-87.42926,20.214779,258
-86.860696,21.207032,255
-86.974663,20.476582,261
-87.115761,20.580283,259
-87.356362,20.318255,259
-89.626717,21.102821,256
-89.647217,20.249094,260
-89.647256,20.249083,260
-87.548281,21.310752,251
-87.117634,20.580725,259
-88.165716,21.298431,254
-86.84247,21.134058,255
-90.463948,19.753919,262
-87.152436,20.626379,258
-86.967087,20.291181,261
-86.905294,20.854799,257
-90.746895,18.610338,260
-87.084159,20.63923,258
-89.328,21.214,256
-88.143543,21.148611,254
-87.341309,20.509355,257
-90.039485,21.162411,258
-87.429595,20.214247,258
-87.471605,20.213731,258
-90.041531,21.16344,258
-89.066873,20.888092,261
-89.61751,18.258749,245
-86.821495,21.200455,255
-89.575814,20.741775,260
-87.021968,20.376896,260
-89.531913,21.059345,257
-86.95713,20.434944,261
-88.181544,21.110347,254
-88.098442,20.444577,255
-86.93877,21.399248,254
-86.845724,21.2041,255
-86.778938,21.070905,256
-88.153887,21.594985,254
-89.638138,21.029108,257
-90.320625,20.849633,264
-88.043661,20.596526,254
-89.749497,20.990003,258
-87.46987,20.225521,258
-87.385895,21.512555,252
-86.810593,21.252692,255
-87.560688,21.30923,251
-90.030643,21.165627,258
-89.602571,21.069466,257
-90.089814,20.228252,268
-86.810001,21.253057,255
-87.133276,20.588267,258
-88.151986,18.34512,260
-86.771601,21.086548,256
-89.717286,20.64844,262
-86.750071,21.134225,256
-87.013217,20.30414,261
-87.224157,20.508907,258
-88.550513,20.661562,258
-86.96673,20.768162,258
-86.976637,20.724356,258
-87.735655,20.491715,256
-86.816553,21.30223,255
-89.707448,21.015629,257
-89.82383,18.52348,252
-88.322363,18.500236,259
-89.78019,21.219525,255
-86.812927,21.183297,255
-87.571456,20.348869,257
-86.982709,20.465054,261
-88.584913,20.696147,259
-88.264195,18.54421,259
-89.643158,20.860671,259
-89.617494,20.8637,259
-89.591414,20.937299,258
-89.597392,20.833753,259
-87.142198,20.621066,258
-86.814833,21.147408,256
-88.456731,20.589016,257
-86.960541,20.753519,258
-86.944556,20.485827,260
-89.769937,20.360383,263
-87.291591,20.430794,259
-87.7352,20.492545,256
-89.629873,20.968145,258
-88.070083,19.479409,259
-87.014931,20.698915,258
-86.901729,20.84499,257
-89.373867,20.737067,260
-87.117908,20.592942,258
-86.962103,20.498094,261
-87.060959,20.643581,258
-87.637091,20.646514,254
-89.685425,21.12921,256
-89.327872,21.213762,256
-87.184718,20.530826,259
-87.07967,20.617629,259
-89.945269,18.557585,255
-86.821835,21.200448,255
-87.342978,21.416312,252
-86.990005,20.277337,261
-86.93877,21.399248,254
-86.914468,20.86445,257
-86.778623,21.071255,256
-88.308745,20.993194,254
-87.364708,20.350181,258
-87.33363,21.562243,252
-86.817816,21.143541,256
-87.705919,21.484244,252
-87.484257,20.27416,258
-89.844459,18.297807,252
-89.771477,20.360576,263
-88.224914,18.884769,258
-87.039453,20.662588,259
-86.995,20.367,260
-89.770396,20.361305,263
-89.13,18.85,254
-86.84618,20.499953,260
-87.0761292323619,20.6249120021702,259
-86.7312612577028,21.2325773096858,255
-90.7517884374563,19.3156812036317,258
-86.8052849564017,21.1912940126731,255
-89.6133056559732,21.1024161010363,256
-86.8855693358886,20.4896415269375,261
-88.5881398864499,20.6990615142172,259
-88.5881398864499,20.6990615142172,259
-88.5881398864499,20.6990615142172,259
-88.5881398864499,20.6990615142172,259
-88.5881398864499,20.6990615142172,259
-88.5881398864499,20.6990615142172,259
-88.5881398864499,20.6990615142172,259
-86.9172240987118,20.4896414643119,260
-86.7938033537231,21.4961264422286,254
-88.1673189010867,21.1918072368396,254
-88.5881398864499,20.6990615142172,259
-88.1648401232767,21.3103599472836,254
-89.6212965085063,20.9687780803944,258
-86.9172240987118,20.4896414643119,260
-88.5881398864499,20.6990615142172,259
-88.5881398864499,20.6990615142172,259
-88.1648401232767,21.3103599472836,254
-86.7938033537231,21.4961264422286,254
-90.7205077915586,19.3553474280324,258
-89.7253748000917,21.2716882804611,255
-86.9172240987118,20.4896414643119,260
-87.0761292323619,20.6249120021702,259
-89.6212665077304,20.9687580813608,258
-87.7086431725073,19.6259495432182,260
-88.5881398864499,20.6990615142172,259
-88.1648401232767,21.3103599472836,254
-90.7205077915586,19.3553474280324,258
-88.5881398864499,20.6990615142172,259
-88.5881398864499,20.6990615142172,259
-86.9172199776117,20.4353819353438,261
-88.5881398864499,20.6990615142172,259
-88.5881398864499,20.6990615142172,259
-90.7301647021791,19.2329761161416,259
-88.5763275324423,20.670603827801,258
-86.9172251592361,20.5167712299614,260
-89.6212965085063,20.9687780803944,258
-88.5881398864499,20.6990615142172,259
-87.7086431725073,19.6259495432182,260
-90.0301889018383,21.166243298509,258
-88.5881398864499,20.6990615142172,259
-90.7297789032515,19.3131893719387,258
-89.6629153235556,21.285358811314,255
-89.5763304208161,20.9683532004641,257
-86.7938033537231,21.4961264422286,254
-86.8430248147619,21.1668950314302,255
-90.7205077915586,19.3553474280324,258
-90.7301647021791,19.2329761161416,259
-88.8151333354227,20.6869155742789,261
-88.6529136375012,21.1870144223453,258
-89.5891170618493,21.0987943176071,256
-87.7514779902788,19.9659297446727,259
-86.8173142207896,21.1793545237001,255
-90.7205077915586,19.3553474280324,258
-87.7086431725073,19.6259495432182,260
-86.9172240987118,20.4896414643119,260
-88.5881398864499,20.6990615142172,259
-88.5881398864499,20.6990615142172,259
-88.8596766246487,21.1808762512545,259
-90.7517884374563,19.3156812036317,258
-90.7205077915586,19.3553474280324,258
-88.5881398864499,20.6990615142172,259
-86.9172240987118,20.4896414643119,260
-88.5763275324423,20.670603827801,258
-87.7086431725073,19.6259495432182,260
-88.7111245520308,19.7514775993718,260
-88.5881398864499,20.6990615142172,259
-88.5881398864499,20.6990615142172,259
-86.8518733957263,20.4319762198258,261
-90.7517884374563,19.3156812036317,258
-89.2626577771661,21.3415181998206,256
-88.9469682384835,21.3837570104211,257
-88.1372829452231,21.5159588593556,254
-86.7938033537231,21.4961264422286,254
-89.2280669533712,21.3469700332457,257
-90.7517884374563,19.3156812036317,258
-89.5891170618493,21.0987943176071,256
-88.5881398864499,20.6990615142172,259
-86.9172251592361,20.5167712299614,260
-86.7938033537231,21.4961264422286,254
-88.1730232055885,21.2617440995456,254
-90.7517884374563,19.3156812036317,258
-88.8151333354227,20.6869155742789,261
-89.6303629135254,21.0417007850337,257
-88.1648401232767,21.3103599472836,254
-90.7517884374563,19.3156812036317,258
-88.1648401232767,21.3103599472836,254
-89.7703955571796,20.3610802572852,263
-86.8855693358886,20.4896415269375,261
-90.7205077915586,19.3553474280324,258
-89.905066544199,21.0379823304277,259
-88.1648401232767,21.3103599472836,254
-88.5763275324423,20.670603827801,258
-90.9212681127178,19.1688336618339,261
-86.9172240987118,20.4896414643119,260
-89.7253748000917,21.2716882804611,255
-88.5881398864499,20.6990615142172,259
-86.9357862503517,20.8052061184851,257
-88.5881398864499,20.6990615142172,259
-90.7297789032515,19.3131893719387,258
-89.6629153235556,21.285358811314,255
-87.8359460756609,18.2701450419613,264
-88.5881398864499,20.6990615142172,259
-87.9037223304955,21.1092844800704,252
-88.5763275324423,20.670603827801,258
-86.8763219964739,20.4372579308136,261
-90.8092386738836,19.2621225673158,259
-87.8359460756609,18.2701450419613,264
-86.8763219964739,20.4372579308136,261
-90.7517884374563,19.3156812036317,258
-88.5881398864499,20.6990615142172,259
-86.7938033537231,21.4961264422286,254
-86.8052849564017,21.1912940126731,255
-86.8855693358886,20.4896415269375,261
-88.5763275324423,20.670603827801,258
-90.7517884374563,19.3156812036317,258
-90.7517884374563,19.3156812036317,258
-90.8092386738836,19.2621225673158,259
-88.5881398864499,20.6990615142172,259
-90.7517884374563,19.3156812036317,258
-88.7111245520308,19.7514775993718,260
-88.862697031533,20.9101023957629,261
-86.8052849564017,21.1912940126731,255
-90.7205077915586,19.3553474280324,258
-86.9172240987118,20.4896414643119,260
-88.1673189010867,21.1918072368396,254
-88.9469682384835,21.3837570104211,257
-90.7301647021791,19.2329761161416,259
-87.7086431725073,19.6259495432182,260
-88.5881398864499,20.6990615142172,259
-89.7703955571796,20.3610802572852,263
-89.7253748000917,21.2716882804611,255
-90.7297789032515,19.3131893719387,258
-87.7086431725073,19.6259495432182,260
-90.7205077915586,19.3553474280324,258
-87.7086431725073,19.6259495432182,260
-88.1648401232767,21.3103599472836,254
-90.7517884374563,19.3156812036317,258
-90.7205077915586,19.3553474280324,258
-89.7312743274151,19.4589748961553,258
-89.7253748000917,21.2716882804611,255
-86.8518733957263,20.4319762198258,261
-89.7253748000917,21.2716882804611,255
-89.7703955571796,20.3610802572852,263
-88.5881398864499,20.6990615142172,259
-90.1388124112876,21.1212540628038,260
-90.7517884374563,19.3156812036317,258
-89.4599067560387,20.6312066776106,260
-87.7086431725073,19.6259495432182,260
-88.5881398864499,20.6990615142172,259
-90.7517884374563,19.3156812036317,258
-86.9172240987118,20.4896414643119,260
-88.5881398864499,20.6990615142172,259
-89.6212965085063,20.9687780803944,258
-88.5763275324423,20.670603827801,258
-86.9172240987118,20.4896414643119,260
-89.6212965085063,20.9687780803944,258
-87.0761292323619,20.6249120021702,259
-88.5763275324423,20.670603827801,258
-89.638921,21.028971,257
-88.267483,18.54525,259
-88.26205,18.620167,259
-88.242533,18.574783,260
-88.294583,18.65,258
-88.285617,18.63625,259
-88.25475,18.56335,259
-88.233683,18.587683,260
-88.235183,18.607367,260
-88.238717,18.634333,260
-88.23525,18.585533,260
-88.231033,18.592083,260
-88.2575,18.616883,259
-88.294717,18.670333,258
-88.251533,18.624867,259
-88.226867,18.60225,260
-88.984967,18.45715,250
-88.527233,18.758983,256
-88.52685,18.75935,256
-88.042033,19.58635,259
-87.166367,20.56235,259
-88.294117,18.645283,258
-88.296383,18.660383,258
-88.042033,19.58635,259
-88.042033,19.58635,259
-88.267483,18.54525,259
-88.267483,18.54525,259
-88.291083,18.495417,260
-88.291083,18.495417,260
-87.458483,20.149733,259
-88.234,18.607467,260
-89.291211,18.812271,250
-86.863208,20.996757,256
-88.199422,20.692984,253
-87.429076,20.214334,258
-86.763252,21.10821,256
-86.917776,20.866141,257
-86.989319,20.724908,258
-86.817312,21.14381,256
-89.621633,20.865307,259
-89.621496,20.947726,258
-89.771818,20.358936,263
-86.943512,20.777728,258
-87.428877,20.21424,258
-87.073885,20.629559,258
-88.472664,20.747616,257
-87.997721,21.451449,253
-86.904259,20.849871,257
-86.823916,21.201372,255
-88.774733,19.878248,260
-88.456964,20.590689,257
-90.009052,21.134549,258
-87.723286,20.493724,256
-89.651274,21.223672,255
-87.01595,20.413432,260
-89.588807,20.978887,258
-87.639343,19.850957,260
-89.592586,20.96737,258
-86.845392,20.500038,261
-86.816111,21.143811,256
-89.841039,21.245644,256
-87.61114,20.078728,259
-90.304406,20.299546,268
-87.634592,20.645816,254
-89.534365,20.99217,258
-86.979112,20.748307,258
-90.528495,19.829595,263
-87.196856,20.529258,259
-87.094931,20.650089,258
-87.120654,20.580281,259
-87.368614,21.530331,252
-88.722607,19.760718,260
-86.903938,20.850288,257
-88.388739,18.677377,258
-88.117517,21.137293,254
-87.354031,20.388374,258
-89.499532,21.079305,257
-86.952594,20.764544,258
-87.119698,20.580913,259
-87.6913,20.757514,253
-86.851528,21.161908,255
-88.453996,20.592081,257
-87.285995,20.445013,259
-87.609663,20.078358,259
-90.298003,20.373601,268
-86.82843,21.136125,256
-89.846706,18.29195,252
-88.160208,21.572057,254
-87.46394,20.246623,258
-87.592621,20.719382,253
-86.827815,20.988411,257
-88.448325,18.677795,256
-90.537435,19.840576,264
-89.401944,18.499659,247
-89.621108,21.06237,257
-88.153407,20.598642,254
-88.10496,21.55943,254
-86.969083,20.476732,261
-86.956082,20.765151,258
-86.97158,20.463472,261
-88.570719,20.679292,258
-87.06569,20.630786,258
-87.405773,21.458073,252
-90.715869,19.356853,258
-87.192252,21.210268,253
-89.768383,20.359906,263
-90.385069,20.851438,264
-89.290173,18.811785,250
-89.902689,18.522881,255
-88.632736,18.552582,253
-89.586573,20.944909,258
-89.589552,20.989263,258
-87.192479,21.210315,253
-87.192337,21.210317,253
-87.097825,20.605392,258
-87.125328,20.853831,255
-89.632975,21.054055,257
-87.073213,20.647509,258
-87.23748,20.52064,258
-88.425917,18.632271,256
-86.780714,21.061236,256
-89.629872,20.968147,258
-87.447363,20.241015,258
-87.489313,20.003435,260
-86.774624,21.113234,256
-89.499658,21.079269,257
-87.943284,18.001592,266
-89.46529,20.118103,257
-89.59352,21.091372,256
-87.449557,20.209807,258
-89.510275,18.575598,246
-87.429406,20.215318,258
-86.845626,21.203658,255
-89.251901,21.212734,257
-87.316522,18.592619,264
-87.337665,20.362853,258
-88.322561,18.513019,259
-89.354893,21.312704,256
-88.300059,20.715015,254
-89.623642,21.095706,256
-87.858299,20.026285,258
-89.466076,18.516904,246
-86.761395,21.137552,256
-86.814995,21.146312,256
-87.69939,21.516701,252
-88.523062,18.124999,250
-86.83171,20.985672,257
-87.237433,20.520603,258
-90.402072,20.858675,264
-86.85797,20.40413,261
-86.7464816839092,21.2588961036674,255
-86.7464816839092,21.2588961036674,255
-88.38333,18.38333,253
-90.39697,20.85912,264
-87.02257,20.35483,261
-86.99194,20.44566,261
-88.5665242877703,20.667259000295,258
-86.93867,20.52878,260
-88.5665242877703,20.667259000295,258
-88.5665242877703,20.667259000295,258
-88.5665242877703,20.667259000295,258
-88.5665242877703,20.667259000295,258
-89.6165503899067,20.9672431600576,258
-88.5665242877703,20.667259000295,258
-90.40212,20.85066,264
-86.93867,20.52878,260
-86.99194,20.44566,261
-88.5665242877703,20.667259000295,258
-88.38333,18.38333,253
-89.6165503899067,20.9672431600576,258
-88.5665242877703,20.667259000295,258
-90.40212,20.85066,264
-86.85797,20.40413,261
-89.6665524078164,21.2838888686972,255
-88.5665242877703,20.667259000295,258
-88.38333,18.35425,252
-90.39697,20.85912,264
-87.02257,20.35483,261
-86.85797,20.40413,261
-88.5665242877703,20.667259000295,258
-88.5665242877703,20.667259000295,258
-89.2165394756615,20.4672666619774,260
-86.9164837336449,20.3339375649558,261
-88.40487,18.36277,252
-90.40212,20.85066,264
-86.93867,20.52878,260
-89.6165503899067,20.9672431600576,258
-88.5665242877703,20.667259000295,258
-88.5665242877703,20.667259000295,258
-89.6665524078164,21.2838888686972,255
-88.6998514996326,18.1840372841583,252
-88.4298499408746,20.2306091689568,258
-90.39697,20.85912,264
-87.02257,20.35483,261
-86.99194,20.44566,261
-88.5665242877703,20.667259000295,258
-88.5665242877703,20.667259000295,258
-89.570956,20.803481,259
-89.551872,20.089031,259
-89.570541,21.05678,257
-89.360611,21.172817,256
-89.538417,18.222212,247
-86.761867,21.131942,256
-86.778671,21.070797,256
-86.836914,21.132303,255
-89.770147,20.360781,263
-86.989432,20.27344,261
-89.639981,20.969476,258
-88.243133,18.878028,258
-87.761248,20.198408,257
-86.777117,21.077228,256
-86.821612,21.200613,255
-88.516738,20.565617,258
-89.290587,20.743098,260
-86.990137,20.447634,261
-89.167715,20.759649,261
-86.94496,20.501782,260
-87.486259,20.274178,258
-90.687636,19.639204,260
-88.330078,20.303418,258
-86.856297,21.102252,255
-89.659044,20.981209,258
-86.821629,21.101504,256
-87.225714,20.498452,259
-87.023207,20.695846,258
-88.100503,21.605228,254
-87.142485,20.621151,258
-90.041794,21.163306,259
-87.342359,20.384256,258
-86.773849,21.077297,256
-87.5512,20.542999,255
-87.239657,20.49522,259
-89.64169,21.08199,257
-88.310095,18.517974,259
-89.646043,21.222773,255
-86.836888,21.144536,255
-89.679156,21.051103,257
-89.61566,20.866027,259
-88.821448,18.651983,253
-86.891611,20.828548,258
-87.103333,20.652779,258
-86.772681,21.04622,256
-89.623428,21.076795,257
-86.796139,21.124381,256
-87.429349,20.214661,258
-86.823286,20.997376,257
-87.118141,20.580315,259
-86.881788,20.875467,257
-90.19641,20.813307,264
-86.838549,21.202583,255
-89.771716,20.360398,263
-86.798728,21.494742,254
-87.803498,18.348724,264
-87.429154,20.214398,258
-89.60981,18.046472,248
-89.408845,18.370799,247
-87.12874,20.591042,258
-86.833979,21.14602,255
-86.879754,20.845437,257
-89.110454,21.35703,257
-89.290841,18.82475,250
-87.357812,20.319359,259
-86.756737,21.119913,256
-87.579038,20.178273,258
-87.010125,20.705013,258
-89.588769,20.979136,258
-88.809845,19.897132,260
-89.564247,21.053314,257
-86.857702,21.056103,256
-86.993321,20.364903,260
-88.15566,20.598714,254
-88.706081,19.748568,259
-89.59945,20.950056,258
-89.559363,21.089233,256
-89.896262,18.384843,253
-87.6097,20.077831,259
-89.889643,18.47612,254
-89.317402,21.282695,256
-88.568309,20.679144,258
-88.569322,18.53142,253
-86.777217,21.074294,256
-88.223991,18.907342,258
-89.609697,21.152524,255
-87.583889,20.721944,253
-88.452492,20.591909,257
-89.574775,21.254916,255
-90.704499,19.363579,258
-89.173447,21.344087,257
-86.899772,20.848117,257
-88.312108,20.996205,254
-89.399898,18.526956,246
-86.816905,21.14341,256
-87.396476,20.343564,258
-88.633116,21.110319,258
-87.086789,20.650439,258
-90.350157,20.750031,265
-89.706024,20.91564,259
-89.809027,18.107697,251
-87.428572,20.215422,258
-87.167041,20.553629,258
-88.118254,20.730701,253
-89.61751,18.258749,245
-86.871825,20.388171,261
-89.98854,20.350272,268
-89.730942,21.273596,255
-88.153541,20.598896,254
-87.357812,20.319359,259
-90.047222,21.163337,259
-88.163415,21.146326,254
-89.629873,20.968145,258
-89.274822,21.126411,257
-87.192027,21.210448,253
-86.735768,21.236695,255
-89.964298,18.215198,252
-86.886574,20.8818,257
-86.918139,20.864885,257
-87.096803,20.632925,258
-86.778051,21.073342,256
-90.418924,19.770541,262
-86.840728,21.142774,255
-89.515822,21.07389,257
-89.519518,21.074998,257
-88.456562,20.616675,257
-86.8647,20.882102,257
-89.596334,21.092874,256
-89.516229,21.068569,257
-89.771481,20.360738,263
-89.495697,20.609068,260
-88.145203,21.617605,254
-86.838169,21.143114,255
-88.396754,18.40308,253
-88.479138,19.181739,258
-88.165879,20.60012,254
-87.721397,20.494042,256
-89.586632,20.944028,258
-86.815199,21.145712,256
-89.617498,20.986106,258
-87.260086,20.49912,258
-87.223257,20.503379,258
-86.870399,21.133299,255
-87.149885,20.625502,258
-87.477778,20.03173,260
-89.623008,20.94456,258
-89.179434,21.287455,257
-90.300346,20.177532,268
-87.348664,20.33776,258
-87.725238,21.208481,252
-86.829361,20.988375,257
-86.944624,20.50717,260
-87.775376,18.399121,264
-87.429282,20.214817,258
-88.809845,19.897132,260
-87.401908,20.252588,259
-90.382223,20.896622,263
-87.220947,20.501998,258
-87.110246,20.587239,258
-90.39039,20.88127,263
-87.021666,20.381542,260
-89.581868,21.002041,257
-86.957013,20.764264,258
-87.119698,20.580913,259
-86.822145,21.200358,255
-88.553497,18.019711,252
-86.867239,21.126478,255
-87.673194,21.515916,252
-87.429478,20.214327,258
-89.634183,21.28074,255
-88.809845,19.897132,260
-87.230995,20.510131,258
-88.809027,19.905616,260
-88.131468,20.614655,254
-88.456643,20.590674,257
-87.42938,20.214755,258
-87.070625,20.637021,258
-87.429056,20.213983,258
-87.440235,20.210996,258
-86.774377,21.074712,256
-86.990627,20.446886,261
-86.851813,21.096928,255
-88.445925,20.589003,257
-87.429005,20.216463,258
-87.375847,21.525527,252
-86.845937,21.158964,255
-87.726731,20.491668,256
-87.062039,20.701569,258
-89.724681,20.995166,258
-87.350172,20.33913,258
-87.234848,20.51442,258
-87.121968,20.582072,259
-87.720567,20.494378,256
-86.992394,20.367419,260
-87.738091,20.492208,256
-88.878928,18.47453,253
-89.268463,18.624115,247
-86.988275,20.272975,261
-87.013132,20.75551,258
-88.389287,18.674226,258
-87.061778,20.689367,258
-86.778622,21.072104,256
-89.416325,21.140424,256
-86.735768,21.236695,255
-86.944624,20.50717,260
-86.845667,21.204101,255
-88.321218,19.34014,258
-89.305926,18.44115,249
-90.048391,21.164596,259
-89.552684,21.046922,257
-90.639004,19.627749,260
-87.005515,20.299888,261
-89.066873,20.888092,261
-86.931971,20.940206,256
-87.428924,20.214593,258
-87.083132,20.749127,258
-86.830555,20.966579,257
-87.094987,20.603051,258
-86.880831,20.482783,261
-89.537717,21.035961,257
-88.550502,20.661471,258
-89.289068,21.049458,258
-87.093334,20.631628,258
-86.911123,20.43585,261
-87.531814,20.028599,260
-89.260343,21.34222,256
-88.145826,21.535151,254
-89.717286,20.64844,262
-87.068734,20.624309,259
-87.46414,20.246509,258
-87.634499,20.647305,254
-87.912216,18.004669,266
-89.616947,20.953838,258
-89.487063,18.403487,246
-88.935819,20.304238,260
-89.580707,20.947622,258
-89.578333,20.170833,259
-89.466133,18.517438,246
-89.630034,18.588932,250
-87.395126,21.510695,252
-87.73297,21.395431,252
-88.160186,21.596572,254
-86.816025,21.146633,256
-90.047969,21.164741,259
-89.768383,20.359906,263
-87.112786,20.583408,258
-88.449028,20.59173,257
-86.77693,21.070342,256
-86.804639,21.028965,257
-86.84983,20.41549,261
-86.817701,21.144426,256
-89.808662,18.1151,251
-89.556428,21.054864,257
-87.608908,21.361378,251
-89.230833,21.347251,257
-87.956633,21.457256,253
-87.611117,20.075754,259
-87.42868,20.214803,258
-90.850711,19.22684,260
-88.353292,18.7324,258
-87.121833,20.578963,259
-86.855771,20.975019,256
-88.484387,20.50696,257
-86.789176,21.471106,254
-86.989224,20.273049,261
-87.30586,20.410267,259
-88.798674,19.879666,260
-89.554768,18.269492,245
-89.712611,20.256408,261
-90.026126,18.31275,254
-89.446092,20.893455,258
-88.809845,19.897132,260
-89.558605,18.497914,247
-87.224343,20.509033,258
-89.556069,21.038318,257
-88.806111,19.929764,260
-87.296445,20.428443,258
-89.978971,21.178855,258
-90.167766,20.899158,263
-87.422676,20.452106,257
-87.363916,20.350174,258
-89.396111,20.972778,258
-89.436052,20.389031,258
-88.292236,20.6994,255
-89.365459,21.288732,256
-87.726636,19.647855,260
-87.066154,20.631649,258
-87.207106,20.534942,259
-89.703824,20.982775,258
-87.027864,20.670775,258
-87.027458,20.637313,259
-87.595753,20.090878,259
-90.458953,19.864513,264
-89.629873,20.968145,258
-86.966059,20.843293,257
-87.429391,20.215659,258
-89.330519,21.296162,256
-88.800657,19.894155,260
-87.464042,20.246508,258
-86.778837,21.071878,256
-86.826225,21.139403,256
-89.544631,21.307933,255
-86.836806,21.143483,255
-87.436273,20.217419,258
-87.009616,20.30378,261
-89.279532,21.132295,257
-86.824215,21.174487,255
-89.69895,20.988708,258
-89.662822,21.16,256
-88.495247,20.466101,257
-87.46535,20.211419,258
-87.514711,20.271813,258
-86.820678,21.14717,256
-89.527288,18.330009,246
-87.576141,20.735052,253
-86.819708,21.147505,256
-89.717286,20.64844,262
-88.392971,18.493297,256
-89.655463,20.981973,258
-89.808544,18.114527,251
-87.23638,20.489462,259
-89.569569,21.031244,257
-87.123344,20.581874,259
-86.876106,20.848249,257
-86.804749,21.243719,255
-87.756383,21.463245,252
-86.919719,21.123088,255
-87.020809,20.382782,260
-87.181547,20.624313,257
-89.629873,20.968145,258
-87.021666,20.381542,260
-88.806111,19.929764,260
-86.805509,21.242652,255
-89.116514,21.351069,257
-89.293749,21.297302,256
-88.312613,18.551274,259
-87.082986,20.620358,259
-88.135827,20.8907,253
-87.063779,20.63347,258
-89.514779,21.06763,257
-88.036339,21.588224,254
-87.133897,20.588658,258
-89.715042,18.562375,251
-89.629873,20.968145,258
-88.809845,19.897132,260
-89.928388,20.968999,260
-86.821268,21.026893,257
-86.954506,20.848003,257
-89.602379,20.946329,258
-86.945406,20.510213,260
-88.2952,18.493062,259
-89.894637,18.467581,254
-86.8917,20.829312,258
-89.657258,20.976919,258
-87.125777,20.584268,258
-89.332226,21.18691,256
-87.299276,20.418344,258
-87.478136,19.799075,260
-87.464131,20.246486,258
-86.73227,21.221987,255
-87.077202,20.863309,256
-90.393951,20.874848,264
-86.815789,21.145872,256
-87.316522,18.592619,264
-86.851528,21.161908,255
-87.475409,19.814654,260
-87.609942,20.084323,259
-87.258578,20.491317,258
-87.725876,20.492007,256
-86.930483,20.997054,256
-89.619995,20.978133,258
-89.640242,20.865739,259
-87.368508,21.531477,252
-87.126078,20.585447,258
-88.386931,18.679131,258
-87.071259,20.655187,258
-86.83171,20.985672,257
-88.014784,19.880167,259
-86.842836,21.161413,255
-87.428889,20.215278,258
-86.821871,21.007942,257
-89.671067,20.924937,258
-89.60685,21.003225,257
-86.933263,20.856204,257
-88.152104,20.597986,254
-86.851922,21.089842,255
-87.039016,20.660899,259
-87.583889,20.721944,253
-89.024636,20.797985,262
-87.016234,20.699799,258
-87.079026,20.632346,258
-86.833855,21.140673,255
-86.883096,20.85057,257
-87.47793,20.00371,260
-86.86782,20.87213,258
-88.550438,20.661014,258
-89.664442,20.985968,258
-89.672298,18.037439,249
-86.856374,20.972216,256
-88.146019,21.535922,254
-87.988232,19.606406,259
-86.781288,21.061475,256
-88.980659,21.130872,259
-87.093704,20.600471,258
-86.773945,21.092234,256
-87.07323,20.766811,257
-87.894461,18.24809,264
-88.524022,20.729241,257
-89.603155,21.264192,255
-87.020923,20.375933,260
-87.72293,20.484418,256
-87.11849,20.584937,258
-89.43438,18.511713,246
-86.846847,21.04908,256
-86.951981,20.763819,258
-86.719711,21.211019,255
-89.631855,21.276431,255
-87.594561,21.182818,251
-88.273272,20.645453,254
-89.536292,21.048845,257
-87.670581,21.516769,252
-89.680566,20.646869,262
-87.148153,20.791788,256
-89.089854,21.15058,259
-87.428994,20.213686,258
-88.202249,20.68964,253
-86.942223,20.500278,260
-87.341087,20.373774,258
-87.323035,20.37891,259
-89.598031,20.735936,260
-87.094822,20.602179,258
-87.010449,20.70273,258
-87.222412,20.49968,259
-87.051719,20.679137,258
-86.914493,20.864546,257
-86.957482,20.769992,258
-89.649157,21.223861,255
-87.35469,20.326315,259
-86.776684,21.140775,256
-86.958256,20.76901,258
-86.839871,21.142341,255
-86.837928,21.149684,255
-89.61201,21.032659,257
-89.461089,20.630056,260
-86.897937,20.867826,257
-89.57839,20.947345,258
-89.578532,20.94732,258
-88.453422,20.591208,257
-88.175506,19.037204,258
-87.429975,20.216155,258
-89.329402,21.21411,256
-86.776558,21.079856,256
-88.812317,18.430863,250
-87.415515,20.242426,259
-89.897803,18.372434,252
-87.632704,20.644672,254
-89.629873,20.968145,258
-87.355305,20.315461,259
-86.835337,21.156168,255
-87.134049,20.552179,259
-88.790629,18.419746,252
-87.60868,21.278676,251
-87.429421,20.21495,258
-87.023807,20.369817,261
-87.045163,20.660921,258
-89.629873,20.968145,258
-87.258718,20.471556,258
-86.89079,20.83305,258
-87.12813,20.590692,258
-89.868828,20.756708,262
-89.460493,20.629589,260
-88.197263,20.691668,253
-86.958442,20.769691,258
-89.285438,21.131107,257
-88.809845,19.89728,260
-86.905747,20.861272,257
-86.836726,21.143491,255
-87.865906,21.455595,252
-87.428956,20.213861,258
-87.429117,20.213787,258
-87.428757,20.213968,258
-86.988261,20.317416,261
-88.145267,21.59482,254
-86.960393,20.757448,258
-87.123212,20.600843,258
-88.901864,21.368891,258
-90.685951,18.300257,263
-89.499564,21.079335,257
-89.714001,20.467723,262
-89.653895,21.041407,257
-89.426726,21.316276,256
-87.227915,20.506409,258
-87.428931,20.214593,258
-89.624828,21.267631,255
-87.153543,20.614095,258
-87.307615,20.415667,259
-89.213592,20.963888,259
-87.139583,20.599404,258
-89.685902,20.965665,258
-86.773949,21.077415,256
-89.869923,18.440045,253
-89.48845,18.407944,246
-88.248946,21.507105,255
-90.381185,20.909437,263
-87.429315,20.215351,258
-87.432289,20.215364,258
-87.098617,20.594208,258
-88.566936,20.679626,258
-89.58347,20.915847,258
-90.347222,19.956389,266
-86.996154,20.386161,260
-87.491992,19.805956,260
-89.219918,20.656042,261
-87.722289,20.485961,256
-88.153245,20.598399,254
-86.949883,20.770956,258
-89.643509,21.024143,257
-87.429002,20.213815,258
-89.640531,20.967322,258
-89.85589,18.300425,252
-86.85911,21.167069,255
-89.665514,21.075571,257
-88.79,18.419167,252
-89.460306,20.629305,260
-88.136119,18.237655,259
-87.206816,20.536601,259
-87.368478,21.531678,252
-88.263334,18.544599,259
-89.801517,18.111836,251
-89.62052,21.033986,257
-86.823596,21.199825,255
-87.958151,20.89338,253
-88.295953,21.1502,255
-86.717673,21.208477,255
-87.25024,20.490582,258
-87.141496,20.62117,258
-86.873199,20.848707,258
-86.735768,21.236695,255
-87.073233,20.657549,258
-86.95551,20.764871,258
-86.878008,20.844447,257
-89.551854,20.091153,259
-86.946764,20.481247,260
-86.954298,20.763811,258
-89.629873,20.968145,258
-89.814606,18.007468,252
-87.062724,20.700126,258
-87.45051,20.209054,258
-88.145738,21.594759,254
-88.859817,19.931873,260
-87.632892,20.646592,254
-87.021179,20.371113,261
-89.643036,20.860718,259
-87.095262,20.603313,258
-86.821521,21.20078,255
-88.560989,18.003025,252
-88.197762,20.691533,253
-89.635787,20.999788,258
-88.809845,19.897132,260
-86.929119,20.903687,257
-89.361103,21.234402,256
-87.445354,20.182256,259
-89.657927,20.898736,259
-86.801439,21.278027,255
-87.23483,20.514358,258
-87.779726,21.490589,252
-89.327465,21.153556,257
-89.70525,18.593278,251
-87.611412,20.078854,259
-87.730965,20.490549,256
-87.29729,20.428224,258
-87.429267,20.215047,258
-89.250809,20.680486,260
-86.844592,21.024912,256
-87.464295,20.246459,258
-87.23765,20.520538,258
-89.7715,20.361137,263
-89.309591,20.711908,260
-87.733527,20.496529,256
-87.081757,20.61222,259
-87.202797,20.986832,254
-86.773108,21.080545,256
-88.183211,18.317817,259
-87.430205,20.212437,258
-86.788032,21.473642,254
-86.840957,21.143117,255
-86.815957,21.262532,255
-88.567783,20.684285,258
-86.85009,20.42941,261
-86.901787,20.854378,257
-86.836793,21.143676,255
-89.653959,21.042563,257
-87.395748,20.255053,259
-88.55768,18.02655,252
-89.597397,21.120481,256
-86.914472,20.864617,257
-87.708025,18.715715,263
-87.476158,20.197237,259
-87.139978,20.621172,258
-87.62567,20.65376,254
-88.526316,20.650863,257
-89.326892,21.21357,256
-88.186862,20.885339,254
-87.7381,20.48805,256
-87.071461,20.633431,258
-87.08996,20.61345,258
-88.315227,21.150189,255
-89.641526,20.927599,258
-87.193517,21.210075,253
-89.664194,18.424783,247
-89.250809,20.680486,260
-88.889212,18.460736,253
-89.623056,21.071944,257
-87.211112,20.545344,257
-86.822009,21.200173,255
-90.485391,19.766225,262
-88.116179,19.186183,258
-86.778462,21.072262,256
-89.809756,18.105346,251
-87.110502,20.663222,258
-87.615747,20.075914,259
-87.076928,20.864522,256
-87.723992,20.485872,256
-88.272502,21.399106,255
-89.63677,21.089196,256
-86.822475,21.200654,255
-89.652669,21.031512,257
-89.519447,20.699192,260
-88.457132,20.589139,257
-88.571962,20.680494,258
-87.34159,20.371601,258
-90.375237,19.944537,266
-89.58518,21.128677,255
-89.630304,21.106215,256
-88.511062,20.301261,259
-89.615091,20.868377,259
-86.753186,21.127112,256
-86.829894,20.985683,257
-86.966264,20.759005,258
-87.028015,20.669467,258
-89.637746,21.173732,255
-89.287208,20.734972,260
-88.303757,20.711775,254
-89.659474,20.897363,259
-87.151535,20.625865,258
-88.479138,19.181739,258
-86.90393,20.845538,257
-88.193277,20.804595,254
-88.197346,20.691638,253
-86.730136,21.226669,255
-86.929881,20.86088,257
-86.894759,20.889226,257
-89.766998,20.363425,263
-88.568344,20.684826,258
-87.315901,20.395974,259
-87.433062,20.212823,258
-87.429925,20.213416,258
-87.59187,20.73259,253
-87.046724,20.666208,258
-87.429421,20.21495,258
-87.007531,20.705367,258
-87.072081,20.634617,258
-87.428581,20.215641,258
-86.980626,20.745431,258
-90.462603,19.079461,258
-87.41645,21.347382,251
-89.460493,20.629629,260
-87.051719,20.679117,258
-86.765729,21.102915,256
-89.843758,21.247835,256
-89.646418,20.982162,258
-89.613631,21.292269,255
-86.904231,20.845267,257
-87.511346,20.13266,259
-88.433924,18.379749,252
-89.621633,20.865307,259
-87.943284,18.001592,266
-87.038485,20.660757,259
-87.727203,20.490139,256
-86.816368,21.145992,256
-87.079815,20.867057,256
-86.918242,20.550357,261
-86.776684,21.140775,256
-88.251322,21.489929,255
-87.063324,20.66697,258
-88.054788,19.56549,259
-87.377348,20.299813,258
-88.56797,20.687673,258
-88.058423,21.59468,254
-89.625619,21.076432,257
-89.61751,18.258749,245
-89.589249,20.944956,258
-88.809845,19.897132,260
-89.643552,21.127823,256
-87.46535,20.211419,258
-89.635406,21.156924,256
-87.509579,19.81523,260
-89.158589,20.044229,255
-86.960552,20.497979,261
-88.554846,18.074758,251
-86.814803,21.269112,255
-89.635345,21.281988,255
-87.722443,18.677872,263
-88.99479,18.945236,253
-86.748755,21.259138,255
-86.923272,20.326112,261
-89.525442,20.910295,259
-86.735768,21.236695,255
-86.914661,20.86447,257
-87.839291,21.463454,253
-87.196079,21.210299,253
-89.488527,18.51673,246
-87.199405,20.530555,259
-86.956135,20.765396,258
-86.868325,20.870105,258
-86.953924,20.763926,258
-86.821908,21.200262,255
-87.354219,20.388311,258
-88.135644,20.891754,253
-87.023258,20.377505,260
-89.42591,21.31798,256
-89.621285,20.812835,259
-89.980376,21.178776,258
-86.988542,20.272205,261
-88.117349,21.137691,254
-89.594518,21.091746,256
-87.315028,20.430688,258
-86.902347,20.846809,257
-90.047447,21.163269,259
-89.32783,21.21394,256
-87.094294,20.601827,258
-88.155315,21.598551,254
-87.206108,20.543394,258
-88.276148,20.452234,256
-87.429185,20.213331,258
-89.192709,21.271353,257
-90.37192,20.943903,263
-87.118487,20.579731,259
-87.022536,20.680222,258
-86.789486,21.471818,254
-89.32549,20.206176,256
-87.019026,20.382819,260
-86.826162,21.155948,256
-87.19445,20.531642,259
-87.379832,21.521897,252
-86.974836,20.476296,261
-88.200215,20.690859,253
-89.296661,20.746617,260
-89.954012,20.56145,264
-87.726037,20.491199,256
-88.809845,19.897132,260
-86.815282,21.175557,255
-90.159111,21.141705,260
-88.31126,18.532189,259
-89.828624,18.504771,252
-86.773726,21.081147,256
-87.05029,20.649218,258
-88.571752,20.653135,258
-89.668062,18.044096,249
-89.48728,18.403112,246
-89.61069,20.969459,258
-90.684785,19.628202,260
-88.568565,20.683005,258
-88.157898,21.596482,254
-87.445305,20.216807,258
-87.027138,20.368387,261
-89.655223,21.042282,257
-88.706081,19.748611,259
-89.538417,18.222212,247
-87.287807,20.43743,259
-87.444704,20.192015,259
-87.086609,20.650543,258
-89.573598,21.245441,255
-87.119628,20.585168,258
-87.429249,20.215725,258
-89.227536,20.985057,259
-87.38185,20.278839,259
-87.357812,20.319359,259
-86.893641,20.83312,258
-87.298446,20.465513,258
-88.489327,18.071415,251
-86.793372,21.145847,256
-89.387471,18.214834,248
-86.951211,20.83476,257
-86.788858,21.472036,254
-90.059716,20.237672,267
-90.53149,19.862592,264
-88.157898,21.596482,254
-87.48162,20.007626,260
-89.544483,20.986733,257
-88.568309,20.679144,258
-87.343219,20.377675,258
-87.079144,20.643135,258
-87.009678,20.393273,260
-87.448551,20.215548,258
-87.095912,20.597724,258
-86.851528,21.161908,255
-88.149609,21.145469,254
-86.770478,21.093468,256
-87.260971,20.49006,258
-88.148832,20.598693,254
-89.592586,20.96737,258
-87.127047,20.594607,258
-88.568043,20.686766,258
-86.851775,21.089853,255
-86.851528,21.162153,255
-87.390717,20.325205,258
-89.516289,21.06856,257
-89.604496,21.069588,257
-89.600952,21.034105,257
-87.304582,20.415769,259
-87.333053,20.362689,259
-89.4906,18.40935,246
-89.685639,21.129067,256
-87.92192,21.595057,253
-90.526182,19.799667,263
-87.792039,18.656361,262
-87.334882,21.430238,252
-89.19445,21.213503,257
-89.230522,21.054581,258
-86.964158,21.113206,254
-90.371135,20.94441,263
-86.814308,21.145992,256
-89.642982,20.953359,258
-86.943475,20.777613,258
-89.399837,18.526835,246
-87.429421,20.21495,258
-87.913467,21.154606,252
-87.118515,20.581772,259
-89.319342,21.274004,256
-89.564098,18.542188,247
-86.825383,21.162068,256
-87.429073,20.214089,258
-87.269694,20.552992,257
-86.778921,21.070864,256
-87.943284,18.002542,266
-86.939423,20.783583,258
-86.897713,20.85187,257
-88.176727,21.567032,255
-89.600706,21.286361,255
-86.842283,21.15846,255
-89.398245,18.510981,246
-89.770786,20.361045,263
-86.863165,21.204033,255
-89.68576,20.87405,259
-88.79377,19.890014,260
-87.56088,20.345067,257
-89.593244,20.997526,258
-89.621633,20.865307,259
-89.396111,20.972778,258
-90.048825,21.164654,259
-88.128544,21.609729,254
-89.035563,19.669342,259
-86.905499,20.853893,257
-86.818128,21.145381,256
-87.237647,20.490773,259
-88.233237,18.608981,260
-89.618093,21.053396,257
-89.652838,20.983604,258
-87.614179,20.661852,255
-87.19282,21.210252,253
-89.492919,18.410089,246
-89.538417,18.222212,247
-87.429038,20.214466,258
-89.769099,20.360957,263
-89.320258,21.277121,256
-89.592544,21.006319,257
-88.443344,20.590216,257
-90.495656,19.793707,263
-89.768383,20.359906,263
-86.988577,20.273012,261
-89.621956,21.096909,256
-87.429038,20.214466,258
-87.429537,20.214586,258
-87.477112,19.800239,260
-88.566568,18.045143,251
-87.046142,20.671555,258
-86.861277,21.208763,255
-86.824075,21.200975,255
-88.902723,20.661495,261
-90.193571,20.783097,264
-89.617965,21.044766,257
-89.829297,21.236273,256
-86.836508,21.14372,255
-86.951981,20.763819,258
-87.429775,20.215382,258
-87.121694,20.579306,259
-86.843877,21.180976,255
-90.713808,19.34784,258
-89.510203,21.077122,257
-87.228323,20.515002,258
-89.61751,18.258749,245
-89.592586,20.96737,258
-86.988036,20.272744,261
-86.852215,21.089633,255
-89.416218,21.232352,256
-89.367665,21.180158,256
-88.807635,19.918755,260
-86.762337,21.107221,256
-87.432259,20.215441,258
-86.733231,21.223647,255
-86.897793,20.828461,258
-87.79003,18.381575,264
-89.396032,18.731449,247
-87.463561,19.959258,260
-86.925446,20.542298,261
-89.679069,18.477884,250
-87.120253,20.579518,259
-88.200399,20.690923,253
-87.725394,21.208388,252
-89.629873,20.968145,258
-87.284363,20.460382,258
-87.021767,20.376972,260
-87.688146,20.472296,255
-89.578638,20.947721,258
-87.436774,20.196585,259
-89.955435,21.077491,258
-87.13903,20.601995,258
-87.73047,18.626272,263
-89.101556,21.3589,257
-86.952682,20.487714,260
-87.607564,20.075598,259
-89.595737,21.091708,256
-89.467479,21.283626,255
-89.303188,21.31426,256
-89.616365,20.86937,259
-86.884926,20.83463,257
-87.30485,20.408823,259
-87.7056662022928,20.5325409209857,255
-87.144175,20.601493,258
-87.086357,20.650364,258
-89.826236,18.275609,250
-89.328,21.214,256
-87.34943,20.33569,258
-87.722424,20.494545,256
-87.463396,20.23741,258
-90.195627,20.823138,264
-87.06318,20.700006,258
-87.075605,20.669906,258
-89.538417,18.222212,247
-86.909187,20.853601,257
-89.526637,21.043247,257
-88.213339,19.022989,258
-87.995745,21.609362,253
-88.809845,19.89728,260
-88.169167,19.143056,259
-89.567772,21.2344,255
-87.42929,20.213582,258
-89.503889,21.104722,256
-87.428792,20.213455,258
-89.321319,21.276236,256
-89.783818,18.488752,250
-87.433769,20.215973,258
-87.094161,20.601105,258
-90.023741,20.60928,266
-87.073885,20.629939,258
-87.790705,21.417577,252
-88.135883,20.893128,253
-86.991291,20.270697,261
-86.813468,21.255017,255
-87.528897,20.310862,257
-89.362781,20.899169,259
-89.770763,20.360288,263
-86.973664,20.473758,261
-88.272505,18.525656,260
-88.811853,18.430228,250
-89.16913,21.350264,257
-86.779289,21.061401,256
-89.594916,20.832009,259
-87.015319,20.702867,258
-86.762329,21.106873,256
-86.779336,21.033692,257
-89.629873,20.968145,258
-87.020514,20.3822,260
-88.151506,20.591068,254
-87.235691,20.492725,259
-86.807548,21.251273,255
-86.744984,21.254415,255
-86.812081,21.25004,255
-87.56074,21.310593,251
-88.353882,18.737154,258
-87.353662,20.341875,258
-86.817226,21.146152,256
-86.830017,21.110548,256
-89.19445,21.213503,257
-88.809845,19.897132,260
-86.819283,21.1565,256
-87.140536,20.596683,258
-87.02253,20.680288,258
-86.814431,21.175569,255
-90.713747,19.35805,258
-89.698363,21.070893,257
-87.849437,21.543924,253
-87.790488,18.380397,264
-87.366187,21.532769,252
-89.638305,21.026022,257
-89.317192,21.141031,257
-87.166329,21.201381,253
-88.145,21.595,254
-88.809845,19.897132,260
-89.32783,21.21394,256
-89.241671,20.678291,261
-87.074868,20.711061,258
-87.353977,20.430423,258
-86.962776,20.756111,258
-89.581342,20.916233,258
-86.969173,20.477171,261
-87.428987,20.21623,258
-86.785384,21.461935,254
-87.235102,20.496032,259
-87.252013,20.488569,258
-89.838386,19.748493,261
-87.018692,20.69359,258
-87.720214,20.494786,256
-89.316991,20.217824,257
-87.54322,20.586302,255
-86.846105,21.203651,255
-86.83171,20.985672,257
-87.324762,18.593758,264
-89.426215,21.31809,256
-87.065544,20.639597,258
-90.505446,19.759589,262
-89.129997,18.85,254
-86.809998,21.18,255
-86.839996,20.43,261
-89.633952,21.181792,255
-87.073885,20.629559,258
-89.604737,21.07897,257
-89.085941,18.483976,251
-89.696222,20.914936,259
-87.088038,20.673389,258
-89.423801,21.325374,256
-89.538417,18.222212,247
-87.632132,21.518763,253
-89.576239,18.661412,247
-88.453122,20.591371,257
-86.919975,20.861595,257
-89.635715,20.999806,258
-89.770095,20.361258,263
-89.771359,20.368564,263
-89.537155,21.099695,256
-87.429257,20.213551,258
-89.61647,20.966942,258
-88.564636,19.591012,259
-86.79996,21.155342,256
-89.758145,20.865847,260
-89.616447,21.098567,256
-88.44006,18.585711,257
-86.989331,20.273588,261
-89.086411,21.139513,259
-89.626601,20.990322,258
-89.499313,21.063597,257
-87.235028,20.496244,259
-88.307914,21.01196,255
-89.618206,21.044109,257
-89.891638,18.364628,252
-88.433771,18.590376,257
-87.418075,20.232162,258
-88.73301,20.414626,259
-89.381071,18.444001,246
-87.429117,20.214987,258
-87.224683,20.49803,259
-88.190562,20.518717,255
-86.989395,20.273683,261
-87.355251,20.315418,259
-89.582642,21.0836,256
-87.60522,20.67905,254
-89.661525,21.068211,257
-87.831416,18.299345,264
-90.231224,19.596666,264
-88.232179,21.568035,255
-88.232179,21.568035,255
-88.232179,21.568035,255
-88.232179,21.568035,255
-88.232179,21.568035,255
-88.232179,21.568035,255
-88.232179,21.568035,255
-88.232179,21.568035,255
-88.232179,21.568035,255
-88.232179,21.568035,255
-88.232179,21.568035,255
-88.232179,21.568035,255
-88.232179,21.568035,255
-88.232179,21.568035,255
-88.232179,21.568035,255
-88.232179,21.568035,255
-88.232179,21.568035,255
-88.232179,21.568035,255
-88.232179,21.568035,255
-88.232179,21.568035,255
-88.232179,21.568035,255
-88.232179,21.568035,255
-88.232179,21.568035,255
-88.232179,21.568035,255
-86.843693,20.428536,261
-88.232179,21.568035,255
-88.232179,21.568035,255
-88.232179,21.568035,255
-88.232179,21.568035,255
-88.232179,21.568035,255
-88.232179,21.568035,255
-88.232179,21.568035,255
-88.232179,21.568035,255
-88.232179,21.568035,255
-88.232179,21.568035,255
-88.232179,21.568035,255
-88.232179,21.568035,255
-86.843693,20.428536,261
-88.232179,21.568035,255
-88.232179,21.568035,255
-88.232179,21.568035,255
-88.232179,21.568035,255
-88.232179,21.568035,255
-88.232179,21.568035,255
-88.232179,21.568035,255
-88.232179,21.568035,255
-88.232179,21.568035,255
-88.232179,21.568035,255
-88.232179,21.568035,255
-88.232179,21.568035,255
-88.232179,21.568035,255
-86.843693,20.428536,261
-88.232179,21.568035,255
-88.232179,21.568035,255
-88.232179,21.568035,255
-88.232179,21.568035,255
-88.232179,21.568035,255
-88.232179,21.568035,255
-88.232179,21.568035,255
-88.232179,21.568035,255
-88.232179,21.568035,255
-88.232179,21.568035,255
-88.232179,21.568035,255
-88.232179,21.568035,255
-88.232179,21.568035,255
-88.232179,21.568035,255
-88.232179,21.568035,255
-88.232179,21.568035,255
-88.232179,21.568035,255
-88.232179,21.568035,255
-88.232179,21.568035,255
-88.232179,21.568035,255
-88.232179,21.568035,255
-88.232179,21.568035,255
-88.232179,21.568035,255
-88.232179,21.568035,255
-88.232179,21.568035,255
-88.232179,21.568035,255
-88.232179,21.568035,255
-88.232179,21.568035,255
-88.232179,21.568035,255
-88.232179,21.568035,255
-88.232179,21.568035,255
-88.232179,21.568035,255
-88.232179,21.568035,255
-88.232179,21.568035,255
-88.232179,21.568035,255
-88.232179,21.568035,255
-88.232179,21.568035,255
-88.232179,21.568035,255
-86.923063,20.42327,261
-88.232179,21.568035,255
-88.232179,21.568035,255
-88.232179,21.568035,255
-88.232179,21.568035,255
-88.232179,21.568035,255
-88.232179,21.568035,255
-88.232179,21.568035,255
-88.232179,21.568035,255
-88.232179,21.568035,255
-88.232179,21.568035,255
-88.232179,21.568035,255
-88.232179,21.568035,255
-88.232179,21.568035,255
-88.232179,21.568035,255
-88.232179,21.568035,255
-88.232179,21.568035,255
-88.232179,21.568035,255
-88.232179,21.568035,255
-87.733067,20.491117,256
-86.901943,20.845472,257
-90.383132,20.85744,264
-90.096926,20.263683,269
-88.436667,20.793889,256
-89.066873,20.888092,261
-89.539347,20.622958,260
-86.749542,21.259954,255
-89.48511,18.518144,246
-88.458911,20.603827,257
-87.066133,20.660362,258
-87.736111,20.494722,256
-86.789213,21.471915,254
-88.385666,18.69167,258
-87.18845,20.52587,259
-87.087201,20.673916,258
-89.665489,20.988717,258
-87.089511,20.630195,258
-87.088832,20.553285,259
-89.677231,21.130533,256
-88.319428,18.507368,259
-87.192407,21.210298,253
-87.81683,18.334985,264
-87.395396,20.295338,258
-87.25036,20.490283,258
-87.997721,21.451449,253
-89.652797,20.947157,258
-90.868239,19.209271,260
-89.810538,18.105047,251
-89.703828,20.905991,259
-87.020514,20.3822,260
-89.488822,18.403122,246
-87.366187,21.532769,252
-86.966879,20.952578,256
-86.7837,21.056446,256
-87.022849,20.68206,258
-86.84642,20.500037,261
-89.70041,20.991494,258
-87.736111,20.494722,256
-89.629872,20.968147,258
-89.982523,21.177972,258
-87.366187,21.532769,252
-87.563717,20.341289,257
-86.856062,21.10248,255
-86.932445,21.33972,254
-87.464201,20.246582,258
-89.889344,18.476242,254
-90.142553,21.166364,260
-87.325072,20.375283,259
-89.474386,20.850066,259
-89.256928,18.39467,249
-87.457223,20.209834,258
-87.144648,20.621135,258
-87.730305,20.490583,256
-87.429322,20.21532,258
-86.871567,20.856678,258
-89.620309,21.096094,256
-86.965944,20.492195,261
-90.261418,20.440697,268
-86.921082,20.527361,260
-89.744177,21.031104,258
-88.392026,18.670743,258
-89.643856,21.275821,255
-88.330078,18.502879,259
-87.23749,20.52063,258
-87.233685,20.51911,258
-90.202638,18.430916,257
-88.507169,20.734715,257
-89.594155,21.113106,256
-90.041675,21.16312,259
-90.371107,20.9441,263
-87.119628,20.582287,259
-86.779318,21.145195,256
-89.587375,20.951604,258
-87.257011,20.490129,258
-88.235761,18.607322,260
-89.578499,20.94728,258
-87.366187,21.532769,252
-86.814238,21.268658,255
-89.83619,19.577143,259
-87.062695,20.700197,258
-87.039047,20.662399,259
-86.855387,21.124686,255
-87.228313,20.515018,258
-89.89084,18.414067,253
-89.768383,20.359906,263
-86.752957,21.127194,256
-89.656991,20.76871,260
-89.652595,21.067153,257
-87.995428,20.867754,253
-87.300665,20.467326,258
-86.897929,20.365015,261
-87.353991,20.342588,258
-89.770786,20.361045,263
-86.753265,21.126965,256
-89.251865,20.151185,256
-87.330502,20.403496,259
-88.319076,18.505927,259
-87.428774,20.214491,258
-88.171447,21.157972,254
-86.919137,21.024477,255
-90.472037,20.210411,267
-87.353991,20.342588,258
-87.061739,20.592702,259
-90.389978,20.883149,263
-89.659681,21.140257,256
-89.631061,21.276219,255
-87.228417,20.510308,258
-88.003617,20.979077,253
-87.429421,20.21495,258
-89.32046,21.276977,256
-87.706605,21.476496,252
-88.311533,21.010729,255
-87.344512,20.376869,258
-86.81932,21.143531,256
-89.285099,18.820451,250
-89.595278,21.149722,255
-87.226643,20.505431,258
-87.428621,20.214411,258
-88.302429,20.710492,254
-86.873949,20.858451,258
-89.066873,20.888092,261
-86.780098,21.069919,256
-87.020452,20.382177,260
-89.594401,21.089964,256
-89.850998,18.316722,252
-88.793715,19.892139,260
-87.464637,20.128286,259
-87.331305,20.368517,259
-87.121758,20.578905,259
-87.038485,20.660757,259
-89.629873,20.968145,258
-89.578187,21.000995,257
-87.020903,20.382308,260
-87.005516,20.299008,261
-89.349667,20.773117,259
-87.429232,20.214278,258
-89.771063,20.358945,263
-88.158011,21.599253,254
-87.741725,20.489187,256
-86.914433,20.864639,257
-89.597906,20.948489,258
-88.838936,19.911979,260
-87.02895,20.68173,258
-90.047666,21.163271,259
-86.879274,20.844664,257
-89.63094,21.105723,256
-86.820021,21.15022,256
-89.612451,21.10574,256
-86.812521,21.157488,256
-88.182589,18.315653,259
-87.429101,20.215005,258
-86.778623,21.071255,256
-87.611096,20.078561,259
-86.805613,21.203965,255
-89.629873,20.968145,258
-87.28505,21.544015,253
-89.526532,21.071809,257
-90.370462,20.944005,263
-87.098636,20.594246,258
-87.42947,20.213123,258
-87.429567,20.215649,258
-90.534909,19.830125,263
-87.086454,20.650552,258
-89.769396,20.360854,263
-88.053908,19.475532,259
-89.629873,20.968145,258
-87.727864,20.490169,256
-86.957246,20.495994,260
-89.066873,20.888092,261
-89.499074,21.079461,257
-86.961283,20.762376,258
-89.653814,21.043235,257
-86.9016,20.846002,257
-89.549763,18.617027,246
-88.809845,19.897132,260
-88.806111,19.929764,260
-87.330835,20.36754,259
-86.815681,21.144711,256
-87.093553,20.602228,258
-88.362358,18.722529,258
-88.453582,20.591366,257
-86.820035,21.146998,256
-89.936873,19.976938,264
-86.981052,20.277271,261
-89.629873,20.968145,258
-86.911643,20.940713,257
-87.926224,20.099469,258
-88.387833,18.693346,258
-87.007753,20.7056,258
-87.435207,20.212589,258
-87.207297,20.541245,259
-89.8062,21.255807,255
-87.032516,20.680155,258
-89.526564,21.071806,257
-88.125039,18.335167,260
-88.137524,19.662165,258
-87.086637,20.650662,258
-87.248533,20.483291,259
-87.689233,20.302521,257
-87.738315,20.491933,256
-88.157898,21.596482,254
-86.779511,21.060865,256
-89.173645,21.343317,257
-89.854758,21.027139,258
-89.640256,20.96873,258
-87.121619,20.578953,259
-88.320208,18.506982,259
-89.920631,18.538961,254
-86.841852,20.989684,256
-87.038485,20.660757,259
-86.782422,21.054546,256
-88.730938,20.706953,260
-89.325531,19.171381,253
-87.390838,20.324808,258
-87.477263,20.014431,260
-89.629872,20.968147,258
-86.96928,20.477017,261
-89.584328,21.114302,256
-87.237517,20.520658,258
-87.134775,20.61675,258
-89.653466,21.042225,257
-86.875534,20.847808,257
-88.450812,20.592094,257
-87.357812,20.319359,259
-87.468778,20.201723,259
-89.58661,20.944335,258
-89.660607,21.072263,257
-86.887846,21.260084,254
-87.445043,20.18127,259
-89.629873,20.968145,258
-86.841852,20.989841,256
-88.158755,20.604493,254
-86.793442,21.145964,256
-89.629872,20.968147,258
-89.404648,18.5513,246
-88.664363,20.705125,259
-89.629873,20.968145,258
-89.38001,18.782005,246
-89.507776,21.097896,256
-86.84216,21.115369,255
-87.126975,20.67214,257
-87.7381,20.48805,256
-87.249988,20.490576,259
-88.453642,20.591136,257
-87.429046,20.214513,258
-87.038485,20.660757,259
-89.326296,19.168223,253
-87.725231,20.49008,256
-87.079743,20.618152,259
-87.557473,20.066864,259
-87.708025,18.715715,263
-89.276389,20.211944,257
-88.809845,19.897132,260
-90.667892,19.72308,262
-89.311352,18.937588,253
-89.56348,18.496479,247
-87.426498,20.205123,259
-89.633482,21.024204,257
-87.080652,20.618205,259
-89.639141,21.029452,257
-87.829252,18.313546,264
-86.941667,20.516667,260
-88.157778,21.5975,254
-90.123333,18.757778,261
-90.058333,20.507778,267
-88.308333,18.508333,259
-90.271389,18.643056,260
-87.998611,18.670833,261
-86.793611,21.47,254
-86.793611,21.47,254
-90.358889,20.948056,263
-89.463333,18.511667,246
-90.081944,20.476389,268
-87.874167,18.952778,261
-87.868056,18.936944,261
-87.793333,18.371111,264
-89.675,18.503333,251
-87.765,18.421389,264
-89.263056,21.340556,256
-87.781111,18.391944,264
-87.868056,18.936944,261
-87.846667,18.980556,261
-88.058333,19.024167,259
-87.679444,21.5125,252
-87.813889,18.352778,264
-87.672222,19.891667,260
-90.848333,18.616944,261
-88.275,18.6875,259
-88.157778,21.5975,254
-89.263056,21.340556,256
-88.678889,18.274444,251
-89.972222,20.185833,267
-90.246944,20.852778,263
-88.426944,18.624444,257
-87.846667,18.980556,261
-88.163333,18.902778,259
-87.874167,18.952778,261
-88.058333,19.024167,259
-87.810833,18.338889,264
-88.065833,18.968056,259
-88.157778,21.5975,254
-88.065833,18.968056,259
-88.275,18.6875,259
-86.875,20.541667,261
-88.151389,18.875,259
-89.459722,18.512222,246
-87.672222,19.891667,260
-89.6025,18.5925,247
-87.791667,18.370833,264
-86.839996,20.43,261
-86.839996,20.43,261
-88.068889,19.335556,259
-88.068889,19.335556,259
-87.1775,21.206389,253
-87.786944,19.795833,260
-88.662778,18.206944,252
-89.45,18.4,247
-88.662778,18.206944,252
-87.183333,21.216667,253
-87.183333,21.216667,253
-88.068889,19.335556,259
-87.183333,21.216667,253
-87.2025,21.03,254
-87.786944,19.795833,260
-87.736667,19.793611,260
-87.176667,21.203889,253
-87.786944,19.795833,260
-88.09,19.395278,259
-87.786944,19.795833,260
-88.085639,19.394278,259
-87.786944,19.795833,260
-88.662778,18.206944,252
-87.1775,21.206389,253
-87.736667,19.793611,260
-87.183333,21.216667,253
-87.736667,19.793611,260
-87.1775,21.206389,253
-88.084639,19.392083,259
-87.183333,21.216667,253
-88.662778,18.206944,252
-87.434722,20.291389,258
-88.089805,19.300806,258
-87.786944,19.795833,260
-89.467778,18.500278,246
-87.786944,19.795833,260
-87.1775,21.206389,253
-88.662778,18.206944,252
-87.2025,21.03,254
-87.786944,19.795833,260
-88.662778,18.206944,252
-87.786944,19.795833,260
-87.1775,21.206389,253
-88.662778,18.206944,252
-88.662778,18.206944,252
-87.736667,19.793611,260
-88.084639,19.392083,259
-88.662778,18.206944,252
-87.183333,21.216667,253
-87.183333,21.216667,253
-87.786944,19.795833,260
-87.1775,21.206389,253
-86.929444,21.123056,255
-88.662778,18.206944,252
-89.408333,18.656389,245
-87.786944,19.795833,260
-88.076944,19.388889,259
-87.1775,21.206389,253
-87.736667,19.793611,260
-87.736667,19.793611,260
-87.786944,19.795833,260
-87.786944,19.795833,260
-88.082778,19.393083,259
-87.786944,19.795833,260
-87.786944,19.795833,260
-87.1775,21.206389,253
-87.736667,19.793611,260
-87.183333,21.216667,253
-87.786944,19.795833,260
-87.736667,19.793611,260
-88.662778,18.206944,252
-87.2025,21.03,254
-88.662778,18.206944,252
-88.068889,19.335556,259
-87.1775,21.206389,253
-87.183333,21.216667,253
-87.1775,21.206389,253
-87.1775,21.206389,253
-88.084972,19.393778,259
-87.786944,19.795833,260
-87.786944,19.795833,260
-87.736667,19.793611,260
-87.183333,21.216667,253
-87.1775,21.206389,253
-87.1775,21.206389,253
-88.662778,18.206944,252
-87.183333,21.216667,253
-87.183333,21.216667,253
-87.786944,19.795833,260
-87.786944,19.795833,260
-88.082778,19.393083,259
-87.183333,21.216667,253
-88.662778,18.206944,252
-88.084639,19.392083,259
-88.100833,19.407917,259
-87.786944,19.795833,260
-88.662778,18.206944,252
-87.1775,21.206389,253
-87.183333,21.216667,253
-87.786944,19.795833,260
-87.736667,19.793611,260
-88.662778,18.206944,252
-87.786944,19.795833,260
-87.176667,21.203889,253
-87.1775,21.206389,253
-88.084639,19.392083,259
-87.786944,19.795833,260
-87.1775,21.206389,253
-87.736667,19.793611,260
-88.662778,18.206944,252
-88.662778,18.206944,252
-88.061944,19.331111,259
-87.786944,19.795833,260
-87.736667,19.793611,260
-87.786944,19.795833,260
-88.100833,19.407917,259
-87.1775,21.206389,253
-88.662778,18.206944,252
-87.183333,21.216667,253
-89.299722,18.064444,248
-87.1775,21.206389,253
-87.1775,21.206389,253
-89.405833,18.117222,248
-88.068889,19.335556,259
-87.736667,19.793611,260
-89.298055,18.081389,248
-87.176667,21.203889,253
-90.708333,19.365556,258
-87.1775,21.206389,253
-87.786944,19.795833,260
-87.1775,21.206389,253
-89.453889,18.193889,247
-87.786944,19.795833,260
-87.736667,19.793611,260
-87.2025,21.03,254
-88.068889,19.335556,259
-88.100833,19.407917,259
-87.786944,19.795833,260
-87.1775,21.206389,253
-87.1775,21.206389,253
-88.083305,19.391639,259
-87.183333,21.216667,253
-87.786944,19.795833,260
-87.183333,21.216667,253
-88.662778,18.206944,252
-87.786944,19.795833,260
-89.164167,20.283889,258
-87.786944,19.795833,260
-87.2025,21.03,254
-88.662778,18.206944,252
-88.662778,18.206944,252
-87.786944,19.795833,260
-87.736667,19.793611,260
-87.786944,19.795833,260
-89.45,18.566667,245
-87.176667,21.203889,253
-87.786944,19.795833,260
-88.084639,19.392083,259
-88.662778,18.206944,252
-88.09,19.395278,259
-89.455278,18.185,247
-87.1775,21.206389,253
-88.662778,18.206944,252
-87.183333,21.216667,253
-87.736667,19.793611,260
-87.1775,21.206389,253
-87.736667,19.793611,260
-87.786944,19.795833,260
-87.786944,19.795833,260
-90.72,19.37,258
-88.57,20.67,258
-89.912778,20.566667,264
-88.57,20.67,258
-88.57,20.67,258
-88.57,20.67,258
-86.746667,21.258333,255
-88.57,20.67,258
-86.917778,20.488611,260
-88.57,20.67,258
-88.57,20.67,258
-90.720556,19.354722,258
-87.488333,19.703333,261
-88.57,20.67,258
-86.917778,20.488611,260
-88.57,20.67,258
-87.736667,20.486667,256
-86.92,20.52,260
-88.57,20.67,258
-88.57,20.67,258
-88.57,20.67,258
-88.57,20.67,258
-88.57,20.67,258
-88.57,20.67,258
-90.81,18.61,260
-87.736667,20.486667,256
-90.720556,19.354722,258
-88.57,20.67,258
-88.57,20.67,258
-88.55,20.66,258
-88.57,20.67,258
-90.111667,18.451667,255
-87.488333,19.703333,261
-88.57,20.67,258
-88.57,20.67,258
-89.62,20.99,258
-89.03,20.8,262
-88.57,20.67,258
-88.57,20.67,258
-89.63,20.55,261
-88.57,20.67,258
-88.57,20.67,258
-89.263333,21.34,256
-88.57,20.67,258
-89.456667,20.253333,256
-90.720556,19.354722,258
-88.57,20.67,258
-89.912778,20.566667,264
-89.263333,21.34,256
-88.57,20.67,258
-88.57,20.67,258
-88.57,20.67,258
-89.29,21.34,256
-88.043333,19.575,259
-86.915,20.445,261
-88.57,20.67,258
-90.720556,19.354722,258
-90.720556,19.354722,258
-88.57,20.67,258
-90.111667,18.451667,255
-90.511944,19.406111,259
-86.89,20.46,261
-88.59,20.7,259
-88.57,20.67,258
-88.57,20.67,258
-86.917778,20.488611,260
-87.488333,19.703333,261
-90.511944,19.406111,259
-90.720556,19.354722,258
-88.57,20.67,258
-88.57,20.67,258
-88.57,20.67,258
-86.746667,21.258333,255
-89.03,20.8,262
-89.29,21.34,256
-88.57,20.67,258
-88.57,20.67,258
-88.57,20.67,258
-88.57,20.67,258
-88.57,20.67,258
-88.043333,19.575,259
-88.57,20.67,258
-88.57,20.67,258
-88.043333,19.575,259
-90.720556,19.354722,258
-88.57,20.67,258
-88.57,20.67,258
-90.511944,19.406111,259
-88.57,20.67,258
-88.57,20.67,258
-88.043333,19.575,259
-88.57,20.67,258
-89.42,20.3,257
-90.720556,19.354722,258
-86.89,20.46,261
-88.55,20.66,258
-90.720556,19.354722,258
-90.720556,19.354722,258
-88.043333,19.575,259
-89.03,20.8,262
-88.57,20.67,258
-88.57,20.67,258
-88.57,20.67,258
-88.043333,19.575,259
-89.283333,21.093333,257
-88.57,20.67,258
-86.86,20.43,261
-88.57,20.67,258
-90.720556,19.354722,258
-90.720556,19.354722,258
-88.57,20.67,258
-88.57,20.67,258
-88.57,20.67,258
-90.720556,19.354722,258
-89.29,21.34,256
-88.57,20.67,258
-89.29,21.34,256
-89.29,21.34,256
-90.720556,19.354722,258
-88.57,20.67,258
-88.55,20.66,258
-86.99,20.27,261
-89.03,20.8,262
-88.57,20.67,258
-88.57,20.67,258
-88.57,20.67,258
-89.63,20.55,261
-88.57,20.67,258
-88.57,20.67,258
-86.746667,21.258333,255
-88.55,20.66,258
-87.66,19.79,260
-88.55,20.66,258
-88.57,20.67,258
-88.043333,19.575,259
-90.720556,19.354722,258
-88.043333,19.575,259
-88.57,20.67,258
-88.57,20.67,258
-88.57,20.67,258
-90.720556,19.354722,258
-88.57,20.67,258
-90.720556,19.354722,258
-88.57,20.67,258
-88.57,20.67,258
-86.915,20.445,261
-88.57,20.67,258
-90.81,18.61,260
-90.720556,19.354722,258
-88.57,20.67,258
-88.57,20.67,258
-90.720556,19.354722,258
-86.746667,21.258333,255
-88.043333,19.575,259
-86.746667,21.258333,255
-88.57,20.67,258
-89.798333,18.305,252
-88.57,20.67,258
-88.57,20.67,258
-90.5,19.31,259
-88.57,20.67,258
-88.57,20.67,258
-88.57,20.67,258
-88.043333,19.575,259
-88.043333,19.575,259
-88.57,20.67,258
-88.57,20.67,258
-88.57,20.67,258
-86.86,20.43,261
-90.720556,19.354722,258
-88.57,20.67,258
-88.57,20.67,258
-88.57,20.67,258
-88.2,20.688333,253
-88.57,20.67,258
-88.57,20.67,258
-88.043333,19.575,259
-88.55,20.66,258
-90.720556,19.354722,258
-89.66,21.285,255
-88.57,20.67,258
-89.03,20.8,262
-88.043333,19.575,259
-88.57,20.67,258
-88.59,20.7,259
-86.99,20.27,261
-88.57,20.67,258
-88.55,20.66,258
-89.03,20.8,262
-86.746667,21.258333,255
-90.720556,19.354722,258
-88.57,20.67,258
-86.946667,20.508333,260
-90.720556,19.354722,258
-89.912778,20.566667,264
-88.57,20.67,258
-89.03,20.8,262
-88.57,20.67,258
-88.57,20.67,258
-88.57,20.67,258
-89.463333,18.511667,246
-88.55,20.66,258
-88.57,20.67,258
-88.57,20.67,258
-88.57,20.67,258
-89.62,20.99,258
-90.720556,19.354722,258
-90.111667,18.451667,255
-89.912778,20.566667,264
-86.89,20.46,261
-86.746667,21.258333,255
-90.720556,19.354722,258
-88.55,20.66,258
-87.66,19.79,260
-89.912778,20.566667,264
-88.043333,19.575,259
-88.57,20.67,258
-89.03,20.8,262
-87.488333,19.703333,261
-88.57,20.67,258
-88.043333,19.575,259
-88.57,20.67,258
-88.57,20.67,258
-88.57,20.67,258
-88.57,20.67,258
-88.57,20.67,258
-88.57,20.67,258
-88.57,20.67,258
-88.57,20.67,258
-89.03,20.8,262
-88.526667,20.838333,257
-90.720556,19.354722,258
-88.57,20.67,258
-89.62,20.976667,258
-88.043333,19.575,259
-88.57,20.67,258
-88.57,20.67,258
-88.57,20.67,258
-88.57,20.67,258
-88.043333,19.575,259
-88.57,20.67,258
-89.62,20.99,258
-88.2,20.688333,253
-88.63,20.7,259
-88.57,20.67,258
-86.89,20.46,261
-88.043333,19.575,259
-88.043333,19.575,259
-88.57,20.67,258
-88.57,20.67,258
-88.57,20.67,258
-88.043333,19.575,259
-89.03,20.8,262
-88.57,20.67,258
-89.03,20.8,262
-88.59,20.7,259
-86.746667,21.258333,255
-88.57,20.67,258
-88.57,20.67,258
-88.57,20.67,258
-88.57,20.67,258
-88.57,20.67,258
-90.720556,19.354722,258
-88.57,20.67,258
-90.720556,19.354722,258
-88.043333,19.575,259
-88.57,20.67,258
-86.917778,20.488611,260
-90.720556,19.354722,258
-86.917778,20.488611,260
-88.57,20.67,258
-89.29,21.34,256
-86.917778,20.488611,260
-90.720556,19.354722,258
-88.57,20.67,258
-89.62,20.976667,258
-86.99,20.27,261
-88.57,20.67,258
-90.53,19.85,264
-90.720556,19.354722,258
-90.720556,19.354722,258
-90.720556,19.354722,258
-88.57,20.67,258
-86.746667,21.258333,255
-86.746667,21.258333,255
-88.57,20.67,258
-88.57,20.67,258
-90.511944,19.406111,259
-86.917778,20.488611,260
-86.915,20.445,261
-89.63,20.55,261
-89.63,20.55,261
-88.57,20.67,258
-87.736667,20.486667,256
-88.57,20.67,258
-88.57,20.67,258
-90.720556,19.354722,258
-88.57,20.67,258
-88.55,20.66,258
-88.043333,19.575,259
-88.043333,19.575,259
-86.89,20.46,261
-89.912778,20.566667,264
-88.57,20.67,258
-88.57,20.67,258
-89.463333,18.511667,246
-88.57,20.67,258
-88.57,20.67,258
-90.720556,19.354722,258
-88.57,20.67,258
-88.57,20.67,258
-88.57,20.67,258
-89.03,20.8,262
-88.57,20.67,258
-88.57,20.67,258
-90.511944,19.406111,259
-90.720556,19.354722,258
-88.57,20.67,258
-89.03,20.8,262
-88.57,20.67,258
-88.57,20.67,258
-88.043333,19.575,259
-88.57,20.67,258
-90.720556,19.354722,258
-89.912778,20.566667,264
-88.57,20.67,258
-88.57,20.67,258
-86.917778,20.488611,260
-89.912778,20.566667,264
-88.57,20.67,258
-90.720556,19.354722,258
-86.99,20.27,261
-90.720556,19.354722,258
-89.912778,20.566667,264
-88.57,20.67,258
-89.912778,20.566667,264
-89.62,20.976667,258
-88.57,20.67,258
-90.720556,19.354722,258
-88.57,20.67,258
-88.57,20.67,258
-90.720556,19.354722,258
-86.915,20.445,261
-86.915,20.445,261
-86.99,20.27,261
-88.57,20.67,258
-88.57,20.67,258
-89.66,21.285,255
-90.720556,19.354722,258
-88.57,20.67,258
-88.57,20.67,258
-88.57,20.67,258
-90.91,19.18,261
-89.463333,18.511667,246
-88.57,20.67,258
-90.720556,19.354722,258
-89.62,20.976667,258
-90.720556,19.354722,258
-86.89,20.46,261
-89.03,20.8,262
-88.043333,19.575,259
-90.720556,19.354722,258
-88.57,20.67,258
-90.111667,18.451667,255
-89.263333,21.34,256
-88.57,20.67,258
-89.49,20.62,260
-88.043333,19.575,259
-89.03,20.8,262
-88.57,20.67,258
-89.912778,20.566667,264
-88.57,20.67,258
-90.720556,19.354722,258
-89.463333,18.511667,246
-86.89,20.46,261
-90.720556,19.354722,258
-88.57,20.67,258
-88.57,20.67,258
-89.456667,20.253333,256
-88.57,20.67,258
-86.86,20.43,261
-88.043333,19.575,259
-88.57,20.67,258
-86.917778,20.488611,260
-90.720556,19.354722,258
-88.57,20.67,258
-88.57,20.67,258
-88.57,20.67,258
-90.720556,19.354722,258
-88.57,20.67,258
-90.720556,19.354722,258
-86.915,20.445,261
-90.720556,19.354722,258
-89.03,20.8,262
-90.81,18.61,260
-88.57,20.67,258
-88.57,20.67,258
-88.57,20.67,258
-86.746667,21.258333,255
-88.57,20.67,258
-88.57,20.68,258
-86.917778,20.488611,260
-88.57,20.67,258
-88.57,20.67,258
-88.57,20.67,258
-87.488333,19.703333,261
-89.42,20.3,257
-88.57,20.67,258
-89.03,20.8,262
-88.57,20.67,258
-88.57,20.67,258
-88.57,20.67,258
-86.746667,21.258333,255
-86.917778,20.488611,260
-89.29,21.34,256
-89.53,20.67,260
-90.720556,19.354722,258
-88.57,20.67,258
-86.917778,20.488611,260
-86.917778,20.488611,260
-88.57,20.67,258
-87.736667,20.486667,256
-90.720556,19.354722,258
-90.720556,19.354722,258
-88.57,20.67,258
-88.043333,19.575,259
-89.263333,21.34,256
-88.57,20.67,258
-86.89,20.46,261
-88.57,20.67,258
-88.57,20.67,258
-88.57,20.67,258
-86.917778,20.488611,260
-86.917778,20.488611,260
-86.746667,21.258333,255
-88.57,20.67,258
-88.57,20.67,258
-89.73,20.1,263
-90.81,18.61,260
-89.912778,20.566667,264
-90.720556,19.354722,258
-88.57,20.67,258
-90.720556,19.354722,258
-86.917778,20.488611,260
-89.62,21.1,256
-88.57,20.67,258
-89.912778,20.566667,264
-88.043333,19.575,259
-90.720556,19.354722,258
-88.57,20.67,258
-88.57,20.67,258
-88.57,20.67,258
-88.57,20.67,258
-88.57,20.67,258
-90.511944,19.406111,259
-88.26,19.978333,259
-88.57,20.67,258
-88.57,20.67,258
-88.57,20.67,258
-86.746667,21.258333,255
-86.746667,21.258333,255
-88.57,20.67,258
-88.57,20.67,258
-90.720556,19.354722,258
-87.476667,19.8,260
-86.915,20.445,261
-88.57,20.67,258
-88.043333,19.575,259
-88.57,20.67,258
-88.043333,19.575,259
-86.746667,21.258333,255
-88.57,20.67,258
-90.81,18.61,260
-86.917778,20.488611,260
-88.57,20.67,258
-88.57,20.67,258
-88.57,20.67,258
-89.62,20.976667,258
-88.57,20.67,258
-88.57,20.67,258
-88.57,20.67,258
-90.720556,19.354722,258
-86.746667,21.258333,255
-88.043333,19.575,259
-90.720556,19.354722,258
-89.62,21.1,256
-88.57,20.67,258
-88.57,20.67,258
-87.736667,20.486667,256
-90.720556,19.354722,258
-90.720556,19.354722,258
-90.81,18.61,260
-88.043333,19.575,259
-88.57,20.67,258
-89.63,20.55,261
-89.62,20.976667,258
-88.57,20.67,258
-86.915,20.445,261
-88.043333,19.575,259
-90.111667,18.451667,255
-88.57,20.67,258
-88.57,20.67,258
-88.043333,19.575,259
-88.043333,19.575,259
-88.57,20.67,258
-88.57,20.67,258
-88.55,20.66,258
-87.725,19.796667,260
-86.917778,20.488611,260
-88.043333,19.575,259
-88.57,20.67,258
-88.57,20.67,258
-88.57,20.67,258
-88.57,20.67,258
-89.62,20.99,258
-90.720556,19.354722,258
-86.917778,20.488611,260
-88.57,20.67,258
-88.57,20.67,258
-86.746667,21.258333,255
-86.917778,20.488611,260
-88.57,20.67,258
-88.57,20.67,258
-89.29,21.34,256
-88.59,20.7,259
-88.57,20.67,258
-86.86,20.43,261
-90.720556,19.354722,258
-89.325,18.383333,247
-88.57,20.67,258
-88.57,20.67,258
-88.57,20.67,258
-89.263333,21.34,256
-88.57,20.67,258
-88.57,20.67,258
-89.03,20.8,262
-88.57,20.67,258
-88.57,20.67,258
-88.043333,19.575,259
-88.55,20.66,258
-88.043333,19.575,259
-88.57,20.67,258
-88.57,20.67,258
-88.57,20.67,258
-88.56,20.67,258
-90.720556,19.354722,258
-89.03,20.8,262
-88.57,20.67,258
-90.720556,19.354722,258
-88.57,20.67,258
-87.488333,19.703333,261
-86.915,20.445,261
-88.57,20.67,258
-89.03,20.8,262
-88.57,20.67,258
-88.26,19.978333,259
-88.57,20.67,258
-88.57,20.67,258
-88.57,20.67,258
-90.720556,19.354722,258
-89.912778,20.566667,264
-90.720556,19.354722,258
-88.57,20.67,258
-90.720556,19.354722,258
-86.89,20.46,261
-90.720556,19.354722,258
-88.57,20.67,258
-90.720556,19.354722,258
-89.42,20.3,257
-88.57,20.67,258
-90.511944,19.406111,259
-88.57,20.67,258
-90.720556,19.354722,258
-88.57,20.67,258
-88.57,20.67,258
-86.746667,21.258333,255
-86.915,20.445,261
-89.463333,18.511667,246
-89.03,20.8,262
-88.57,20.67,258
-88.57,20.67,258
-86.917778,20.488611,260
-90.720556,19.354722,258
-90.111667,18.451667,255
-88.57,20.67,258
-88.57,20.67,258
-89.29,21.34,256
-88.57,20.67,258
-89.42,20.3,257
-86.93,20.55,261
-88.57,20.67,258
-89.62,20.99,258
-89.42,20.3,257
-87.66,19.79,260
-86.915,20.445,261
-88.57,20.67,258
-88.57,20.67,258
-86.89,20.46,261
-88.57,20.67,258
-88.595,20.616667,258
-88.57,20.67,258
-88.57,20.67,258
-88.043333,19.575,259
-88.57,20.67,258
-90.720556,19.354722,258
-88.57,20.67,258
-88.57,20.67,258
-86.83,20.55,261
-87.736667,20.486667,256
-90.720556,19.354722,258
-89.03,20.8,262
-88.57,20.67,258
-90.720556,19.354722,258
-88.043333,19.575,259
-88.043333,19.575,259
-88.57,20.67,258
-90.111667,18.451667,255
-88.57,20.67,258
-90.720556,19.354722,258
-89.29,21.34,256
-89.62,20.976667,258
-89.263333,21.34,256
-89.29,21.34,256
-88.57,20.67,258
-88.57,20.67,258
-86.915,20.445,261
-89.63,20.55,261
-88.57,20.67,258
-88.57,20.67,258
-88.57,20.67,258
-88.043333,19.575,259
-88.57,20.67,258
-88.57,20.67,258
-88.57,20.67,258
-87.488333,19.703333,261
-88.57,20.67,258
-89.912778,20.566667,264
-88.57,20.67,258
-88.57,20.67,258
-88.043333,19.575,259
-86.915,20.445,261
-88.57,20.67,258
-86.917778,20.488611,260
-88.043333,19.575,259
-88.55,20.66,258
-86.917778,20.488611,260
-88.57,20.67,258
-90.720556,19.354722,258
-88.57,20.67,258
-88.57,20.67,258
-89.62,20.99,258
-90.720556,19.354722,258
-88.57,20.67,258
-89.29,21.34,256
-88.57,20.67,258
-88.59,20.7,259
-88.2,20.688333,253
-86.746667,21.258333,255
-88.57,20.67,258
-87.736667,20.486667,256
-90.720556,19.354722,258
-90.720556,19.354722,258
-87.736667,20.486667,256
-88.57,20.67,258
-88.57,20.67,258
-88.57,20.67,258
-88.57,20.67,258
-88.57,20.67,258
-90.720556,19.354722,258
-90.720556,19.354722,258
-86.746667,21.258333,255
-88.57,20.67,258
-88.57,20.67,258
-88.55,20.66,258
-88.57,20.67,258
-88.043333,19.575,259
-88.57,20.67,258
-86.917778,20.488611,260
-89.62,20.99,258
-88.57,20.67,258
-90.81,18.61,260
-90.525,19.842222,264
-88.57,20.67,258
-88.57,20.67,258
-88.57,20.67,258
-86.917778,20.488611,260
-90.720556,19.354722,258
-90.111667,18.451667,255
-88.57,20.67,258
-86.915,20.445,261
-88.043333,19.575,259
-89.66,21.285,255
-90.720556,19.354722,258
-90.720556,19.354722,258
-88.57,20.67,258
-86.9175941066673,20.4892104831943,260
-86.9175941066673,20.4892104831943,260
-88.38333,18.42695,255
-86.9175941066673,20.4892104831943,260
-86.9175941066673,20.4892104831943,260
-86.843265,20.423353,261
-87.444992,20.207413,259
-89.779887,21.127779,256
-89.6665524078164,21.2838888686972,255
-90.39697,20.85912,264
-86.93867,20.52878,260
-86.99194,20.44566,261
-88.583179033179,18.3173681842139,250
-88.5665242877703,20.667259000295,258
-88.5665242877703,20.667259000295,258
-89.6665524078164,21.2838888686972,255
-87.419617,20.240425,258
-90.40212,20.85066,264
-86.93867,20.52878,260
-88.5665242877703,20.667259000295,258
-88.38333,18.38333,253
-90.39697,20.85912,264
-86.93867,20.52878,260
-89.6165503899067,20.9672431600576,258
-88.5665242877703,20.667259000295,258
-88.5665242877703,20.667259000295,258
-88.5665242877703,20.667259000295,258
-86.8598126061712,20.4406028110284,261
-88.568408,20.680971,258
-90.402072,20.858675,264
-86.85797,20.40413,261
-88.5665242877703,20.667259000295,258
-88.5665212876906,20.6672560004373,258
-89.6165503899067,20.9672431600576,258
-90.39697,20.85912,264
-86.93867,20.52878,260
-86.99194,20.44566,261
-88.5665242877703,20.667259000295,258
-90.402072,20.858675,264
-86.93867,20.52878,260
-88.5665242877703,20.667259000295,258
-90.39697,20.85912,264
-87.02257,20.35483,261
-86.99194,20.44566,261
-88.5665242877703,20.667259000295,258
-89.6165503899067,20.9672431600576,258
-88.5665242877703,20.667259000295,258
-86.9498149309217,20.5105994461307,260
-88.38333,18.38333,253
-87.419617,20.240425,258
-90.402072,20.858675,264
-86.85797,20.40413,261
-88.5665242877703,20.667259000295,258
-88.38333,18.38333,253
-88.568974,20.683367,258
-87.386709,20.463552,257
-87.024001,20.369564,261
-89.646046,21.03018,257
-87.030389,20.666292,259
-89.854731,21.02712,258
-89.55677,20.913662,258
-89.606111,20.175556,260
-89.538417,18.222212,247
-89.574646,21.048433,257
-88.703043,19.74727,259
-87.215708,20.547004,257
-87.074763,20.704863,258
-88.418698,18.57762,256
-88.752749,19.80103,260
-87.34301,21.416322,252
-87.496992,19.750734,260
-89.618123,20.894875,258
-89.519943,21.054276,257
-87.428704,20.214523,258
-89.653575,21.041515,257
-87.429046,20.214513,258
-87.337813,20.362525,258
-88.697411,19.102524,257
-86.823598,21.200004,255
-88.809845,19.897132,260
-89.634439,21.280765,255
-89.703047,20.173606,261
-87.545319,21.362257,251
-86.839918,21.14265,255
-88.159511,21.598103,254
-87.021675,20.69722,258
-88.568467,20.684137,258
-88.238575,18.877422,258
-87.337905,20.362408,258
-86.922343,20.422984,261
-86.804628,21.243708,255
-87.333021,20.366426,259
-88.527787,20.645594,257
-89.538417,18.222212,247
-89.554768,18.269492,245
-87.431437,20.2057,259
-90.687636,19.639204,260
-88.568,20.682195,258
-87.234878,20.491875,259
-86.85312,21.124425,255
-89.629873,20.968145,258
-89.629872,20.968147,258
-87.151268,20.599251,258
-89.718983,21.14172,256
-89.015374,20.016343,259
-89.250809,20.680486,260
-89.660546,20.956685,258
-87.574963,20.062021,259
-88.003418,21.430833,254
-87.305732,20.485855,258
-86.864857,21.153542,255
-86.855766,20.994086,256
-90.349788,20.889761,263
-87.675919,21.12302,251
-86.944624,20.50717,260
-87.036586,20.660774,259
-86.853238,20.560627,261
-87.670498,21.514819,252
-89.620172,20.869093,259
-88.375568,18.715195,257
-89.667302,21.058516,257
-87.382794,20.279138,259
-87.227646,21.538828,252
-89.467712,18.418064,246
-89.59645,20.855338,259
-90.317595,21.00868,262
-88.234207,18.60837,260
-87.074872,20.711381,258
-86.838255,20.944083,257
-89.537601,20.821979,259
-86.947667,20.772725,258
-86.866714,20.871992,258
-89.79008,21.260703,255
-87.726037,20.491193,256
-88.307113,21.011784,255
-88.296146,18.500189,259
-86.822597,21.200657,255
-87.634136,19.385304,261
-86.849676,20.971191,256
-86.945533,20.775513,258
-86.746903,21.259158,255
-88.874129,18.555736,253
-86.97964,20.280756,261
-86.978134,20.312606,261
-88.586069,20.573099,259
-88.055195,21.591818,254
-89.656512,20.989991,258
-89.657235,20.976788,258
-88.317232,18.498954,259
-89.102356,21.157133,259
-87.23477,20.5144,258
-89.660861,20.956696,258
-86.804134,21.210711,255
-89.202661,20.662367,261
-89.57076,21.242606,255
-89.803702,18.109014,251
-86.8457,21.204289,255
-87.014383,20.715022,258
-88.345383,18.510337,258
-87.023408,20.695581,258
-86.820967,21.006918,257
-88.456423,20.588884,257
-88.57113,20.682699,258
-86.994295,20.441455,261
-86.992835,20.441638,261
-88.246746,21.52278,255
-86.922343,20.422984,261
-89.349026,21.262724,256
-86.930326,20.497332,260
-87.717004,21.042537,252
-89.618723,18.411574,247
-87.306323,20.410042,259
-87.23484,20.514408,258
-90.371452,20.943586,263
-89.284779,20.738676,260
-87.020452,20.382177,260
-87.428946,20.21508,258
-87.354442,20.340892,258
-86.956651,20.479858,260
-86.820874,21.145902,256
-88.12902,21.60864,254
-88.191834,21.574782,255
-89.519348,18.82199,247
-86.958,20.496,260
-89.638658,21.028806,257
-87.73441,20.494868,256
-87.745972,20.489942,256
-88.83333,20.75,261
-88.566667,20.666667,258
-89,20.833333,262
-88.6833,18.1333,253
-87.341667,20.358333,258
-86.880556,20.375,261
-87.18,20.531944,259
-87.350833,20.343056,258
-90.675,18.75,259
-87.741667,18.541667,264
-86.975,20.280556,261
-86.725,20.591667,261
-87.875,21.575,253
-86.898611,20.344444,261
-86.898611,20.344444,261
-86.725,20.591667,261
-87.258333,20.475,258
-86.725,20.591667,261
-87.875,21.575,253
-86.8575,20.401389,261
-86.85,20.408333,261
-88.241667,21.591667,254
-86.725,20.591667,261
-87.341667,20.358333,258
-87.36646,20.31275,259
-87.463333,20.1275,259
-86.725,20.591667,261
-86.891667,20.352778,261
-87.225,20.508333,258
-86.725,20.591667,261
-87.36646,20.31275,259
-86.8575,20.401389,261
-86.868056,20.3925,261
-90.675,18.75,259
-86.725,20.591667,261
-87.291667,20.458333,258
-86.886111,20.375,261
-87.341667,20.375,258
-86.880556,20.375,261
-87.18,20.531944,259
-86.725,20.591667,261
-86.975,20.280556,261
-86.868056,20.3925,261
-87.463333,20.1275,259
-87.341667,20.375,258
-86.725,20.591667,261
-86.938889,20.308333,261
-86.922222,20.325,261
-86.725,20.591667,261
-88.241667,21.591667,254
-87.225,20.508333,258
-86.891667,20.352778,261
-86.725,20.591667,261
-87.741667,18.541667,264
-86.85,20.408333,261
-86.886111,20.375,261
-87.431944,19.882778,261
-90.675,18.75,259
-86.725,20.591667,261
-87.45,20.166667,259
-87.741667,18.541667,264
-87.350833,20.343056,258
-86.725,20.591667,261
-86.922222,20.325,261
-87.408333,20.258333,259
-87.45,20.166667,259
-87.431944,19.882778,261
-87.463056,19.99,260
-86.938889,20.308333,261
-87.463056,19.99,260
-87.291667,20.458333,258
-90.741667,19.341667,258
-87.408333,20.258333,259
-87.4771,20.0035,260
-87.4771,20.0035,260
-87.4771,20.0035,260
-87.4771,20.0035,260
-87.71445,18.66708,263
-87.4771,20.0035,260
-87.4771,20.0035,260
-87.4771,20.0035,260
-87.4771,20.0035,260
-87.4771,20.0035,260
-87.56772,19.03455,262
-87.4771,20.0035,260
-87.71445,18.66708,263
-87.4771,20.0035,260
-87.4771,20.0035,260
-87.4771,20.0035,260
-87.4771,20.0035,260
-87.4771,20.0035,260
-87.57228,19.02352,262
-87.56772,19.03455,262
-87.4771,20.0035,260
-87.4771,20.0035,260
-87.4771,20.0035,260
-87.4771,20.0035,260
-87.4771,20.0035,260
-87.4771,20.0035,260
-87.4771,20.0035,260
-87.4771,20.0035,260
-87.69773,18.71956,263
-87.69773,18.71956,263
-87.69773,18.71956,263
-87.4771,20.0035,260
-87.4771,20.0035,260
-87.4771,20.0035,260
-87.69773,18.71956,263
-87.4771,20.0035,260
-87.69945,18.71956,263
-87.69773,18.71956,263
-87.4771,20.0035,260
-87.4771,20.0035,260
-87.4771,20.0035,260
-87.4771,20.0035,260
-87.4771,20.0035,260
-87.4771,20.0035,260
-87.4623,20.0262,260
-87.4612,19.9986,260
-87.4651,20.0207,260
-87.4771,20.0035,260
-87.4771,20.0035,260
-87.4771,20.0035,260
-87.4771,20.0035,260
-87.4771,20.0035,260
-87.4771,20.0035,260
-87.4623,20.0184,260
-87.4771,20.0035,260
-87.4771,20.0035,260
-87.4623,20.0184,260
-87.4604,20.004,260
-87.4612,19.9986,260
-87.4623,20.0184,260
-87.4623,20.0184,260
-87.4651,20.0371,260
-87.4651,20.0371,260
-87.4651,20.0371,260
-87.4623,20.0184,260
-87.4623,20.0184,260
-87.4665,20.0394,260
-87.4623,20.0184,260
-87.4612,19.9986,260
-87.4612,19.9986,260
-87.4624,20.0248,260
-87.4665,20.0394,260
-87.4623,20.0184,260
-87.4604,20.004,260
-87.4623,20.0184,260
-87.4612,19.9986,260
-87.4601,20.0042,260
-87.4601,20.0042,260
-87.4628,20.0514,260
-87.4623,20.0184,260
-87.4623,20.0262,260
-87.4623,20.0262,260
-87.4651,20.0207,260
-87.4651,20.0371,260
-87.4651,20.0371,260
-87.4771,20.0035,260
-87.4612,19.9986,260
-87.4651,20.0371,260
-87.4651,20.0371,260
-87.4651,20.0371,260
-87.4623,20.0184,260
-87.4771,20.0035,260
-87.4612,19.9986,260
-87.4623,20.0262,260
-87.4623,20.0262,260
-87.462317,20.0184,260
-87.4623,20.0184,260
-87.4604,20.004,260
-87.4623,20.0184,260
-87.4612,19.9986,260
-87.4612,19.998567,260
-87.4604,20.004,260
-87.4662,20.0375,260
-87.4623,20.0262,260
-87.4662,20.0375,260
-87.4651,20.0207,260
-87.4604,20.004,260
-87.4651,20.0371,260
-87.4651,20.0207,260
-87.4665,20.0394,260
-87.4612,19.998567,260
-87.4651,20.0371,260
-87.462317,20.0184,260
-87.4651,20.0371,260
-87.462333,20.026217,260
-87.56772,19.03455,262
-87.4612,19.9986,260
-87.4623,20.0262,260
-87.57228,19.02352,262
-87.57107,19.02685,262
-87.4612,19.9986,260
-87.5875,19.00879,262
-87.4665,20.0394,260
-87.4771,20.0035,260
-87.57228,19.02352,262
-87.465133,20.020733,260
-87.46235,20.024767,260
-87.4771,20.0035,260
-87.4622,20.0169,260
-87.4612,19.998567,260
-87.4651,20.0371,260
-87.4623,20.0184,260
-87.4623,20.0262,260
-87.4612,19.998567,260
-87.4651,20.0371,260
-87.4623,20.0262,260
-87.4651,20.0207,260
-87.4623,20.0262,260
-87.46125,19.9984,260
-87.4665,20.039417,260
-87.4623,20.0184,260
-87.4771,20.0035,260
-87.4662,20.0434,260
-87.4771,20.0035,260
-87.4623,20.0262,260
-87.4622,20.0169,260
-87.57125,19.02527,262
-87.4623,20.0184,260
-87.4623,20.0184,260
-87.4665,20.039417,260
-87.57107,19.02685,262
-87.4624,20.0248,260
-87.4622,20.0169,260
-87.4651,20.0371,260
-87.4651,20.0207,260
-87.4624,20.0248,260
-87.4651,20.0371,260
-87.4623,20.0262,260
-87.4623,20.0262,260
-87.4612,19.998567,260
-87.56522,19.03938,262
-87.4771,20.0035,260
-87.4771,20.0035,260
-87.4771,20.0035,260
-87.4651,20.0207,260
-87.4771,20.0035,260
-87.4771,20.0035,260
-87.4623,20.0184,260
-87.4651,20.0207,260
-87.4604,20.004,260
-87.5875,19.00879,262
-87.4612,19.998567,260
-87.4651,20.0207,260
-87.4623,20.0184,260
-87.4612,19.998567,260
-87.4604,20.004,260
-87.4604,20.004,260
-87.4771,20.0035,260
-87.4771,20.0035,260
-87.4771,20.0035,260
-87.4665,20.0394,260
-87.4771,20.0035,260
-87.56807,19.03218,262
-87.56772,19.03455,262
-87.56522,19.03938,262
-87.4771,20.0035,260
-87.4604,20.004,260
-87.4771,20.0035,260
-87.56528,19.03888,262
-87.4771,20.0035,260
-87.4612,19.998567,260
-87.4623,20.0262,260
-87.4771,20.0035,260
-87.4771,20.0035,260
-87.4771,20.0035,260
-87.4771,20.0035,260
-87.4651,20.0207,260
-87.4623,20.0262,260
-87.4771,20.0035,260
-87.4623,20.0262,260
-87.4612,19.998567,260
-87.4623,20.0262,260
-87.4612,19.998567,260
-87.4771,20.0035,260
-87.56772,19.03455,262
-87.56772,19.03455,262
-87.4662,20.0375,260
-87.4735,20.0273,260
-87.4623,20.0262,260
-87.4623,20.0184,260
-87.57228,19.02352,262
-87.4623,20.0184,260
-87.4771,20.0035,260
-87.4771,20.0035,260
-87.4623,20.0184,260
-87.4608,19.966967,260
-87.57107,19.02685,262
-87.4735,20.0273,260
-87.4623,20.0184,260
-87.4665,20.039417,260
-87.57125,19.02527,262
-87.4771,20.0035,260
-87.4771,20.0035,260
-87.57125,19.02527,262
-87.4771,20.0035,260
-87.4771,20.0035,260
-87.71051,18.68731,263
-87.4771,20.0035,260
-87.4771,20.0035,260
-87.4771,20.0035,260
-87.4771,20.0035,260
-87.57107,19.02685,262
-87.69773,18.71956,263
-87.4771,20.0035,260
-87.71884,18.63473,263
-87.57125,19.02527,262
-87.4771,20.0035,260
-87.4771,20.0035,260
-87.4771,20.0035,260
-87.4771,20.0035,260
-87.69773,18.71956,263
-87.4771,20.0035,260
-87.56528,19.03888,262
-87.4771,20.0035,260
-87.56772,19.03455,262
-87.4771,20.0035,260
-87.56772,19.03455,262
-87.4771,20.0035,260
-87.4623,20.0184,260
-87.71259,18.68092,263
-87.57228,19.02352,262
-87.4771,20.0035,260
-87.4771,20.0035,260
-87.69773,18.71956,263
-87.4771,20.0035,260
-87.4625,20.0006,260
-87.4771,20.0035,260
-87.4771,20.0035,260
-87.69676,18.724,263
-87.4623,20.0262,260
-87.4771,20.0035,260
-87.4604,20.004,260
-87.4609,20.0022,260
-87.71423,18.66717,263
-87.69676,18.724,263
-87.4771,20.0035,260
-87.69773,18.71956,263
-87.4771,20.0035,260
-87.70937,18.68681,263
-87.57107,19.02685,262
-87.4771,20.0035,260
-87.4771,20.0035,260
-87.57107,19.02685,262
-87.56522,19.03938,262
-87.4771,20.0035,260
-87.57372,19.02157,262
-87.71423,18.66717,263
-87.69773,18.71956,263
-87.4771,20.0035,260
-87.57372,19.02157,262
-87.4771,20.0035,260
-87.57372,19.02157,262
-87.71445,18.66708,263
-87.4771,20.0035,260
-87.57372,19.02157,262
-87.4771,20.0035,260
-87.71445,18.66708,263
-87.4771,20.0035,260
-87.4771,20.0035,260
-87.4771,20.0035,260
-87.4771,20.0035,260
-87.69773,18.71956,263
-87.4771,20.0035,260
-87.56772,19.03455,262
-87.4771,20.0035,260
-87.4771,20.0035,260
-87.56772,19.03455,262
-87.56807,19.03218,262
-87.56772,19.03455,262
-87.4771,20.0035,260
-87.57107,19.02685,262
-87.4771,20.0035,260
-87.4771,20.0035,260
-87.57372,19.02157,262
-87.4771,20.0035,260
-87.69773,18.71956,263
-87.56522,19.03938,262
-87.57583,19.01,262
-87.69773,18.71956,263
-87.57107,19.02685,262
-87.69773,18.71956,263
-87.4771,20.0035,260
-87.4771,20.0035,260
-87.71423,18.66717,263
-87.4771,20.0035,260
-87.466233,20.043433,260
-87.71131,18.68064,263
-87.71259,18.68092,263
-87.57228,19.02352,262
-87.4771,20.0035,260
-87.4771,20.0035,260
-87.56772,19.03455,262
-87.71259,18.68092,263
-87.71259,18.68092,263
-87.4771,20.0035,260
-87.5875,19.00879,262
-87.4771,20.0035,260
-87.4771,20.0035,260
-87.4771,20.0035,260
-87.69773,18.71956,263
-87.4771,20.0035,260
-87.462333,20.026217,260
-87.57107,19.02685,262
-87.57107,19.02685,262
-87.58667,18.985,262
-87.69945,18.71956,263
-87.4771,20.0035,260
-87.56772,19.03455,262
-87.4771,20.0035,260
-87.4771,20.0035,260
-87.57617,19.00402,262
-87.4771,20.0035,260
-87.5875,19.00879,262
-87.57107,19.02685,262
-87.4771,20.0035,260
-87.4771,20.0035,260
-87.4771,20.0035,260
-87.4771,20.0035,260
-87.57107,19.02685,262
-87.71445,18.66708,263
-87.4771,20.0035,260
-87.4771,20.0035,260
-87.57125,19.02527,262
-87.4771,20.0035,260
-87.4771,20.0035,260
-87.4771,20.0035,260
-87.4771,20.0035,260
-87.4771,20.0035,260
-87.4771,20.0035,260
-87.69945,18.71956,263
-87.5875,19.00879,262
-87.69676,18.724,263
-87.4771,20.0035,260
-87.4771,20.0035,260
-87.69834,18.72411,263
-87.4771,20.0035,260
-87.4771,20.0035,260
-87.4771,20.0035,260
-87.4771,20.0035,260
-87.4771,20.0035,260
-87.57228,19.02352,262
-87.4771,20.0035,260
-87.5875,19.00879,262
-87.71445,18.66708,263
-87.4771,20.0035,260
-87.4771,20.0035,260
-87.4771,20.0035,260
-87.57228,19.02352,262
-87.69773,18.71956,263
-87.71131,18.68064,263
-87.4771,20.0035,260
-87.71131,18.68064,263
-87.4771,20.0035,260
-87.70112,18.71992,263
-87.4771,20.0035,260
-87.56522,19.03938,262
-87.4771,20.0035,260
-87.4771,20.0035,260
-87.4771,20.0035,260
-87.4771,20.0035,260
-87.71445,18.66708,263
-87.4771,20.0035,260
-87.4771,20.0035,260
-87.4771,20.0035,260
-87.57372,19.02157,262
-87.4771,20.0035,260
-87.57372,19.02157,262
-87.4771,20.0035,260
-87.69834,18.72411,263
-87.4771,20.0035,260
-87.4771,20.0035,260
-87.71653,18.65949,263
-87.4771,20.0035,260
-87.4771,20.0035,260
-87.69945,18.71956,263
-87.4771,20.0035,260
-87.71423,18.66717,263
-87.4771,20.0035,260
-87.4771,20.0035,260
-87.4771,20.0035,260
-87.71551,18.66723,263
-87.4771,20.0035,260
-87.71131,18.68064,263
-87.71131,18.68064,263
-87.71993,18.63434,263
-87.4771,20.0035,260
-87.4771,20.0035,260
-87.4771,20.0035,260
-87.4771,20.0035,260
-87.4771,20.0035,260
-87.56877,19.03138,262
-87.4771,20.0035,260
-87.4771,20.0035,260
-87.4771,20.0035,260
-87.4771,20.0035,260
-87.56877,19.03138,262
-87.4771,20.0035,260
-87.4771,20.0035,260
-87.4771,20.0035,260
-87.4771,20.0035,260
-87.4771,20.0035,260
-87.69676,18.724,263
-87.4771,20.0035,260
-87.4771,20.0035,260
-87.71131,18.68064,263
-87.69773,18.71956,263
-87.71445,18.66708,263
-87.71445,18.66708,263
-87.4771,20.0035,260
-87.71131,18.68064,263
-87.71884,18.63473,263
-87.71445,18.66708,263
-87.71051,18.68731,263
-87.71051,18.68731,263
-87.4771,20.0035,260
-87.71445,18.66708,263
-87.69676,18.724,263
-87.4771,20.0035,260
-87.71445,18.66708,263
-87.71445,18.66708,263
-87.4771,20.0035,260
-87.71445,18.66708,263
-87.4771,20.0035,260
-87.71445,18.66708,263
-87.4771,20.0035,260
-87.71445,18.66708,263
-87.71445,18.66708,263
-87.4771,20.0035,260
-87.71131,18.68064,263
-87.4771,20.0035,260
-87.4771,20.0035,260
-87.69773,18.71956,263
-87.69773,18.71956,263
-87.4771,20.0035,260
-87.69773,18.71956,263
-87.69773,18.71956,263
-87.4771,20.0035,260
-87.69773,18.71956,263
-87.4612,19.9986,260
-87.4612,19.9986,260
-87.4735,20.0273,260
-87.4612,19.9986,260
-87.4612,19.9986,260
-87.4612,19.9986,260
-87.4651,20.0207,260
-87.4651,20.0371,260
-87.4665,20.0394,260
-87.4612,19.9986,260
-87.4612,19.9986,260
-87.4624,20.0248,260
-87.4665,20.0394,260
-87.4612,19.9982,260
-87.4612,19.9986,260
-87.4612,19.9986,260
-87.4623,20.0184,260
-87.4623,20.0262,260
-87.4604,20.004,260
-87.4623,20.0184,260
-87.4624,20.0248,260
-87.4623,20.0184,260
-87.4604,20.004,260
-87.4651,20.0371,260
-87.4604,20.004,260
-87.4623,20.0184,260
-87.4623,20.0184,260
-87.4623,20.0262,260
-87.4651,20.0371,260
-87.4651,20.0207,260
-87.4651,20.0371,260
-87.4648,20.015,260
-87.4612,19.9986,260
-87.4651,20.0371,260
-87.4604,20.004,260
-87.4651,20.0371,260
-87.4604,20.004,260
-87.4665,20.0394,260
-87.4623,20.0184,260
-87.4623,20.0262,260
-87.4651,20.0371,260
-87.4623,20.0184,260
-87.4665,20.0394,260
-87.4651,20.0371,260
-87.4651,20.0371,260
-87.4651,20.0371,260
-87.4604,20.004,260
-87.4623,20.0184,260
-87.4628,20.0514,260
-87.4665,20.0394,260
-87.4623,20.0262,260
-87.4623,20.0262,260
-87.4628,20.0514,260
-87.4623,20.0262,260
-87.4624,20.0248,260
-87.4612,19.9986,260
-87.4612,19.9982,260
-87.4612,19.9986,260
-87.4771,20.0035,260
-87.4612,19.9986,260
-87.4665,20.0394,260
-87.4612,19.9986,260
-87.4612,19.9986,260
-87.4624,20.0248,260
-87.4612,19.9986,260
-87.4623,20.0184,260
-87.56522,19.03938,262
-87.4771,20.0035,260
-87.4651,20.0207,260
-87.4662,20.0375,260
-87.4771,20.0035,260
-87.4612,19.9986,260
-87.4771,20.0035,260
-87.4624,20.0248,260
-87.4771,20.0035,260
-87.4623,20.0184,260
-87.4771,20.0035,260
-87.4735,20.0273,260
-87.462317,20.0184,260
-87.46235,20.024767,260
-87.4623,20.0184,260
-87.4624,20.0248,260
-87.4624,20.0248,260
-87.4623,20.0184,260
-87.4771,20.0035,260
-87.4612,19.9986,260
-87.4771,20.0035,260
-87.4612,19.998567,260
-87.4771,20.0035,260
-87.4771,20.0035,260
-87.4771,20.0035,260
-87.4623,20.0262,260
-87.56772,19.03455,262
-87.4612,19.9986,260
-87.4651,20.0207,260
-87.4771,20.0035,260
-87.4612,19.9982,260
-87.4771,20.0035,260
-87.4612,19.9986,260
-87.4612,19.9986,260
-87.4612,19.998567,260
-87.4771,20.0035,260
-87.57107,19.02685,262
-87.4735,20.0273,260
-87.4771,20.0035,260
-87.4735,20.0273,260
-87.57107,19.02685,262
-87.4624,20.0248,260
-87.4612,19.9982,260
-87.56772,19.03455,262
-87.4771,20.0035,260
-87.4771,20.0035,260
-87.4735,20.0273,260
-87.4735,20.0273,260
-87.4771,20.0035,260
-87.4612,19.9986,260
-87.4662,20.0434,260
-87.4771,20.0035,260
-87.4612,19.9986,260
-87.4771,20.0035,260
-87.4623,20.0184,260
-87.4771,20.0035,260
-87.56772,19.03455,262
-87.4623,20.0262,260
-87.4771,20.0035,260
-87.4771,20.0035,260
-87.4623,20.0262,260
-87.4623,20.0184,260
-87.4771,20.0035,260
-87.4771,20.0035,260
-87.4771,20.0035,260
-87.57107,19.02685,262
-87.4771,20.0035,260
-87.4623,20.0262,260
-87.4771,20.0035,260
-87.56772,19.03455,262
-87.4771,20.0035,260
-87.56522,19.03938,262
-87.4771,20.0035,260
-87.4612,19.9986,260
-87.4623,20.0262,260
-87.4662,20.0375,260
-87.4697,20.04,260
-87.4612,19.9986,260
-87.4612,19.9986,260
-87.4771,20.0035,260
-87.4622,20.0169,260
-87.4771,20.0035,260
-87.56772,19.03455,262
-87.4665,20.0394,260
-87.4623,20.0262,260
-87.57107,19.02685,262
-87.4771,20.0035,260
-87.56772,19.03455,262
-87.4612,19.9986,260
-87.4735,20.0273,260
-87.4665,20.0394,260
-87.4623,20.0184,260
-87.57228,19.02352,262
-87.4612,19.9986,260
-87.4662,20.0434,260
-87.4624,20.0248,260
-87.4612,19.9986,260
-87.56772,19.03455,262
-87.56772,19.03455,262
-87.4771,20.0035,260
-87.4771,20.0035,260
-87.4771,20.0035,260
-87.4771,20.0035,260
-87.56772,19.03455,262
-87.4662,20.0434,260
-87.4612,19.998567,260
-87.4771,20.0035,260
-87.56522,19.03938,262
-87.56877,19.03138,262
-87.4771,20.0035,260
-87.4771,20.0035,260
-87.4336,19.934,260
-87.4612,19.9986,260
-87.4624,20.0248,260
-87.4625,20.0006,260
-87.462333,20.026217,260
-87.57125,19.02527,262
-87.5875,19.00879,262
-87.56772,19.03455,262
-87.4612,19.9986,260
-87.4623,20.0262,260
-87.4612,19.9986,260
-87.4624,20.0248,260
-87.56807,19.03218,262
-87.56807,19.03218,262
-87.4662,20.0434,260
-87.56807,19.03218,262
-87.462483,20.0006,260
-87.56772,19.03455,262
-87.4612,19.9986,260
-87.4612,19.9986,260
-87.4651,20.0207,260
-87.4604,20.004,260
-87.4771,20.0035,260
-87.4612,19.9986,260
-87.4771,20.0035,260
-87.4771,20.0035,260
-87.4623,20.0262,260
-87.462483,20.0006,260
-87.4651,20.0207,260
-87.57125,19.02527,262
-87.4624,20.0248,260
-87.4612,19.9986,260
-87.57583,19.01,262
-87.4612,19.9986,260
-87.4651,20.0207,260
-87.4662,20.0434,260
-87.4651,20.0371,260
-87.4651,20.0371,260
-87.4771,20.0035,260
-87.4735,20.0273,260
-87.4771,20.0035,260
-87.57125,19.02527,262
-87.56522,19.03938,262
-87.4735,20.0273,260
-87.69773,18.71956,263
-87.56772,19.03455,262
-87.4771,20.0035,260
-87.4771,20.0035,260
-87.4771,20.0035,260
-87.71445,18.66708,263
-87.57107,19.02685,262
-87.4623,20.0262,260
-87.4623,20.0262,260
-87.57228,19.02352,262
-87.4623,20.0184,260
-87.4735,20.0273,260
-87.4771,20.0035,260
-87.4623,20.0262,260
-87.56772,19.03455,262
-87.4623,20.0184,260
-87.5875,19.00879,262
-87.4771,20.0035,260
-87.57125,19.02527,262
-87.56522,19.03938,262
-87.56877,19.03138,262
-87.4771,20.0035,260
-87.4771,20.0035,260
-87.69676,18.724,263
-87.57228,19.02352,262
-87.69773,18.71956,263
-87.69773,18.71956,263
-87.69773,18.71956,263
-87.4771,20.0035,260
-87.69945,18.71956,263
-87.4771,20.0035,260
-87.4771,20.0035,260
-87.4771,20.0035,260
-87.71564,18.65963,263
-87.56807,19.03218,262
-87.71051,18.68731,263
-87.56522,19.03938,262
-87.4623,20.0184,260
-87.71564,18.65963,263
-87.4771,20.0035,260
-87.4771,20.0035,260
-87.56877,19.03138,262
-87.56772,19.03455,262
-87.4663,20.052,260
-87.58477,18.99213,262
-87.4771,20.0035,260
-87.4771,20.0035,260
-87.4771,20.0035,260
-87.71564,18.65963,263
-87.4612,19.9986,260
-87.71564,18.65963,263
-87.4623,20.0262,260
-87.4624,20.0248,260
-87.56772,19.03455,262
-87.4771,20.0035,260
-87.4623,20.0262,260
-87.4771,20.0035,260
-87.57583,19.01,262
-87.56522,19.03938,262
-87.4735,20.0273,260
-87.4771,20.0035,260
-87.4771,20.0035,260
-87.4623,20.0262,260
-87.57228,19.02352,262
-87.4771,20.0035,260
-87.71445,18.66708,263
-87.4771,20.0035,260
-87.4771,20.0035,260
-87.4771,20.0035,260
-87.4771,20.0035,260
-87.57125,19.02527,262
-87.4771,20.0035,260
-87.4771,20.0035,260
-87.57372,19.02157,262
-87.69773,18.71956,263
-87.56772,19.03455,262
-87.4771,20.0035,260
-87.56877,19.03138,262
-87.4771,20.0035,260
-87.4771,20.0035,260
-87.4771,20.0035,260
-87.57107,19.02685,262
-87.5875,19.00879,262
-87.462317,20.0184,260
-87.69773,18.71956,263
-87.69773,18.71956,263
-87.69773,18.71956,263
-87.4771,20.0035,260
-87.4771,20.0035,260
-87.466233,20.043433,260
-87.4771,20.0035,260
-87.4771,20.0035,260
-87.56772,19.03455,262
-87.4771,20.0035,260
-87.56877,19.03138,262
-87.69773,18.71956,263
-87.56522,19.03938,262
-87.4771,20.0035,260
-87.4771,20.0035,260
-87.56877,19.03138,262
-87.69676,18.724,263
-87.69834,18.72411,263
-87.71259,18.68092,263
-87.69676,18.724,263
-87.69676,18.724,263
-87.70734,18.71086,263
-87.4771,20.0035,260
-87.69773,18.71956,263
-87.4612,19.998567,260
-87.466233,20.043433,260
-87.466233,20.043433,260
-87.4771,20.0035,260
-87.4771,20.0035,260
-87.57228,19.02352,262
-87.4771,20.0035,260
-87.57107,19.02685,262
-87.4771,20.0035,260
-87.4771,20.0035,260
-87.4771,20.0035,260
-87.4771,20.0035,260
-87.5875,19.00879,262
-87.4771,20.0035,260
-87.57228,19.02352,262
-87.4771,20.0035,260
-87.462317,20.0184,260
-87.4771,20.0035,260
-87.57125,19.02527,262
-87.57228,19.02352,262
-87.314157,20.395964,259
-88.5598541106693,20.6605893166717,258
-90.989905976282,18.1107025353927,262
-89.9598861464143,19.9806172478983,265
-86.9098136101861,20.3506068169522,261
-89.6098802117399,20.9605734748835,258
-90.019890612015,21.1505640235599,258
-88.9198614721055,20.1206131474022,259
-88.2798449246473,19.6406366590567,258
-87.6,20.86,252
-87.6,20.86,252
-87.6,20.86,252
-87.6,20.86,252
-87.6,20.86,252
-87.6,20.86,252
-87.6,20.87,252
-87.6,20.87,252
-87.6,20.87,252
-87.6,20.87,252
-88.5798546659567,20.6905879154888,258
-88.5798546659567,20.6905879154888,258
-88.5798546659567,20.6905879154888,258
-88.5798546659567,20.6905879154888,258
-88.5798546659567,20.6905879154888,258
-88.5798546659567,20.6905879154888,258
-88.5798546659567,20.6905879154888,258
-88.5798546659567,20.6905879154888,258
-87.6,20.87,252
-87.6,20.87,252
-87.6,20.87,252
-88.5798546659567,20.6905879154888,258
-88.5798546659567,20.6905879154888,258
-88.5798546659567,20.6905879154888,258
-88.5798546659567,20.6905879154888,258
-88.5798546659567,20.6905879154888,258
-88.5798546659567,20.6905879154888,258
-88.5798546659567,20.6905879154888,258
-88.5798546659567,20.6905879154888,258
-87.6,20.86,252
-87.6,20.86,252
-87.6,20.86,252
-87.6,20.86,252
-87.6,20.86,252
-87.6,20.86,252
-88.5798546659567,20.6905879154888,258
-88.5798546659567,20.6905879154888,258
-88.5798546659567,20.6905879154888,258
-88.5798546659567,20.6905879154888,258
-88.5798546659567,20.6905879154888,258
-88.5798546659567,20.6905879154888,258
-88.5798546659567,20.6905879154888,258
-88.5798546659567,20.6905879154888,258
-88.5798546659567,20.6905879154888,258
-88.5798546659567,20.6905879154888,258
-88.5798546659567,20.6905879154888,258
-88.5798546659567,20.6905879154888,258
-88.5798546659567,20.6905879154888,258
-88.5798546659567,20.6905879154888,258
-88.5798546659567,20.6905879154888,258
-88.5798546659567,20.6905879154888,258
-88.5798546659567,20.6905879154888,258
-86.9198141632671,20.4906004155396,260
-89.43,21.22,256
-89.6198804788607,20.9705730028973,258
-87.58,20.36,257
-86.9098138108191,20.4406027121227,261
-88.5598541106693,20.6605893166717,258
-90.989905976282,18.1107025353927,262
-88.5598541106693,20.6605893166717,258
-87.6,20.86,252
-86.9098138108191,20.4406027121227,261
-89.6098802117399,20.9605734748835,258
-90.019890612015,21.1505640235599,258
-88.9198614721055,20.1206131474022,259
-88.5798546659567,20.6905879154888,258
-88.9198614721055,20.1206131474022,259
-87.6,20.86,252
-87.6,20.86,252
-87.6,20.86,252
-87.6,20.86,252
-87.6,20.86,252
-87.6,20.86,252
-87.6,20.86,252
-87.6,20.87,252
-87.6,20.87,252
-87.6,20.87,252
-87.6,20.87,252
-88.5798546659567,20.6905879154888,258
-88.5798546659567,20.6905879154888,258
-88.5798546659567,20.6905879154888,258
-88.5798546659567,20.6905879154888,258
-88.5798546659567,20.6905879154888,258
-88.5798546659567,20.6905879154888,258
-88.5798546659567,20.6905879154888,258
-87.6,20.87,252
-87.6,20.87,252
-87.6,20.87,252
-87.6,20.87,252
-88.5798546659567,20.6905879154888,258
-88.5798546659567,20.6905879154888,258
-88.5798546659567,20.6905879154888,258
-88.5798546659567,20.6905879154888,258
-88.5798546659567,20.6905879154888,258
-88.5798546659567,20.6905879154888,258
-88.5798546659567,20.6905879154888,258
-87.6,20.86,252
-87.6,20.86,252
-87.6,20.86,252
-87.6,20.86,252
-87.6,20.86,252
-87.6,20.86,252
-88.5798546659567,20.6905879154888,258
-88.5798546659567,20.6905879154888,258
-88.5798546659567,20.6905879154888,258
-88.5798546659567,20.6905879154888,258
-88.5798546659567,20.6905879154888,258
-88.5798546659567,20.6905879154888,258
-88.5798546659567,20.6905879154888,258
-88.5798546659567,20.6905879154888,258
-88.5798546659567,20.6905879154888,258
-88.5798546659567,20.6905879154888,258
-88.5798546659567,20.6905879154888,258
-88.5798546659567,20.6905879154888,258
-88.5798546659567,20.6905879154888,258
-88.5798546659567,20.6905879154888,258
-88.5798546659567,20.6905879154888,258
-88.5798546659567,20.6905879154888,258
-88.5798546659567,20.6905879154888,258
-86.9298144265733,20.5005999406961,260
-87.93,18.04,266
-87.73,20.49,256
-87.58,20.36,257
-86.9098138108191,20.4406027121227,261
-86.7398115041911,21.2505664888725,255
-87.6,20.86,252
-89.6498749965894,18.5106866222918,251
-89.6098802117399,20.9605734748835,258
-88.2898424602972,18.5006901080224,260
-87.6,20.86,252
-88.5798546659567,20.6905879154888,258
-87.6,20.86,252
-87.6,20.86,252
-87.6,20.86,252
-87.6,20.86,252
-87.6,20.86,252
-87.6,20.86,252
-87.6,20.86,252
-87.6,20.86,252
-87.6,20.87,252
-87.6,20.87,252
-87.6,20.87,252
-87.6,20.87,252
-88.5798546659567,20.6905879154888,258
-88.5798546659567,20.6905879154888,258
-88.5798546659567,20.6905879154888,258
-88.5798546659567,20.6905879154888,258
-88.5798546659567,20.6905879154888,258
-88.5798546659567,20.6905879154888,258
-88.5798546659567,20.6905879154888,258
-87.6,20.87,252
-87.6,20.87,252
-87.6,20.87,252
-88.5798546659567,20.6905879154888,258
-88.5798546659567,20.6905879154888,258
-88.5798546659567,20.6905879154888,258
-88.5798546659567,20.6905879154888,258
-88.5798546659567,20.6905879154888,258
-88.5798546659567,20.6905879154888,258
-88.5798546659567,20.6905879154888,258
-88.5798546659567,20.6905879154888,258
-87.6,20.86,252
-87.6,20.86,252
-87.6,20.86,252
-87.6,20.86,252
-87.6,20.86,252
-87.6,20.86,252
-88.5798546659567,20.6905879154888,258
-88.5798546659567,20.6905879154888,258
-88.5798546659567,20.6905879154888,258
-88.5798546659567,20.6905879154888,258
-88.5798546659567,20.6905879154888,258
-88.5798546659567,20.6905879154888,258
-88.5798546659567,20.6905879154888,258
-88.5798546659567,20.6905879154888,258
-88.5798546659567,20.6905879154888,258
-88.5798546659567,20.6905879154888,258
-88.5798546659567,20.6905879154888,258
-88.5798546659567,20.6905879154888,258
-88.5798546659567,20.6905879154888,258
-88.5798546659567,20.6905879154888,258
-88.5798546659567,20.6905879154888,258
-88.5798546659567,20.6905879154888,258
-86.9198141632671,20.4906004155396,260
-87.93,18.04,266
-86.9098138108191,20.4406027121227,261
-87.73,20.49,256
-87.58,20.36,257
-86.9098138108191,20.4406027121227,261
-88.5598541106693,20.6605893166717,258
-89.9598861464143,19.9806172478983,265
-89.6098802117399,20.9605734748835,258
-88.2898424602972,18.5006901080224,260
-88.9198614721055,20.1206131474022,259
-88.9198614721055,20.1206131474022,259
-87.6,20.86,252
-88.9198614721055,20.1206131474022,259
-87.6,20.86,252
-87.6,20.86,252
-87.6,20.86,252
-87.6,20.86,252
-87.6,20.86,252
-87.6,20.86,252
-87.6,20.87,252
-87.6,20.87,252
-87.6,20.87,252
-87.6,20.87,252
-88.5798546659567,20.6905879154888,258
-88.5798546659567,20.6905879154888,258
-88.5798546659567,20.6905879154888,258
-88.5798546659567,20.6905879154888,258
-88.5798546659567,20.6905879154888,258
-87.6,20.87,252
-87.6,20.87,252
-87.6,20.87,252
-88.5798546659567,20.6905879154888,258
-88.5798546659567,20.6905879154888,258
-88.5798546659567,20.6905879154888,258
-88.5798546659567,20.6905879154888,258
-88.5798546659567,20.6905879154888,258
-88.5798546659567,20.6905879154888,258
-88.5798546659567,20.6905879154888,258
-88.5798546659567,20.6905879154888,258
-89.3698690201323,18.8006735432219,247
-87.6,20.86,252
-87.6,20.86,252
-87.6,20.86,252
-87.6,20.86,252
-87.6,20.86,252
-87.6,20.86,252
-88.5798546659567,20.6905879154888,258
-88.5798546659567,20.6905879154888,258
-88.5798546659567,20.6905879154888,258
-88.5798546659567,20.6905879154888,258
-88.5798546659567,20.6905879154888,258
-88.5798546659567,20.6905879154888,258
-88.5798546659567,20.6905879154888,258
-88.5798546659567,20.6905879154888,258
-88.5798546659567,20.6905879154888,258
-88.5798546659567,20.6905879154888,258
-88.5798546659567,20.6905879154888,258
-88.5798546659567,20.6905879154888,258
-88.5798546659567,20.6905879154888,258
-88.5798546659567,20.6905879154888,258
-88.5798546659567,20.6905879154888,258
-88.5798546659567,20.6905879154888,258
-88.5798546659567,20.6905879154888,258
-88.5798546659567,20.6905879154888,258
-89.7298838806343,21.26055976688,255
-86.9098138108191,20.4406027121227,261
-87.73,20.49,256
-89.7698825435947,20.3606002803341,263
-88.1598460028641,21.3105609487592,254
-89.2598725063278,21.2605608158175,256
-90.7699038322627,19.3006468621766,258
-89.6098802117399,20.9605734748835,258
-87.9498408959077,21.3005618313611,253
-88.2898424602972,18.5006901080224,260
-88.9198614721055,20.1206131474022,259
-87.6,20.86,252
-87.6,20.86,252
-87.6,20.86,252
-87.6,20.86,252
-87.6,20.86,252
-87.6,20.86,252
-87.6,20.86,252
-87.6,20.86,252
-87.6,20.87,252
-87.6,20.87,252
-87.6,20.87,252
-87.6,20.87,252
-88.5798546659567,20.6905879154888,258
-88.5798546659567,20.6905879154888,258
-88.5798546659567,20.6905879154888,258
-88.5798546659567,20.6905879154888,258
-87.6,20.87,252
-87.6,20.87,252
-87.6,20.87,252
-88.5798546659567,20.6905879154888,258
-88.5798546659567,20.6905879154888,258
-88.5798546659567,20.6905879154888,258
-88.5798546659567,20.6905879154888,258
-88.5798546659567,20.6905879154888,258
-88.5798546659567,20.6905879154888,258
-88.5798546659567,20.6905879154888,258
-89.31,21.33,256
-87.6,20.86,252
-87.6,20.86,252
-87.6,20.86,252
-87.6,20.86,252
-87.6,20.86,252
-87.6,20.86,252
-87.6,20.86,252
-88.5798546659567,20.6905879154888,258
-88.5798546659567,20.6905879154888,258
-88.5798546659567,20.6905879154888,258
-88.5798546659567,20.6905879154888,258
-88.5798546659567,20.6905879154888,258
-88.5798546659567,20.6905879154888,258
-88.5798546659567,20.6905879154888,258
-88.5798546659567,20.6905879154888,258
-88.5798546659567,20.6905879154888,258
-88.5798546659567,20.6905879154888,258
-88.5798546659567,20.6905879154888,258
-88.5798546659567,20.6905879154888,258
-88.5798546659567,20.6905879154888,258
-88.5798546659567,20.6905879154888,258
-88.5798546659567,20.6905879154888,258
-88.5798546659567,20.6905879154888,258
-88.5798546659567,20.6905879154888,258
-88.5798546659567,20.6905879154888,258
-88.5798546659567,20.6905879154888,258
-88.5798546659567,20.6905879154888,258
-87.249822094043,20.4806002115791,259
-86.9098138108191,20.4406027121227,261
-87.73,20.49,256
-89.64,21.15,256
-86.9098138108191,20.4406027121227,261
-88.1598460028641,21.3105609487592,254
-89.3098738926935,21.3305575838187,256
-86.8898133734933,20.4606018406744,261
-88.77,19.87,260
-89.6098802117399,20.9605734748835,258
-88.5798546659567,20.6905879154888,258
-87.6,20.86,252
-87.6,20.86,252
-87.6,20.86,252
-87.6,20.86,252
-87.6,20.86,252
-87.6,20.86,252
-87.6,20.86,252
-87.6,20.86,252
-87.6,20.87,252
-87.6,20.87,252
-87.6,20.87,252
-87.6,20.87,252
-88.5798546659567,20.6905879154888,258
-88.5798546659567,20.6905879154888,258
-88.5798546659567,20.6905879154888,258
-88.5798546659567,20.6905879154888,258
-88.5798546659567,20.6905879154888,258
-87.6,20.87,252
-87.6,20.87,252
-88.5798546659567,20.6905879154888,258
-88.5798546659567,20.6905879154888,258
-88.5798546659567,20.6905879154888,258
-88.5798546659567,20.6905879154888,258
-88.5798546659567,20.6905879154888,258
-88.5798546659567,20.6905879154888,258
-88.5798546659567,20.6905879154888,258
-88.5798546659567,20.6905879154888,258
-87.6,20.86,252
-87.6,20.86,252
-87.6,20.86,252
-87.6,20.86,252
-87.6,20.86,252
-87.6,20.86,252
-88.5798546659567,20.6905879154888,258
-88.5798546659567,20.6905879154888,258
-88.5798546659567,20.6905879154888,258
-88.5798546659567,20.6905879154888,258
-88.5798546659567,20.6905879154888,258
-88.5798546659567,20.6905879154888,258
-88.5798546659567,20.6905879154888,258
-88.5798546659567,20.6905879154888,258
-88.5798546659567,20.6905879154888,258
-88.5798546659567,20.6905879154888,258
-88.5798546659567,20.6905879154888,258
-88.5798546659567,20.6905879154888,258
-88.5798546659567,20.6905879154888,258
-88.5798546659567,20.6905879154888,258
-88.5798546659567,20.6905879154888,258
-88.5798546659567,20.6905879154888,258
-88.5798546659567,20.6905879154888,258
-88.5798546659567,20.6905879154888,258
-88.5798546659567,20.6905879154888,258
-88.5798546659567,20.6905879154888,258
-87.9998399383038,20.3806032272959,256
-88.5598541106693,20.6605893166717,258
-89.2598726319331,21.3105585855834,256
-86.9698153235236,20.470601226764,261
-88.1698411012586,19.1406601924976,259
-88.77,19.87,260
-87.81,20.74,253
-87.6,20.86,252
-87.6,20.86,252
-87.6,20.86,252
-87.6,20.86,252
-87.6,20.86,252
-87.6,20.87,252
-87.6,20.87,252
-87.6,20.87,252
-87.6,20.87,252
-87.6,20.87,252
-88.5798546659567,20.6905879154888,258
-88.5798546659567,20.6905879154888,258
-88.5798546659567,20.6905879154888,258
-88.5798546659567,20.6905879154888,258
-88.5798546659567,20.6905879154888,258
-88.5798546659567,20.6905879154888,258
-87.6,20.87,252
-87.6,20.87,252
-87.6,20.87,252
-88.5798546659567,20.6905879154888,258
-88.5798546659567,20.6905879154888,258
-88.5798546659567,20.6905879154888,258
-88.5798546659567,20.6905879154888,258
-88.5798546659567,20.6905879154888,258
-89.6098802117399,20.9605734748835,258
-88.5798546659567,20.6905879154888,258
-87.6,20.86,252
-87.6,20.86,252
-87.6,20.86,252
-87.6,20.86,252
-87.6,20.86,252
-88.5798546659567,20.6905879154888,258
-88.5798546659567,20.6905879154888,258
-88.5798546659567,20.6905879154888,258
-88.5798546659567,20.6905879154888,258
-88.5798546659567,20.6905879154888,258
-88.5798546659567,20.6905879154888,258
-88.5798546659567,20.6905879154888,258
-88.5798546659567,20.6905879154888,258
-88.5798546659567,20.6905879154888,258
-88.5798546659567,20.6905879154888,258
-88.5798546659567,20.6905879154888,258
-88.5798546659567,20.6905879154888,258
-88.5798546659567,20.6905879154888,258
-88.5798546659567,20.6905879154888,258
-88.5798546659567,20.6905879154888,258
-88.5798546659567,20.6905879154888,258
-88.5798546659567,20.6905879154888,258
-88.5798546659567,20.6905879154888,258
-88.5798546659567,20.6905879154888,258
-87.0198170664102,20.7105902312283,258
-86.94,20.4,261
-89.2798725884,21.100567926876,257
-89.2598726319331,21.3105585855834,256
-88.1698411012586,19.1406601924976,259
-87.81,20.74,253
-87.6,20.86,252
-87.6,20.86,252
-87.6,20.86,252
-87.6,20.86,252
-87.6,20.86,252
-87.6,20.86,252
-87.6,20.87,252
-87.6,20.87,252
-87.6,20.87,252
-87.6,20.87,252
-87.6,20.87,252
-88.5798546659567,20.6905879154888,258
-88.5798546659567,20.6905879154888,258
-88.5798546659567,20.6905879154888,258
-88.5798546659567,20.6905879154888,258
-88.5798546659567,20.6905879154888,258
-88.5798546659567,20.6905879154888,258
-87.6,20.87,252
-87.6,20.87,252
-87.6,20.87,252
-88.5798546659567,20.6905879154888,258
-88.5798546659567,20.6905879154888,258
-88.5798546659567,20.6905879154888,258
-88.5798546659567,20.6905879154888,258
-88.5798546659567,20.6905879154888,258
-88.5798546659567,20.6905879154888,258
-87.6,20.87,252
-87.6,20.86,252
-87.6,20.86,252
-87.6,20.86,252
-87.6,20.86,252
-87.6,20.86,252
-88.5798546659567,20.6905879154888,258
-88.5798546659567,20.6905879154888,258
-88.5798546659567,20.6905879154888,258
-88.5798546659567,20.6905879154888,258
-88.5798546659567,20.6905879154888,258
-88.5798546659567,20.6905879154888,258
-88.5798546659567,20.6905879154888,258
-88.5798546659567,20.6905879154888,258
-88.5798546659567,20.6905879154888,258
-88.5798546659567,20.6905879154888,258
-88.5798546659567,20.6905879154888,258
-88.5798546659567,20.6905879154888,258
-88.5798546659567,20.6905879154888,258
-88.5798546659567,20.6905879154888,258
-88.5798546659567,20.6905879154888,258
-88.5798546659567,20.6905879154888,258
-88.5798546659567,20.6905879154888,258
-88.5798546659567,20.6905879154888,258
-86.8498123430224,20.4306032864685,261
-87.0198170664102,20.7105902312283,258
-86.94,20.4,261
-89.58,21.29,255
-89.4898777934653,21.1505652213501,256
-89.2798725884,21.100567926876,257
-86.9698153235236,20.470601226764,261
-89.6098802117399,20.9605734748835,258
-90.0298908798587,21.1605635532703,258
-89.9098881069565,21.2105615917069,256
-88.9198614721055,20.1206131474022,259
-87.6,20.86,252
-87.6,20.86,252
-87.6,20.86,252
-87.6,20.86,252
-87.6,20.86,252
-87.6,20.86,252
-87.6,20.87,252
-87.6,20.87,252
-87.6,20.87,252
-87.6,20.87,252
-87.6,20.87,252
-88.5798546659567,20.6905879154888,258
-88.5798546659567,20.6905879154888,258
-88.5798546659567,20.6905879154888,258
-88.5798546659567,20.6905879154888,258
-88.5798546659567,20.6905879154888,258
-88.5798546659567,20.6905879154888,258
-88.5798546659567,20.6905879154888,258
-87.6,20.87,252
-87.6,20.87,252
-87.6,20.87,252
-88.5798546659567,20.6905879154888,258
-88.5798546659567,20.6905879154888,258
-88.5798546659567,20.6905879154888,258
-88.5798546659567,20.6905879154888,258
-88.5798546659567,20.6905879154888,258
-88.5798546659567,20.6905879154888,258
-88.5798546659567,20.6905879154888,258
-87.6,20.87,252
-87.6,20.86,252
-87.6,20.86,252
-87.6,20.86,252
-87.6,20.86,252
-87.6,20.86,252
-87.6,20.86,252
-88.5798546659567,20.6905879154888,258
-88.5798546659567,20.6905879154888,258
-88.5798546659567,20.6905879154888,258
-88.5798546659567,20.6905879154888,258
-88.5798546659567,20.6905879154888,258
-88.5798546659567,20.6905879154888,258
-88.5798546659567,20.6905879154888,258
-88.5798546659567,20.6905879154888,258
-88.5798546659567,20.6905879154888,258
-88.5798546659567,20.6905879154888,258
-88.5798546659567,20.6905879154888,258
-88.5798546659567,20.6905879154888,258
-88.5798546659567,20.6905879154888,258
-88.5798546659567,20.6905879154888,258
-88.5798546659567,20.6905879154888,258
-88.5798546659567,20.6905879154888,258
-88.5798546659567,20.6905879154888,258
-89.43,21.22,256
-87.88,18.07,266
-87.0198170664102,20.7105902312283,258
-86.94,20.4,261
-89.6298811796833,21.1505649077955,256
-88.1598460028641,21.3105609487592,254
-89.2598725063278,21.2605608158175,256
-88.77,19.87,260
-88.1598406964332,19.0706634951597,258
-88.5798546659567,20.6905879154888,258
-87.6,20.86,252
-87.6,20.86,252
-87.6,20.86,252
-87.6,20.86,252
-87.6,20.86,252
-87.6,20.86,252
-87.6,20.86,252
-87.6,20.86,252
-87.6,20.87,252
-87.6,20.87,252
-87.6,20.87,252
-88.5798546659567,20.6905879154888,258
-88.5798546659567,20.6905879154888,258
-88.5798546659567,20.6905879154888,258
-88.5798546659567,20.6905879154888,258
-88.5798546659567,20.6905879154888,258
-88.5798546659567,20.6905879154888,258
-87.6,20.87,252
-87.6,20.87,252
-87.6,20.87,252
-88.5798546659567,20.6905879154888,258
-88.5798546659567,20.6905879154888,258
-88.5798546659567,20.6905879154888,258
-88.5798546659567,20.6905879154888,258
-88.5798546659567,20.6905879154888,258
-88.5798546659567,20.6905879154888,258
-88.5798546659567,20.6905879154888,258
-87.6,20.86,252
-87.6,20.86,252
-87.6,20.86,252
-87.6,20.86,252
-87.6,20.86,252
-88.5798546659567,20.6905879154888,258
-88.5798546659567,20.6905879154888,258
-88.5798546659567,20.6905879154888,258
-88.5798546659567,20.6905879154888,258
-88.5798546659567,20.6905879154888,258
-88.5798546659567,20.6905879154888,258
-88.5798546659567,20.6905879154888,258
-88.5798546659567,20.6905879154888,258
-88.5798546659567,20.6905879154888,258
-88.5798546659567,20.6905879154888,258
-88.5798546659567,20.6905879154888,258
-88.5798546659567,20.6905879154888,258
-88.5798546659567,20.6905879154888,258
-88.5798546659567,20.6905879154888,258
-88.5798546659567,20.6905879154888,258
-88.5798546659567,20.6905879154888,258
-88.5798546659567,20.6905879154888,258
-88.5798546659567,20.6905879154888,258
-88.5798546659567,20.6905879154888,258
-88.5798546659567,20.6905879154888,258
-86.9598151272451,20.490600336247,261
-90.7599036187897,19.3106464192983,258
-87.83,18.11,266
-89.64,21.15,256
-88.2598419323915,18.5806863801153,259
-89.3098738926935,21.3305575838187,256
-86.9698153235236,20.470601226764,261
-89.7098817089453,20.6005895036681,262
-87.6,20.86,252
-87.6,20.86,252
-87.6,20.86,252
-87.6,20.86,252
-87.6,20.86,252
-87.6,20.86,252
-87.6,20.86,252
-89.04,20.07,259
-87.6,20.87,252
-87.6,20.87,252
-87.6,20.87,252
-87.6,20.87,252
-88.5798546659567,20.6905879154888,258
-88.5798546659567,20.6905879154888,258
-88.5798546659567,20.6905879154888,258
-88.5798546659567,20.6905879154888,258
-88.5798546659567,20.6905879154888,258
-88.5798546659567,20.6905879154888,258
-87.6,20.87,252
-87.6,20.87,252
-87.6,20.87,252
-88.5798546659567,20.6905879154888,258
-88.5798546659567,20.6905879154888,258
-88.5798546659567,20.6905879154888,258
-88.5798546659567,20.6905879154888,258
-88.5798546659567,20.6905879154888,258
-88.5798546659567,20.6905879154888,258
-88.5798546659567,20.6905879154888,258
-87.6,20.86,252
-87.6,20.86,252
-87.6,20.86,252
-87.6,20.86,252
-87.6,20.86,252
-88.5798546659567,20.6905879154888,258
-88.5798546659567,20.6905879154888,258
-88.5798546659567,20.6905879154888,258
-88.5798546659567,20.6905879154888,258
-88.5798546659567,20.6905879154888,258
-88.5798546659567,20.6905879154888,258
-88.5798546659567,20.6905879154888,258
-88.5798546659567,20.6905879154888,258
-88.5798546659567,20.6905879154888,258
-88.5798546659567,20.6905879154888,258
-88.5798546659567,20.6905879154888,258
-88.5798546659567,20.6905879154888,258
-88.5798546659567,20.6905879154888,258
-88.5798546659567,20.6905879154888,258
-88.5798546659567,20.6905879154888,258
-88.5798546659567,20.6905879154888,258
-88.5798546659567,20.6905879154888,258
-88.5798546659567,20.6905879154888,258
-88.5798546659567,20.6905879154888,258
-88.5798546659567,20.6905879154888,258
-86.8698130250617,20.5205991495872,261
-88.5,18.01,251
-88.5798489376679,18.3106985090328,250
-89.49,21.15,256
-89.2598726319331,21.3105585855834,256
-86.9098136101861,20.3506068169522,261
-89.6598822122635,21.2705594783479,255
-87.6,20.86,252
-87.6,20.86,252
-87.6,20.86,252
-87.6,20.86,252
-87.6,20.86,252
-87.6,20.86,252
-87.6,20.86,252
-87.6,20.87,252
-87.6,20.87,252
-87.6,20.87,252
-87.6,20.87,252
-87.6,20.87,252
-88.5798546659567,20.6905879154888,258
-88.5798546659567,20.6905879154888,258
-88.5798546659567,20.6905879154888,258
-88.5798546659567,20.6905879154888,258
-88.5798546659567,20.6905879154888,258
-87.6,20.87,252
-87.6,20.87,252
-88.5798546659567,20.6905879154888,258
-88.5798546659567,20.6905879154888,258
-88.5798546659567,20.6905879154888,258
-88.5798546659567,20.6905879154888,258
-88.5798546659567,20.6905879154888,258
-88.5798546659567,20.6905879154888,258
-88.5798546659567,20.6905879154888,258
-88.5798546659567,20.6905879154888,258
-87.6,20.86,252
-87.6,20.86,252
-87.6,20.86,252
-87.6,20.86,252
-87.6,20.86,252
-87.6,20.86,252
-88.5798546659567,20.6905879154888,258
-88.5798546659567,20.6905879154888,258
-88.5798546659567,20.6905879154888,258
-88.5798546659567,20.6905879154888,258
-88.5798546659567,20.6905879154888,258
-88.5798546659567,20.6905879154888,258
-88.5798546659567,20.6905879154888,258
-88.5798546659567,20.6905879154888,258
-88.5798546659567,20.6905879154888,258
-88.5798546659567,20.6905879154888,258
-88.5798546659567,20.6905879154888,258
-88.5798546659567,20.6905879154888,258
-88.5798546659567,20.6905879154888,258
-88.5798546659567,20.6905879154888,258
-88.5798546659567,20.6905879154888,258
-88.5798546659567,20.6905879154888,258
-88.5798546659567,20.6905879154888,258
-88.5798546659567,20.6905879154888,258
-88.5798546659567,20.6905879154888,258
-88.5798546659567,20.6905879154888,258
-86.8498123430224,20.4306032864685,261
-86.999815822513,20.3706057251954,260
-90.989905976282,18.1107025353927,262
-89.4898777934653,21.1505652213501,256
-89.2798725884,21.100567926876,257
-86.9098136101861,20.3506068169522,261
-89.6098802117399,20.9605734748835,258
-90.019890612015,21.1505640235599,258
-89.6298810520585,21.100567146641,256
-88.9198614721055,20.1206131474022,259
-87.6,20.86,252
-87.6,20.86,252
-87.6,20.86,252
-87.6,20.86,252
-87.6,20.86,252
-87.6,20.86,252
-87.6,20.87,252
-87.6,20.87,252
-87.6,20.87,252
-87.6,20.87,252
-87.6,20.87,252
-88.5798546659567,20.6905879154888,258
-88.5798546659567,20.6905879154888,258
-88.5798546659567,20.6905879154888,258
-88.5798546659567,20.6905879154888,258
-88.5798546659567,20.6905879154888,258
-88.5798546659567,20.6905879154888,258
-87.6,20.87,252
-87.6,20.87,252
-87.6,20.87,252
-88.5798546659567,20.6905879154888,258
-88.5798546659567,20.6905879154888,258
-88.5798546659567,20.6905879154888,258
-88.5798546659567,20.6905879154888,258
-88.5798546659567,20.6905879154888,258
-88.5798546659567,20.6905879154888,258
-88.5798546659567,20.6905879154888,258
-88.5798546659567,20.6905879154888,258
-87.6,20.86,252
-87.6,20.86,252
-87.6,20.86,252
-87.6,20.86,252
-87.6,20.86,252
-87.6,20.86,252
-88.5798546659567,20.6905879154888,258
-88.5798546659567,20.6905879154888,258
-88.5798546659567,20.6905879154888,258
-88.5798546659567,20.6905879154888,258
-88.5798546659567,20.6905879154888,258
-88.5798546659567,20.6905879154888,258
-88.5798546659567,20.6905879154888,258
-88.5798546659567,20.6905879154888,258
-88.5798546659567,20.6905879154888,258
-88.5798546659567,20.6905879154888,258
-88.5798546659567,20.6905879154888,258
-88.5798546659567,20.6905879154888,258
-88.5798546659567,20.6905879154888,258
-88.5798546659567,20.6905879154888,258
-88.5798546659567,20.6905879154888,258
-88.5798546659567,20.6905879154888,258
-86.9198141632671,20.4906004155396,260
-89.43,21.22,256
-89.7298838806343,21.26055976688,255
-89.6198804788607,20.9705730028973,258
-86.94,20.4,261
-87.58,20.36,257
-86.9098138108191,20.4406027121227,261
-88.5598541106693,20.6605893166717,258
-90.989905976282,18.1107025353927,262
-87.6,20.86,252
-89.9598861464143,19.9806172478983,265
-86.9098138108191,20.4406027121227,261
-89.6098802117399,20.9605734748835,258
-90.019890612015,21.1505640235599,258
-88.9198614721055,20.1206131474022,259
-88.5798546659567,20.6905879154888,258
-87.6,20.86,252
-87.6,20.86,252
-87.6,20.86,252
-87.6,20.86,252
-87.6,20.86,252
-87.6,20.86,252
-87.6,20.87,252
-87.6,20.87,252
-87.6,20.87,252
-87.6,20.87,252
-87.6,20.87,252
-88.5798546659567,20.6905879154888,258
-88.5798546659567,20.6905879154888,258
-88.5798546659567,20.6905879154888,258
-88.5798546659567,20.6905879154888,258
-88.5798546659567,20.6905879154888,258
-88.5798546659567,20.6905879154888,258
-88.5798546659567,20.6905879154888,258
-87.6,20.87,252
-87.6,20.87,252
-88.5798546659567,20.6905879154888,258
-88.5798546659567,20.6905879154888,258
-88.5798546659567,20.6905879154888,258
-88.5798546659567,20.6905879154888,258
-88.5798546659567,20.6905879154888,258
-88.5798546659567,20.6905879154888,258
-88.5798546659567,20.6905879154888,258
-88.5798546659567,20.6905879154888,258
-87.6,20.86,252
-87.6,20.86,252
-87.6,20.86,252
-87.6,20.86,252
-87.6,20.86,252
-87.6,20.86,252
-87.6,20.86,252
-88.5798546659567,20.6905879154888,258
-88.5798546659567,20.6905879154888,258
-88.5798546659567,20.6905879154888,258
-88.5798546659567,20.6905879154888,258
-88.5798546659567,20.6905879154888,258
-88.5798546659567,20.6905879154888,258
-88.5798546659567,20.6905879154888,258
-88.5798546659567,20.6905879154888,258
-88.5798546659567,20.6905879154888,258
-88.5798546659567,20.6905879154888,258
-88.5798546659567,20.6905879154888,258
-88.5798546659567,20.6905879154888,258
-88.5798546659567,20.6905879154888,258
-88.5798546659567,20.6905879154888,258
-88.5798546659567,20.6905879154888,258
-88.5798546659567,20.6905879154888,258
-88.5798546659567,20.6905879154888,258
-87.93,18.04,266
-86.9098138108191,20.4406027121227,261
-87.58,20.36,257
-86.9098138108191,20.4406027121227,261
-86.9098138108191,20.4406027121227,261
-88.5598541106693,20.6605893166717,258
-89.6498749965894,18.5106866222918,251
-89.6098802117399,20.9605734748835,258
-89.3698689211122,18.7606754298915,247
-88.9198614721055,20.1206131474022,259
-88.5798546659567,20.6905879154888,258
-87.6,20.86,252
-87.6,20.86,252
-87.6,20.86,252
-87.6,20.86,252
-87.6,20.86,252
-87.6,20.86,252
-87.6,20.86,252
-87.6,20.86,252
-87.6,20.87,252
-87.6,20.87,252
-87.6,20.87,252
-87.6,20.87,252
-87.6,20.87,252
-88.5798546659567,20.6905879154888,258
-88.5798546659567,20.6905879154888,258
-88.5798546659567,20.6905879154888,258
-88.5798546659567,20.6905879154888,258
-89.6098802117399,20.9605734748835,258
-88.5798546659567,20.6905879154888,258
-87.6,20.87,252
-87.6,20.87,252
-88.5798546659567,20.6905879154888,258
-88.5798546659567,20.6905879154888,258
-88.5798546659567,20.6905879154888,258
-88.5798546659567,20.6905879154888,258
-88.5798546659567,20.6905879154888,258
-88.5798546659567,20.6905879154888,258
-88.5798546659567,20.6905879154888,258
-88.5798546659567,20.6905879154888,258
-88.5798546659567,20.6905879154888,258
-87.6,20.86,252
-87.6,20.86,252
-87.6,20.86,252
-87.6,20.86,252
-87.6,20.86,252
-87.6,20.86,252
-87.6,20.86,252
-88.5798546659567,20.6905879154888,258
-88.5798546659567,20.6905879154888,258
-88.5798546659567,20.6905879154888,258
-88.5798546659567,20.6905879154888,258
-88.5798546659567,20.6905879154888,258
-88.5798546659567,20.6905879154888,258
-88.5798546659567,20.6905879154888,258
-88.5798546659567,20.6905879154888,258
-88.5798546659567,20.6905879154888,258
-88.5798546659567,20.6905879154888,258
-88.5798546659567,20.6905879154888,258
-88.5798546659567,20.6905879154888,258
-88.5798546659567,20.6905879154888,258
-88.5798546659567,20.6905879154888,258
-88.5798546659567,20.6905879154888,258
-88.5798546659567,20.6905879154888,258
-87.0198163042485,20.3706056853426,261
-87.93,18.04,266
-87.73,20.49,256
-87.58,20.36,257
-86.9098138108191,20.4406027121227,261
-88.5598541106693,20.6605893166717,258
-88.1498464511192,21.6005480841936,254
-88.1598460028641,21.3105609487592,254
-89.9598861464143,19.9806172478983,265
-88.1598460028641,21.3105609487592,254
-88.9198614721055,20.1206131474022,259
-88.1998429794956,19.6306372929875,259
-89.6098802117399,20.9605734748835,258
-87.6,20.86,252
-87.6,20.86,252
-87.6,20.86,252
-87.6,20.86,252
-87.6,20.86,252
-87.6,20.86,252
-87.6,20.86,252
-87.6,20.87,252
-87.6,20.87,252
-87.6,20.87,252
-87.6,20.87,252
-88.5798546659567,20.6905879154888,258
-88.5798546659567,20.6905879154888,258
-88.5798546659567,20.6905879154888,258
-88.5798546659567,20.6905879154888,258
-88.5798546659567,20.6905879154888,258
-88.5798546659567,20.6905879154888,258
-87.6,20.87,252
-87.6,20.87,252
-87.6,20.87,252
-88.5798546659567,20.6905879154888,258
-88.5798546659567,20.6905879154888,258
-89.6098802117399,20.9605734748835,258
-88.5798546659567,20.6905879154888,258
-88.5798546659567,20.6905879154888,258
-88.5798546659567,20.6905879154888,258
-88.5798546659567,20.6905879154888,258
-88.5798546659567,20.6905879154888,258
-87.6,20.86,252
-87.6,20.86,252
-87.6,20.86,252
-87.6,20.86,252
-87.6,20.86,252
-87.6,20.86,252
-88.5798546659567,20.6905879154888,258
-88.5798546659567,20.6905879154888,258
-88.5798546659567,20.6905879154888,258
-88.5798546659567,20.6905879154888,258
-88.5798546659567,20.6905879154888,258
-88.5798546659567,20.6905879154888,258
-88.5798546659567,20.6905879154888,258
-88.5798546659567,20.6905879154888,258
-88.5798546659567,20.6905879154888,258
-88.5798546659567,20.6905879154888,258
-88.5798546659567,20.6905879154888,258
-88.5798546659567,20.6905879154888,258
-88.5798546659567,20.6905879154888,258
-88.5798546659567,20.6905879154888,258
-88.5798546659567,20.6905879154888,258
-88.5798546659567,20.6905879154888,258
-88.5798546659567,20.6905879154888,258
-87.88,18.07,266
-86.9098138108191,20.4406027121227,261
-87.73,20.49,256
-86.9098138108191,20.4406027121227,261
-88.5598541106693,20.6605893166717,258
-89.6098802117399,20.9605734748835,258
-89.41,18.59,246
-88.2898424602972,18.5006901080224,260
-88.9198614721055,20.1206131474022,259
-87.6,20.86,252
-87.6,20.86,252
-87.6,20.86,252
-87.6,20.86,252
-87.6,20.86,252
-87.6,20.86,252
-87.6,20.86,252
-87.6,20.86,252
-87.6,20.86,252
-87.6,20.87,252
-87.6,20.87,252
-87.6,20.87,252
-88.5798546659567,20.6905879154888,258
-88.5798546659567,20.6905879154888,258
-88.5798546659567,20.6905879154888,258
-88.5798546659567,20.6905879154888,258
-88.5798546659567,20.6905879154888,258
-88.5798546659567,20.6905879154888,258
-87.6,20.87,252
-87.6,20.87,252
-87.6,20.87,252
-88.5798546659567,20.6905879154888,258
-88.5798546659567,20.6905879154888,258
-88.5798546659567,20.6905879154888,258
-88.5798546659567,20.6905879154888,258
-88.5798546659567,20.6905879154888,258
-88.5798546659567,20.6905879154888,258
-88.5798546659567,20.6905879154888,258
-88.5798546659567,20.6905879154888,258
-89.5198720876875,18.5906831267305,246
-87.6,20.86,252
-87.6,20.86,252
-87.6,20.86,252
-87.6,20.86,252
-87.6,20.86,252
-87.6,20.86,252
-88.5798546659567,20.6905879154888,258
-88.5798546659567,20.6905879154888,258
-88.5798546659567,20.6905879154888,258
-88.5798546659567,20.6905879154888,258
-88.5798546659567,20.6905879154888,258
-88.5798546659567,20.6905879154888,258
-88.5798546659567,20.6905879154888,258
-88.5798546659567,20.6905879154888,258
-88.5798546659567,20.6905879154888,258
-88.5798546659567,20.6905879154888,258
-88.5798546659567,20.6905879154888,258
-88.5798546659567,20.6905879154888,258
-88.5798546659567,20.6905879154888,258
-88.5798546659567,20.6905879154888,258
-88.5798546659567,20.6905879154888,258
-88.5798546659567,20.6905879154888,258
-88.5798546659567,20.6905879154888,258
-88.5798546659567,20.6905879154888,258
-88.5798546659567,20.6905879154888,258
-90.7599036187897,19.3106464192983,258
-89.7298838806343,21.26055976688,255
-86.9098138108191,20.4406027121227,261
-87.73,20.49,256
-88.5698543761921,20.6705888423604,258
-86.9098138108191,20.4406027121227,261
-87.9498408959077,21.3005618313611,253
-88.1598460028641,21.3105609487592,254
-89.2598725063278,21.2605608158175,256
-86.9098136101861,20.3506068169522,261
-89.6098802117399,20.9605734748835,258
-89.7098817089453,20.6005895036681,262
-88.2898424602972,18.5006901080224,260
-87.6,20.86,252
-87.6,20.86,252
-87.6,20.86,252
-87.6,20.86,252
-87.6,20.86,252
-87.6,20.86,252
-87.6,20.86,252
-87.6,20.86,252
-87.6,20.86,252
-87.6,20.87,252
-87.6,20.87,252
-87.6,20.87,252
-88.5798546659567,20.6905879154888,258
-88.5798546659567,20.6905879154888,258
-88.5798546659567,20.6905879154888,258
-88.5798546659567,20.6905879154888,258
-88.5798546659567,20.6905879154888,258
-88.5798546659567,20.6905879154888,258
-87.6,20.87,252
-87.6,20.87,252
-87.6,20.87,252
-88.5798546659567,20.6905879154888,258
-88.5798546659567,20.6905879154888,258
-88.5798546659567,20.6905879154888,258
-88.5798546659567,20.6905879154888,258
-88.5798546659567,20.6905879154888,258
-88.5798546659567,20.6905879154888,258
-86.98,20.38,260
-87.6,20.86,252
-87.6,20.86,252
-87.6,20.86,252
-87.6,20.86,252
-87.6,20.86,252
-87.6,20.86,252
-88.5798546659567,20.6905879154888,258
-88.5798546659567,20.6905879154888,258
-88.5798546659567,20.6905879154888,258
-88.5798546659567,20.6905879154888,258
-88.5798546659567,20.6905879154888,258
-88.5798546659567,20.6905879154888,258
-88.5798546659567,20.6905879154888,258
-88.5798546659567,20.6905879154888,258
-88.5798546659567,20.6905879154888,258
-88.5798546659567,20.6905879154888,258
-88.5798546659567,20.6905879154888,258
-88.5798546659567,20.6905879154888,258
-88.5798546659567,20.6905879154888,258
-88.5798546659567,20.6905879154888,258
-88.5798546659567,20.6905879154888,258
-88.5798546659567,20.6905879154888,258
-88.5798546659567,20.6905879154888,258
-88.5798546659567,20.6905879154888,258
-88.5798546659567,20.6905879154888,258
-88.5798546659567,20.6905879154888,258
-90.7599036187897,19.3106464192983,258
-87.83,18.11,266
-87.73,20.49,256
-86.9098138108191,20.4406027121227,261
-86.999815822513,20.3706057251954,260
-88.1598460028641,21.3105609487592,254
-88.1598460028641,21.3105609487592,254
-89.2598725063278,21.2605608158175,256
-86.9698153235236,20.470601226764,261
-88.77,19.87,260
-88.2898424602972,18.5006901080224,260
-88.9198614721055,20.1206131474022,259
-87.6,20.86,252
-87.6,20.86,252
-87.6,20.86,252
-87.6,20.86,252
-87.6,20.86,252
-87.6,20.86,252
-87.6,20.86,252
-87.6,20.86,252
-87.6,20.87,252
-87.6,20.87,252
-87.6,20.87,252
-87.6,20.87,252
-88.5798546659567,20.6905879154888,258
-88.5798546659567,20.6905879154888,258
-88.5798546659567,20.6905879154888,258
-88.5798546659567,20.6905879154888,258
-88.5798546659567,20.6905879154888,258
-87.6,20.87,252
-87.6,20.87,252
-88.5798546659567,20.6905879154888,258
-88.5798546659567,20.6905879154888,258
-88.5798546659567,20.6905879154888,258
-88.5798546659567,20.6905879154888,258
-88.5798546659567,20.6905879154888,258
-88.5798546659567,20.6905879154888,258
-87.6,20.86,252
-87.6,20.86,252
-87.6,20.86,252
-87.6,20.86,252
-87.6,20.86,252
-87.6,20.86,252
-88.5798546659567,20.6905879154888,258
-88.5798546659567,20.6905879154888,258
-88.5798546659567,20.6905879154888,258
-88.5798546659567,20.6905879154888,258
-88.5798546659567,20.6905879154888,258
-88.5798546659567,20.6905879154888,258
-88.5798546659567,20.6905879154888,258
-88.5798546659567,20.6905879154888,258
-88.5798546659567,20.6905879154888,258
-88.5798546659567,20.6905879154888,258
-88.5798546659567,20.6905879154888,258
-88.5798546659567,20.6905879154888,258
-88.5798546659567,20.6905879154888,258
-88.5798546659567,20.6905879154888,258
-88.5798546659567,20.6905879154888,258
-88.5798546659567,20.6905879154888,258
-88.5798546659567,20.6905879154888,258
-88.5798546659567,20.6905879154888,258
-88.5798546659567,20.6905879154888,258
-88.5798546659567,20.6905879154888,258
-87.83,18.11,266
-87.7298336643798,20.4805992332069,256
-87.73,20.49,256
-87.021721,20.376281,260
-86.969536,20.727131,258
-88.572272,20.683853,258
-86.896834,20.829086,258
-88.136158,20.891421,253
-87.309248,20.399415,259
-88.397018,18.661931,258
-89.578595,20.947321,258
-87.394813,20.378695,257
-87.065598,20.639593,258
-89.770758,20.360286,263
-87.48152,20.007425,260
-88.627892,20.745287,259
-87.366693,21.532407,252
-86.851528,21.161908,255
-88.05679,21.593925,254
-89.811297,21.179712,256
-86.836788,21.143743,255
-88.808155,19.91208,260
-87.251954,20.489559,258
-89.737354,20.9045,259
-86.818297,21.266612,255
-86.952448,20.772885,258
-90.667645,19.723026,262
-86.823334,21.201111,255
-90.568621,19.824583,262
-87.195775,20.755997,256
-89.771578,20.360202,263
-86.902027,21.056205,255
-86.777647,21.073677,256
-86.941161,20.503835,260
-87.119698,20.580913,259
-86.846542,20.912347,257
-86.805954,21.201542,255
-87.332763,20.362802,259
-89.808944,18.107541,251
-86.824983,21.168287,255
-88.263069,18.258091,255
-88.568889,20.678333,258
-86.816099,21.143846,256
-89.577447,21.124912,256
-86.81221,21.182473,255
-88.328152,20.723929,254
-88.233134,21.566635,255
-90.307951,20.501009,268
-89.413383,18.61228,246
-87.041,20.662359,259
-90.739175,18.60825,260
-89.7493,21.265573,255
-86.810343,21.25348,255
-87.92599,18.022804,266
-87.388759,21.506845,252
-87.736672,20.489214,256
-90.37664,20.856844,264
-88.144131,21.599001,254
-86.838211,21.142329,255
-88.156272,21.123239,254
-87.022448,20.37841,260
-87.020903,20.382308,260
-87.039428,20.662503,259
-89.418414,20.80091,259
-90.608425,19.795587,262
-87.723625,20.485381,256
-87.237522,20.52064,258
-87.342871,20.37858,258
-89.637488,20.855045,259
-89.460493,20.629629,260
-87.736111,20.494722,256
-86.837928,21.144591,255
-86.821469,21.200661,255
-89.445536,21.251961,256
-89.562278,21.038917,257
-86.970512,20.474138,261
-89.570045,21.054317,257
-89.768383,20.359906,263
-87.533094,20.262805,258
-88.453117,20.591801,257
-87.611,20.080817,259
-89.726907,21.099235,256
-87.721316,20.494099,256
-88.591107,20.692606,259
-87.412951,20.281761,259
-87.463867,20.246158,258
-89.588087,20.952926,258
-89.586811,20.944627,258
-89.426365,21.314976,256
-89.617717,21.099668,256
-87.014375,20.698437,258
-89.629873,20.968145,258
-88.186483,20.414132,256
-86.940114,20.784556,258
-87.430711,20.216417,258
-87.28763,20.44333,259
-86.868621,20.874753,258
-88.374083,20.19565,258
-86.732187,21.221663,255
-88.819243,19.716259,260
-86.778454,21.072187,256
-88.730656,20.707063,260
-89.763336,20.367615,263
-89.030267,20.937823,261
-87.417205,20.232462,258
-86.816053,21.148535,256
-89.609725,21.021506,257
-90.460812,19.07911,258
-87.47555,19.953851,260
-87.431345,19.891046,261
-88.283949,21.24445,255
-90.687636,19.639204,260
-87.428878,20.214025,258
-87.035385,20.667422,258
-86.818053,21.144446,256
-86.915341,20.905483,257
-86.867131,20.868392,258
-89.425896,21.317638,256
-88.14113,20.893417,253
-89.706902,21.125417,256
-87.46535,20.211419,258
-89.527051,21.309652,255
-89.629873,20.968145,258
-89.440648,20.997156,258
-86.800751,21.233738,255
-87.336989,21.422806,252
-89.490576,18.409499,246
-86.843551,20.382599,261
-88.275572,19.98073,259
-90.502575,19.771065,262
-87.330768,20.368814,259
-89.621773,20.947659,258
-89.592586,20.96737,258
-89.908462,20.551937,264
-87.633069,20.646675,254
-89.264947,18.329454,250
-88.13586,20.890546,253
-87.307067,20.410186,259
-88.880056,21.261041,258
-89.648333,20.1775,260
-87.434303,20.205894,259
-87.087963,20.673498,258
-89.056692,20.581115,262
-86.778403,21.072256,256
-89.617851,21.152696,255
-89.584391,18.377497,247
-87.3509351518704,20.3142185940606,259
-87.7498329512947,19.9661787366254,259
-87.7351118258195,20.4953205525901,256
-88.7306913490847,20.7080867989865,260
-87.3509351518704,20.3142185940606,259
-87.3109343767835,20.3969928970769,259
-88.7451366977534,20.7080867677781,260
-87.4592705650812,20.2286672857181,258
-87.7351118258195,20.4953205525901,256
-88.0998408928439,19.764242319368,259
-89.570251,21.055,257
-90.491684,19.866583,264
-89.685021,18.488691,250
-89.354136,21.313538,256
-87.602234,20.712189,253
-87.608875,21.361328,251
-88.806111,19.929764,260
-87.037981,20.661334,259
-89.603255,21.065621,257
-87.258737,20.47187,258
-89.652708,21.03158,257
-88.809845,19.897132,260
-87.036453,20.66318,259
-86.815776,21.143863,256
-89.538417,18.222212,247
-87.073885,20.629559,258
-88.23392,18.608557,260
-90.048889,21.165278,259
-90.04738,21.163312,259
-87.356907,20.317855,259
-87.429766,20.214564,258
-87.018142,20.395519,260
-89.554768,18.269492,245
-87.304639,20.410193,259
-89.28067,20.748806,260
-89.354197,21.313435,256
-90.407371,19.820768,264
-89.039028,20.94979,261
-86.757681,21.11573,256
-89.552278,21.065886,257
-86.860828,20.977212,256
-87.22448,20.512062,258
-88.135353,20.891013,253
-88.917182,20.495839,261
-89.622388,21.055341,257
-89.622591,21.28311,255
-86.841353,21.142662,255
-89.500985,18.297849,246
-86.876316,20.846821,257
-87.245237,20.486976,259
-87.348337,20.338545,258
-89.01564,18.127795,251
-90.367841,20.855569,264
-89.629873,20.968145,258
-87.340118,21.425954,252
-88.390824,20.767337,256
-86.755649,21.123976,256
-87.303148,20.462807,258
-90.550738,19.824471,262
-88.447883,20.590532,257
-88.140728,18.349681,260
-86.807497,21.250236,255
-88.810487,18.110072,250
-87.447187,20.175234,259
-89.616608,21.09606,256
-89.320496,21.283214,256
-89.297005,20.74639,260
-87.666033,21.512833,253
-89.61751,18.258749,245
-87.337667,20.361414,258
-87.032014,20.667767,258
-90.869587,18.365617,260
-89.983564,21.104827,258
-89.597901,21.068504,257
-86.770306,21.093913,256
-86.820738,21.144031,256
-89.500853,20.849327,259
-87.122192,20.571775,259
-86.84707,21.204164,255
-88.806111,19.929764,260
-90.35347,20.881319,263
-87.500033,20.200422,259
-89.756642,20.409391,263
-86.804132,21.223998,255
-87.571305,20.722057,253
-88.311099,21.004562,255
-86.834596,21.127807,255
-88.145719,21.594647,254
-89.297723,20.746463,260
-88.392012,20.766478,256
-87.2351,20.51468,258
-86.955345,20.764542,258
-90.00995,20.890715,262
-87.247566,20.483846,259
-87.08655,20.650507,258
-89.549763,18.617027,246
-86.846449,20.500058,261
-87.062262,20.699187,258
-87.022018,20.380982,260
-89.598213,21.090706,256
-86.857253,21.086805,255
-87.073233,20.657549,258
-86.815273,21.253458,255
-87.91396,18.001946,266
-89.399894,18.526967,246
-87.120457,20.584362,258
-87.032337,20.680165,258
-86.829308,21.196331,255
-88.296146,18.500189,259
-89.778772,20.66981,262
-89.707448,21.015629,257
-89.452431,18.198031,247
-87.571392,20.348847,257
-87.064834,20.654555,258
-87.724044,20.493107,256
-87.429249,20.215725,258
-89.569167,21.0125,257
-89.396457,18.514697,246
-89.449086,20.260955,256
-86.822597,21.200105,255
-86.809708,21.253552,255
-86.815177,21.14339,256
-89.335548,21.335262,256
-87.992522,18.116563,265
-89.590226,20.989253,258
-86.998567,20.834941,257
-89.521218,18.846521,247
-89.770755,20.361583,263
-87.020914,20.381448,260
-89.613674,20.777338,260
-89.662138,21.082768,257
-89.726543,18.146341,247
-90.370572,20.94447,263
-88.81356,19.931765,260
-89.627956,21.110894,256
-87.259122,20.477569,258
-86.817398,21.144391,256
-87.027436,20.687355,258
-87.738315,20.491933,256
-88.558947,18.027858,252
-90.928414,18.278824,261
-86.859765,20.976762,256
-86.965695,20.758855,258
-87.364708,20.350181,258
-87.310536,20.339158,259
-88.310981,18.527184,259
-86.779336,21.033692,257
-87.22814,20.513427,258
-87.576141,20.735052,253
-87.672608,21.514707,252
-88.808795,18.113208,250
-87.475153,20.252885,258
-87.373611,21.529167,252
-90.048091,21.163763,259
-89.600137,21.285138,255
-88.199424,20.693002,253
-88.79,18.419167,252
-86.890146,21.158306,255
-87.063917,20.639517,258
-87.31041,18.593213,264
-89.862602,20.665805,263
-89.527014,20.077261,257
-89.364265,21.217402,256
-89.708015,21.123137,256
-87.067121,20.635338,258
-86.969083,20.476732,261
-87.341942,20.376595,258
-89.582302,20.997589,257
-90.70435,19.557352,260
-87.634017,20.646908,254
-88.568355,20.679366,258
-89.644845,20.97183,258
-89.974901,21.181102,258
-87.690653,20.500233,255
-87.997721,21.451449,253
-86.823753,21.162416,256
-89.532074,21.063129,257
-87.439449,21.352138,251
-87.73182,20.49038,256
-86.938658,20.787012,258
-86.856178,21.102706,255
-87.431235,20.215131,258
-86.762584,21.108217,256
-87.724176,20.492933,256
-89.586561,21.023948,257
-87.855723,18.275576,264
-87.113718,20.582476,259
-86.82441,21.140278,256
-89.773653,20.355115,263
-89.856944,21.13549,257
-87.318771,20.399357,259
-88.847646,21.286537,258
-87.010025,20.704333,258
-88.319428,18.507368,259
-89.890155,18.355666,252
-86.851677,21.163892,255
-89.457992,20.960693,258
-86.855786,21.098125,255
-89.650211,20.250113,260
-89.349093,21.32123,256
-86.942079,20.500387,260
-89.629872,20.968147,258
-88.809845,19.897132,260
-87.459755,20.210193,258
-87.202797,20.986832,254
-87.609933,20.078637,259
-89.295897,20.736637,260
-86.813747,21.183364,255
-86.830053,21.105037,256
-89.808769,18.114529,251
-87.431764,20.205727,259
-87.284922,20.448668,259
-87.2397,20.492613,259
-89.257172,21.202492,257
-86.824425,21.200488,255
-86.973833,20.473569,261
-87.381849,20.2781,259
-89.425782,21.318845,256
-87.035666,20.662644,259
-87.355195,20.31541,259
-88.791117,18.419644,252
-88.125061,18.335584,260
-86.845134,20.499344,260
-89.4412,18.399047,247
-87.030144,20.696133,258
-88.475635,20.390861,258
-87.094252,20.610599,258
-89.467672,21.282949,255
-88.167907,20.600315,254
-88.479138,19.168655,258
-86.823943,21.201151,255
-86.776375,21.069153,256
-87.477372,20.014356,260
-88.567786,20.68469,258
-86.856021,21.102297,255
-86.967226,20.476753,261
-89.623644,20.866725,259
-89.77024,20.360858,263
-87.161076,21.175344,253
-89.250809,20.680486,260
-87.136392,20.617012,258
-86.717815,21.208378,255
-86.903017,20.846642,257
-88.513056,20.568333,258
-86.885519,21.136966,255
-89.55136,20.089601,259
-86.898545,20.8602,257
-87.834753,18.279654,264
-87.044622,20.672843,258
-87.035293,20.66756,258
-86.955623,20.764978,258
-86.83535,20.4326,261
-89.79707,20.987894,259
-89.047015,21.241522,258
-87.736886,20.489111,256
-89.027282,19.993121,258
-86.882772,20.874787,257
-88.729411,19.846027,260
-86.995447,20.757118,258
-89.643059,20.860558,259
-86.775693,21.14323,256
-89.187836,19.931002,254
-89.629873,20.968145,258
-87.088372,20.612205,258
-87.34137,20.373233,258
-86.805382,21.252582,255
-88.319573,18.50603,259
-87.43479,20.217127,258
-89.579739,21.025191,257
-87.228237,20.514417,258
-89.515736,21.052211,257
-88.085195,21.566264,254
-90.230566,19.597149,264
-88.809845,19.897132,260
-87.01801,20.36276,261
-89.598208,21.09304,256
-89.632582,20.637547,261
-86.779197,21.062272,256
-87.341821,20.360756,258
-87.332168,20.369058,259
-86.862241,20.48348,260
-89.561737,20.950719,258
-86.723871,21.223907,255
-87.429379,20.22339,258
-86.894784,20.872256,257
-89.644778,20.322247,260
-86.837196,21.14197,255
-86.851528,21.161908,255
-86.851528,21.161908,255
-88.566308,20.679437,258
-89.028844,19.692973,259
-89.533339,21.125221,256
-89.680742,21.118514,256
-86.851528,21.161908,255
-86.821442,21.20077,255
-89.578164,20.948794,258
-87.165463,20.561218,259
-88.446084,20.589214,257
-86.731265,21.235659,255
-87.560669,20.067236,259
-89.638814,21.02843,257
-90.242778,20.506944,267
-90.242778,20.506944,267
-90.052222,20.373889,270
-90.052222,20.373889,270
-90.242778,20.506944,267
-86.7938033537231,21.4961264422286,254
-90.045556,20.316111,270
-90.242778,20.506944,267
-90.242778,20.506944,267
-90.242778,20.506944,267
-90.718056,19.336111,258
-90.242778,20.506944,267
-90.242778,20.506944,267
-90.052222,20.373889,270
-90.242778,20.506944,267
-90.242778,20.506944,267
-90.052222,20.373889,270
-90.242778,20.506944,267
-90.052222,20.373889,270
-90.242778,20.506944,267
-90.718056,19.336111,258
-90.052222,20.373889,270
-86.7938033537231,21.4961264422286,254
-90.242778,20.506944,267
-90.242778,20.506944,267
-90.242778,20.506944,267
-90.242778,20.506944,267
-90.718056,19.336111,258
-90.052222,20.373889,270
-88.891667,21.05,260
-90.052222,20.373889,270
-90.242778,20.506944,267
-90.242778,20.506944,267
-90.242778,20.506944,267
-90.052222,20.373889,270
-90.052222,20.373889,270
-90.242778,20.506944,267
-90.242778,20.506944,267
-90.242778,20.506944,267
-90.052222,20.373889,270
-88.4998552729686,19.6673049517119,258
-90.242778,20.506944,267
-90.242778,20.506944,267
-90.242778,20.506944,267
-90.242778,20.506944,267
-88.891667,21.05,260
-90.242778,20.506944,267
-90.242778,20.506944,267
-88.4998552729686,19.6673049517119,258
-90.242778,20.506944,267
-90.242778,20.506944,267
-90.242778,20.506944,267
-90.242778,20.506944,267
-90.052222,20.373889,270
-90.242778,20.506944,267
-90.242778,20.506944,267
-90.242778,20.506944,267
-90.242778,20.506944,267
-90.242778,20.506944,267
-90.242778,20.506944,267
-90.052222,20.373889,270
-90.242778,20.506944,267
-90.052222,20.373889,270
-90.242778,20.506944,267
-90.052222,20.373889,270
-90.242778,20.506944,267
-90.242778,20.506944,267
-90.052222,20.373889,270
-90.242778,20.506944,267
-90.242778,20.506944,267
-90.242778,20.506944,267
-90.242778,20.506944,267
-90.242778,20.506944,267
-90.242778,20.506944,267
-90.242778,20.506944,267
-90.242778,20.506944,267
-90.242778,20.506944,267
-90.052222,20.373889,270
-89.7748199698458,21.2612686337403,255
-90.242778,20.506944,267
-90.242778,20.506944,267
-90.718056,19.336111,258
-90.052222,20.373889,270
-90.052222,20.373889,270
-90.242778,20.506944,267
-90.623333,19.271667,259
-90.242778,20.506944,267
-90.242778,20.506944,267
-90.242778,20.506944,267
-90.052222,20.373889,270
-90.242778,20.506944,267
-90.242778,20.506944,267
-90.242778,20.506944,267
-90.242778,20.506944,267
-86.7938033537231,21.4961264422286,254
-90.242778,20.506944,267
-90.242778,20.506944,267
-90.242778,20.506944,267
-90.242778,20.506944,267
-90.242778,20.506944,267
-90.052222,20.373889,270
-90.052222,20.373889,270
-90.305328,20.523485,268
-90.369851,20.534578,267
-90.305328,20.523485,268
-90.49185,20.16105,267
-90.305328,20.523485,268
-89.774935,21.260709,255
-90.721944,19.348611,258
-90.305328,20.523485,268
-90.49185,20.16105,267
-90.417847,20.544301,267
-90.305328,20.523485,268
-90.417847,20.544301,267
-89.45,18.566667,245
-90.242492,20.507349,267
-87.183333,21.216667,253
-90.305328,20.523485,268
-87.183333,21.216667,253
-90.324808,20.526582,268
-87.183333,21.216667,253
-90.721944,19.348611,258
-88.013889,19.622222,259
-90.305328,20.523485,268
-87.183333,21.216667,253
-90.49185,20.16105,267
-90.324808,20.526582,268
-90.305328,20.523485,268
-90.305328,20.523485,268
-90.305328,20.523485,268
-87.183333,21.216667,253
-90.242492,20.507349,267
-87.734925,20.495143,256
-90.41295,20.54653,267
-90.305328,20.523485,268
-90.305328,20.523485,268
-90.315393,20.525013,268
-90.305716,20.523574,268
-87.524822,20.299523,257
-90.49185,20.16105,267
-90.305328,20.523485,268
-90.242492,20.507349,267
-90.242492,20.507349,267
-90.214271,20.593646,267
-90.305328,20.523485,268
-90.305328,20.523485,268
-90.242492,20.507349,267
-87.183333,21.216667,253
-90.49185,20.16105,267
-90.305328,20.523485,268
-87.183333,21.216667,253
-90.305328,20.523485,268
-90.242492,20.507349,267
-90.305328,20.523485,268
-90.242492,20.507349,267
-86.79399,21.495571,254
-90.305328,20.523485,268
-90.305328,20.523485,268
-90.388812,20.53775,267
-90.305328,20.523485,268
-88.558417,20.799192,258
-90.417847,20.544301,267
-87.183333,21.216667,253
-87.183333,21.216667,253
-90.242492,20.507349,267
-90.305328,20.523485,268
-90.305328,20.523485,268
-87.183333,21.216667,253
-89.45,18.566667,245
-90.417847,20.544301,267
-90.49185,20.16105,267
-87.183333,21.216667,253
-87.183333,21.216667,253
-87.183333,21.216667,253
-87.183333,21.216667,253
-90.305328,20.523485,268
-90.305328,20.523485,268
-90.417847,20.544301,267
-90.286755,20.520959,268
-90.305328,20.523485,268
-87.183333,21.216667,253
-90.305328,20.523485,268
-90.305328,20.523485,268
-90.305328,20.523485,268
-86.745833,21.256944,255
-90.417207,20.560447,267
-87.183333,21.216667,253
-90.324808,20.526582,268
-90.305328,20.523485,268
-90.259164,20.513244,268
-90.305328,20.523485,268
-90.305328,20.523485,268
-90.301009,20.522921,268
-90.417847,20.544301,267
-90.305328,20.523485,268
-86.79399,21.495571,254
-90.305328,20.523485,268
-90.305328,20.523485,268
-87.183333,21.216667,253
-90.305328,20.523485,268
-87.5,20.5,256
-87.5,21.5,252
-87.5,19.5,261
-90.5,19.5,259
-88.5,21.5,256
-88.5,20.5,258
-87.379239,21.524471,252
-86.85173,21.089542,255
-86.778476,21.074081,256
-87.343681,20.378069,258
-89.398873,18.500361,246
-86.897322,20.852117,257
-87.718344,21.393321,252
-87.086411,20.650228,258
-89.621975,20.947755,258
-87.981667,19.58259,259
-87.998428,21.582557,253
-87.463692,20.246508,258
-88.572999,20.729488,258
-89.575546,20.918244,258
-89.625421,20.866964,259
-86.84613,20.993116,256
-88.809845,19.89728,260
-87.943284,18.001592,266
-87.570701,20.104815,259
-87.639343,19.850951,260
-87.070149,20.661298,258
-89.854174,18.314441,252
-87.111917,20.592481,258
-86.923125,20.552917,261
-89.460493,20.629629,260
-86.792729,21.069761,256
-89.793091,18.304837,252
-87.357812,20.319359,259
-89.394667,20.992122,258
-86.841619,21.157603,255
-90.135459,20.181902,268
-89.304787,18.447497,249
-89.633408,21.279608,255
-86.778623,21.071255,256
-87.039159,20.666287,259
-86.861168,21.208507,255
-89.426488,21.313795,256
-87.634255,20.646922,254
-87.252013,20.488569,258
-87.734652,20.489489,256
-89.577617,20.94784,258
-87.317449,20.435099,258
-88.199312,20.693005,253
-88.295633,18.504365,259
-87.133816,20.588325,258
-88.019998,20.574638,254
-87.477913,20.003803,260
-87.403547,20.253179,259
-87.416467,20.233128,259
-87.043676,20.675844,258
-87.222083,21.539315,252
-86.960237,20.754427,258
-86.969128,20.477035,261
-86.860436,21.206602,255
-86.949627,20.76924,258
-87.252013,20.48856,258
-89.6307,20.97205,258
-88.12464,18.335255,261
-87.151966,20.626094,258
-90.229438,19.595891,264
-86.761246,21.109793,256
-87.361267,20.319289,259
-89.100973,18.446077,251
-88.731185,20.706802,260
-88.830066,20.444865,260
-86.901169,20.846425,257
-89.629873,20.968145,258
-89.61751,18.258749,245
-87.355869,20.316246,259
-89.595638,21.044081,257
-89.383033,21.212258,256
-89.590103,20.859513,259
-87.466281,20.128325,259
-90.684546,19.626188,260
-88.773223,19.799332,260
-89.632744,21.090867,256
-86.967055,20.742002,258
-87.284224,20.449809,259
-89.831875,21.035038,258
-89.554768,18.269492,245
-89.020182,20.016468,259
-86.953995,20.765425,258
-86.823862,20.971136,257
-90.519547,19.846225,264
-87.016303,20.407671,260
-87.119728,20.581362,259
-90.645899,18.836998,261
-87.08838,20.640153,258
-86.959515,20.759391,258
-86.920044,20.861674,257
-87.649089,20.161528,258
-89.538417,18.222212,247
-89.794814,18.235355,249
-87.11318,20.661183,258
-88.570574,20.685307,258
-86.847874,20.498421,260
-89.8663,18.330829,252
-87.628866,20.649602,254
-87.284546,20.450188,259
-87.387476,20.336463,258
-89.2519,20.737257,260
-86.955375,20.763581,258
-90.047803,21.163235,259
-88.809845,19.897132,260
-86.978037,20.476662,261
-86.91363,20.33862,261
-88.077922,21.569036,254
-88.809845,19.89728,260
-89.598208,21.098725,256
-86.829165,21.295353,255
-89.499945,21.077841,257
-87.050932,20.586312,259
-89.834372,18.189369,251
-88.319428,18.507368,259
-87.429475,20.215399,258
-89.241305,21.092556,258
-86.836892,21.143628,255
-86.971169,20.7398,258
-89.425959,21.319298,256
-89.543871,20.341211,257
-90.489316,19.855183,264
-86.788902,21.47224,254
-88.325764,18.511956,259
-87.46535,20.211458,258
-87.036652,20.6721,258
-86.821411,21.200693,255
-87.403847,20.347715,258
-86.818688,21.14684,256
-87.019229,20.381535,260
-90.2289,19.59737,264
-87.429054,20.215422,258
-88.809845,19.897132,260
-86.913035,20.48337,261
-90.41885,19.770574,262
-88.392734,18.670208,258
-88.768436,18.660779,253
-87.006972,20.312281,261
-87.115174,20.693136,258
-88.270121,21.297074,255
-87.136543,20.589817,258
-87.633928,20.6469,254
-87.674324,21.516023,252
-88.13477,20.888224,253
-89.263604,21.3419,256
-89.015697,20.062083,259
-88.152743,20.598062,254
-86.910219,21.373122,254
-87.180584,20.558172,258
-88.126088,18.334635,260
-86.822664,21.00956,257
-87.608349,20.075537,259
-87.295368,21.501449,253
-89.626448,21.270271,255
-87.005203,20.299267,261
-87.429838,20.215087,258
-88.269997,18.544931,259
-86.845662,21.049325,256
-88.157898,21.596482,254
-86.949609,20.483824,260
-89.665163,21.28136,255
-87.062039,20.701569,258
-87.304034,20.463115,258
-86.777658,21.073472,256
-89.552328,21.065911,257
-89.000785,20.839794,261
-86.887675,20.54084,261
-88.319258,21.014829,255
-88.809845,19.897132,260
-87.708025,18.715715,263
-89.644836,21.27536,255
-87.736961,19.792544,260
-86.717811,21.211192,255
-86.852561,21.055744,256
-87.719809,18.735804,262
-88.154308,21.598577,254
-87.120277,20.577243,259
-89.576618,21.016098,257
-87.224267,20.509103,258
-87.234818,20.514378,258
-86.937425,20.518686,260
-87.684374,21.44508,252
-87.428049,20.215581,258
-86.851528,21.161908,255
-87.060966,20.702257,258
-87.07759,20.592421,259
-86.825082,21.090003,256
-86.903999,20.850794,257
-89.300166,20.737428,260
-87.122889,20.58223,259
-89.5888,21.260276,255
-87.0058,20.406324,260
-89.620095,21.039206,257
-87.11311,20.582425,259
-89.50721,21.071503,257
-89.844825,21.249821,256
-88.571727,20.680197,258
-86.852698,21.073497,256
-88.319601,18.505602,259
-87.724725,21.525022,253
-89.417285,21.284578,256
-88.185611,20.858161,254
-87.140179,20.620821,258
-89.629873,20.968145,258
-87.352692,21.53533,252
-89.12688,20.637736,261
-88.998016,18.140001,251
-89.744177,21.031104,258
-89.783938,21.262257,255
-89.770253,20.3613,263
-87.316522,18.592619,264
-87.609453,20.077195,259
-88.167636,20.597163,254
-87.731647,20.491004,256
-87.470735,20.29379,258
-86.890934,21.193433,255
-87.286916,20.44474,259
-89.631786,21.107843,256
-89.596388,21.091097,256
-86.989581,20.273327,261
-89.656528,21.083161,257
-89.282478,18.837627,251
-88.836484,19.640928,258
-86.830275,20.995593,257
-89.283751,20.738659,260
-88.263,18.550802,259
-89.934638,20.562312,264
-89.780608,21.131794,256
-86.953818,20.763457,258
-89.674902,21.143487,256
-89.700668,21.019594,257
-86.988541,20.272522,261
-89.595586,21.065997,257
-88.448067,18.678078,256
-89.807235,18.107994,251
-88.13961,21.603169,254
-87.334299,20.370367,258
-86.832388,21.141317,256
-86.81388,21.172893,255
-86.788826,21.472002,254
-89.760542,20.354151,263
-86.778062,21.073477,256
-87.026925,20.68677,258
-86.818428,21.145352,256
-88.570131,20.683805,258
-86.829924,21.144773,256
-86.851528,21.161908,255
-89.554768,18.269492,245
-89.486983,18.403125,246
-89.618817,21.043658,257
-88.100973,20.500329,255
-89.614588,21.156631,255
-87.366187,21.532769,252
-89.628494,21.153805,256
-88.172203,19.149324,259
-87.080039,20.640238,258
-86.949238,20.767481,258
-89.29985,20.736103,260
-87.000647,20.296112,261
-87.060272,20.647758,258
-87.077797,20.874108,256
-89.670445,21.072463,257
-89.550308,21.082033,257
-86.720196,21.208859,255
-88.449607,20.728697,256
-87.464011,20.246689,258
-89.771252,20.360278,263
-87.790656,18.384943,264
-89.305603,18.952753,253
-89.660898,20.897441,259
-89.250839,21.27998,256
-87.359869,20.314424,259
-86.876367,20.847897,257
-87.030728,20.672506,258
-89.251244,20.742503,260
-88.489799,18.765323,256
-87.302623,20.469299,258
-88.242981,18.882343,258
-86.836929,21.143494,255
-89.569906,20.99231,257
-89.426325,21.315543,256
-89.178861,21.271391,257
-87.022148,20.376534,260
-86.82296,21.164528,256
-89.190896,21.214093,257
-87.36526,20.350741,258
-87.32134,20.400519,259
-86.851528,21.161908,255
-89.509752,21.045809,257
-87.140899,20.597065,258
-89.617122,21.09989,256
-90.488913,19.875892,265
-88.183407,21.077672,254
-87.476249,20.19742,259
-89.889734,18.476221,254
-88.136359,20.892251,253
-87.079628,20.623414,259
-86.851731,21.089732,255
-87.020923,20.375933,260
-87.23617,20.518838,258
-89.069378,18.472886,252
-87.731647,20.491004,256
-87.343611,20.378525,258
-87.294822,20.428904,258
-90.370962,20.944325,263
-86.81712,21.304796,255
-89.471389,18.516629,246
-87.038485,20.660757,259
-87.623251,20.656879,255
-87.738431,20.494964,256
-87.073437,20.62257,259
-89.665163,21.28136,255
-86.824895,20.996198,257
-89.212389,21.369464,257
-86.845747,21.204061,255
-86.838481,21.143156,255
-89.659402,20.897245,259
-89.620371,20.867224,259
-86.982514,20.465611,261
-87.023259,20.353802,261
-86.778002,21.073077,256
-87.106778,20.875936,255
-87.943284,18.001592,266
-89.633368,21.018668,257
-89.443017,18.52495,246
-87.023751,20.696588,258
-88.383762,18.343987,252
-88.19,20.7,253
-89.404545,18.117445,248
-87.334561,20.3694,258
-89.770285,20.361056,263
-88.122933,20.738045,253
-86.944819,20.48616,260
-89.770687,20.36,263
-86.822714,21.201175,255
-88.135845,20.890544,253
-90.384299,19.937599,266
-87.471743,20.208611,258
-86.952271,20.771317,258
-87.305517,20.409518,259
-87.65237,20.617299,255
-86.816865,21.144685,256
-87.225509,20.492921,259
-87.836973,21.085117,252
-86.937615,20.491906,260
-88.318973,18.507137,259
-86.793305,21.145936,256
-86.856138,21.165969,255
-87.285546,20.447935,259
-89.577898,20.947361,258
-89.629872,20.968147,258
-88.568611,20.68111,258
-88.157898,21.596482,254
-88.230002,19.000557,258
-87.449627,20.875837,253
-88.183108,18.317682,259
-89.446263,18.521527,246
-90.04718,21.163417,259
-86.863235,20.996683,256
-87.402542,20.252,259
-86.823921,21.201377,255
-87.140981,20.597013,258
-89.595168,20.832344,259
-89.658807,20.896826,259
-86.861466,21.209652,255
-87.022638,20.369458,261
-87.075638,20.705675,258
-86.847285,21.205514,255
-89.425976,21.318864,256
-88.390267,18.677533,258
-89.622673,21.076273,257
-89.557933,21.114619,256
-89.657279,21.242302,255
-87.237711,20.520699,258
-88.566786,20.679455,258
-88.809845,19.897132,260
-87.296944,20.432849,258
-87.320889,20.395965,259
-86.821782,21.200189,255
-86.779695,21.060556,256
-86.845549,20.419594,261
-89.822431,21.248673,256
-88.325195,18.506718,259
-90.370823,20.533677,267
-87.093619,20.602033,258
-86.824527,21.200572,255
-87.470599,19.786177,260
-86.822887,21.200896,255
-90.24905,20.855094,263
-88.049453,19.586941,259
-86.987175,20.972779,255
-86.869048,20.54442,261
-90.58706,19.624588,261
-86.857572,20.976478,256
-89.771019,20.361,263
-86.922343,20.422881,261
-87.429467,20.215081,258
-87.084149,20.613638,258
-87.633578,20.646005,254
-89.926974,21.201499,257
-89.627433,20.966044,258
-87.332974,20.361468,259
-87.459636,20.213715,258
-86.808068,21.207722,255
-87.665181,21.512951,253
-87.134775,20.61675,258
-88.760833,18.641944,253
-87.072502,20.634722,258
-87.026833,20.685963,258
-87.305823,20.409257,259
-87.220225,20.504077,258
-88.306882,18.767137,258
-87.736593,18.598647,263
-86.846889,20.994464,256
-89.661984,18.488908,249
-89.566943,21.002871,257
-89.487827,18.40242,246
-87.465088,20.210062,258
-86.955626,20.764617,258
-87.33767,18.5724,264
-87.234765,20.514302,258
-89.186881,19.938025,254
-87.073948,20.704163,258
-87.878159,21.400422,253
-88.158835,21.121442,254
-87.237552,20.520583,258
-87.059903,20.63658,258
-87.188244,21.538558,252
-89.771938,20.359423,263
-87.226363,20.500003,259
-89.663715,21.140023,256
-87.736111,20.494764,256
-86.944914,21.140176,255
-87.073885,20.629864,258
-87.495144,19.257572,262
-86.80488,21.243828,255
-88.342,18.508178,258
-87.627537,20.512114,255
-87.381788,20.278388,259
-89.263604,21.3419,256
-86.817656,21.145891,256
-88.299522,19.16333,257
-87.08644,20.650452,258
-86.820492,21.16886,255
-87.46157,20.211175,258
-88.572405,20.682635,258
-89.577617,20.94784,258
-88.20826,20.689812,253
-87.445838,20.177495,259
-87.202797,20.986832,254
-87.141701,20.621383,258
-89.768384,20.359976,263
-88.337823,18.525598,258
-87.122882,20.590944,258
-86.839753,21.143445,255
-86.750507,21.129556,256
-89.310707,18.424063,249
-87.48182,20.0078,260
-86.875534,20.847808,257
-86.790025,21.034268,257
-86.941705,20.494257,260
-88.242478,20.676647,253
-86.860711,21.206961,255
-89.639924,21.027803,257
-89.670732,21.142819,256
-86.821918,21.200414,255
-90.047895,21.16383,259
-88.26245,18.543819,259
-90.774897,18.609007,260
-88.77013,19.709967,259
-89.717286,20.64844,262
-86.922343,20.422984,261
-87.073877,20.704224,258
-88.566505,20.682208,258
-90.46306,20.213885,267
-90.07336,20.357801,270
-88.816462,20.61145,260
-86.940783,20.526983,260
-86.962884,20.761654,258
-88.809845,19.897132,260
-86.91347,20.550545,261
-86.836379,21.14362,255
-89.746971,18.184019,247
-86.727225,21.216613,255
-89.636072,21.035164,257
-87.477565,20.003743,260
-87.286699,21.530842,252
-87.020923,20.375933,260
-88.062611,21.556417,254
-86.949586,20.510276,260
-88.809845,19.897132,260
-89.661674,21.086066,256
-89.655339,21.283339,255
-89.627293,21.153805,256
-88.809845,19.897132,260
-87.023828,20.35475,261
-87.547253,21.344235,251
-86.863154,21.093295,255
-88.126791,21.609157,254
-87.429208,20.214676,258
-86.953605,20.764075,258
-87.058617,20.642268,258
-86.851608,21.089681,255
-88.135291,20.890787,253
-86.823916,21.201371,255
-86.84967,20.920397,257
-88.963735,21.386055,258
-89.621931,21.078617,257
-89.049587,20.071595,259
-88.268697,20.644779,254
-89.425382,21.315052,256
-88.38466,18.706218,258
-86.818514,21.147753,256
-87.119698,20.580913,259
-87.21727,20.505817,258
-87.01852,20.39143,260
-87.045405,20.66076,258
-88.508374,20.717947,257
-87.460755,20.143636,259
-88.568309,20.679144,258
-88.180835,20.839042,254
-89.476501,21.070598,257
-86.815853,21.145512,256
-89.554768,18.269492,245
-89.754444,20.668056,262
-87.609332,20.077321,259
-86.804447,21.243879,255
-87.73819,21.218981,252
-88.809845,19.897132,260
-89.769895,20.361178,263
-90.00728,20.579053,265
-87.103809,20.618962,258
-90.013409,21.158707,258
-90.419183,19.666483,262
-88.177342,18.323017,259
-88.46062,18.549952,254
-86.940672,20.48805,260
-89.950099,21.201393,257
-89.629873,20.968145,258
-87.112672,20.58292,259
-86.880739,20.463602,261
-87.247434,20.484441,259
-87.227378,20.506912,258
-88.233371,21.553783,255
-89.569422,20.992028,257
-87.736961,19.792544,260
-87.477179,19.808461,260
-88.158681,21.599693,254
-90.684546,19.626188,260
-86.839787,21.142357,255
-86.864702,20.547449,261
-88.146655,20.736063,253
-86.847312,21.203777,255
-86.987617,20.453856,261
-87.429101,20.215005,258
-88.386059,18.702882,258
-88.26987,18.518851,260
-87.617004,20.07396,259
-87.252242,20.488222,258
-89.171111,21.348783,257
-89.025003,20.918198,261
-88.340688,18.727285,258
-88.568309,20.679144,258
-87.86409,21.468119,253
-86.779433,21.061558,256
-86.958308,20.758601,258
-88.567752,20.68743,258
-87.234795,20.514247,258
-86.839005,21.143517,255
-86.763986,21.096643,256
-89.348708,21.328477,256
-89.648739,21.026261,257
-89.658541,20.897602,259
-88.279403,20.717331,254
-87.316344,20.418158,258
-87.943284,18.001592,266
-89.094338,20.709879,262
-88.444574,20.590261,257
-86.730348,21.227723,255
-89.561211,21.057323,257
-86.814214,21.185058,255
-88.199405,20.693013,253
-86.925003,20.818724,257
-87.020833,20.376394,260
-90.230566,19.597149,264
-89.114959,21.355857,257
-86.762361,21.107175,256
-89.579013,21.008955,257
-87.237104,20.489433,259
-89.288448,18.810704,250
-87.066831,20.635874,258
-89.624335,21.076134,257
-89.412292,21.274932,255
-88.148113,20.585167,254
-86.804167,21.210833,255
-86.735768,21.236765,255
-87.366187,21.532769,252
-89.700074,21.013923,257
-86.789517,21.471778,254
-87.433748,20.216262,258
-89.029702,20.751262,262
-87.835461,18.267857,264
-90.390593,19.897589,265
-88.479138,19.181739,258
-89.263604,21.3419,256
-87.097453,20.597619,258
-87.023117,20.371892,261
-87.083101,20.635572,258
-89.802131,18.113674,251
-86.901189,20.848143,257
-88.4511,20.59211,257
-89.596341,20.987833,258
-88.573969,20.729403,258
-86.914754,20.491731,261
-86.799135,21.144265,256
-86.969073,20.856073,257
-88.145622,21.535242,254
-87.481577,20.007589,260
-87.611477,20.078433,259
-87.809094,19.912155,259
-89.554768,18.269492,245
-86.821442,21.143089,256
-87.616713,20.662549,255
-86.831718,20.968189,257
-89.684864,18.570622,251
-87.085882,20.669054,258
-87.429044,20.215365,258
-87.616531,20.074958,259
-89.426067,21.318817,256
-89.571876,21.008312,257
-87.334481,20.364814,258
-86.809273,21.255828,255
-89.407247,21.0106,258
-86.851528,21.161908,255
-87.722135,20.483579,256
-86.979939,20.281297,261
-89.640531,20.967322,258
-86.990897,20.273997,261
-89.575,20.916111,258
-86.944624,20.50717,260
-86.804482,21.198605,255
-89.772301,20.358581,263
-90.196992,20.796395,264
-87.009007,20.309007,261
-86.727804,21.225527,255
-89.461071,20.635983,260
-88.806111,19.929764,260
-88.305097,20.71109,254
-88.574009,20.684746,258
-87.022788,20.370909,261
-87.073885,20.629559,258
-88.189363,20.603801,254
-87.330858,20.403915,259
-88.67,20.72,259
-87.134891,20.588844,258
-87.022018,20.380982,260
-87.736961,19.792544,260
-86.934892,20.488227,260
-87.441261,20.191468,259
-90.687636,19.639204,260
-88.006914,21.433491,254
-86.999359,20.298266,261
-86.97313,20.371489,260
-86.969083,20.476862,261
-88.567666,20.687481,258
-87.141817,20.62107,258
-89.632902,20.637157,261
-90.68469,19.628795,260
-87.022921,20.376603,260
-86.83697,20.993498,256
-89.627816,21.10075,256
-89.783984,21.26328,255
-89.768383,20.359906,263
-88.217469,20.712927,253
-87.053509,20.862909,256
-87.391198,20.324792,258
-88.149609,21.145469,254
-87.119687,20.579964,259
-87.843466,21.431362,252
-88.809845,19.897132,260
-88.806111,19.929764,260
-88.568309,20.679144,258
-89.352224,18.084586,248
-86.856247,21.102578,255
-88.568309,20.679144,258
-89.538417,18.222212,247
-87.738575,20.494601,256
-86.841464,21.140623,255
-87.010628,20.70485,258
-90.19564,21.026396,261
-86.778623,21.071255,256
-90.684546,19.626188,260
-89.650556,20.943889,258
-87.019063,20.381372,260
-88.319428,18.507368,259
-86.820799,21.084169,256
-86.815338,21.145992,256
-87.184718,20.530826,259
-86.875534,20.847808,257
-86.873231,20.853278,258
-89.810293,18.105344,251
-87.353439,21.525365,252
-89.856347,18.315833,252
-87.286655,20.446409,259
-89.528595,21.042327,257
-87.396983,20.351968,258
-87.575833,20.350278,257
-86.85623,21.102383,255
-88.806111,19.929764,260
-90.688512,19.35132,258
-86.781988,21.049278,256
-87.134785,20.58906,258
-86.803803,21.207809,255
-87.608904,20.077111,259
-87.736111,20.494722,256
-87.429245,20.214538,258
-88.40822,21.194201,256
-86.960312,20.480261,261
-89.613861,21.256865,255
-90.385,20.854445,264
-87.450103,20.204878,259
-90.39086,20.88004,263
-86.780177,21.0597,256
-87.385915,21.512104,252
-89.743945,19.233255,256
-86.95301,20.771618,258
-89.016808,20.936925,261
-89.644006,21.036814,257
-88.806111,19.929764,260
-89.746284,18.184182,247
-87.341705,20.375392,258
-86.880312,20.844154,257
-86.886991,20.877805,257
-87.447446,20.216357,258
-90.530363,19.824597,263
-87.021233,20.37015,261
-87.880167,19.66482,259
-89.598932,21.121384,256
-87.072291,21.004182,254
-89.656369,21.082246,257
-86.893584,20.871564,257
-86.82009,21.223026,255
-87.809372,18.379883,264
-88.553712,18.024178,252
-87.295357,20.425434,258
-86.875534,20.847808,257
-89.335811,18.494561,247
-87.073885,20.629559,258
-86.769409,21.121691,256
-88.13523,20.892292,253
-86.856025,21.102639,255
-90.069721,18.166487,254
-89.564163,21.05336,257
-86.836347,21.144285,255
-87.593344,21.269918,251
-87.869528,21.539083,253
-88.443747,20.59042,257
-89.298956,21.208756,256
-86.812033,21.151447,256
-87.304457,20.409134,259
-89.623476,21.076696,257
-86.789055,21.472292,254
-87.28656,20.444813,259
-87.34155,20.378101,258
-86.969158,20.47705,261
-86.830575,20.988188,257
-89.674098,21.116894,256
-89.646965,20.453333,260
-86.851528,21.161908,255
-87.429908,20.2148,258
-86.868673,20.864104,258
-86.82256,21.198937,255
-89.599574,20.846371,259
-87.141356,20.618128,258
-87.119698,20.580913,259
-89.654801,21.043215,257
-87.312545,20.400445,259
-86.837684,21.146651,255
-87.044753,20.673272,258
-87.343775,20.37677,258
-86.944624,20.50717,260
-89.647025,20.248065,260
-86.814957,21.18541,255
-86.947491,20.491389,260
-87.043934,20.675844,258
-87.094858,20.604665,258
-86.709241,21.23008,255
-88.199336,20.693067,253
-86.951944,20.763333,258
-89.2343,21.313058,256
-89.612765,20.989814,258
-87.851657,18.209417,264
-89.370123,21.249021,256
-89.586677,21.040864,257
-89.770421,20.359359,263
-89.598184,21.072255,257
-86.81482,21.143042,256
-86.859627,20.437871,261
-86.825878,21.013862,257
-89.633577,21.277512,255
-90.371987,20.942389,263
-86.836527,21.143723,255
-87.119964,20.583393,258
-88.928404,18.439427,250
-87.236192,20.518982,258
-86.781811,21.059279,256
-87.044798,20.65567,258
-89.594621,21.092877,256
-89.709084,20.924152,258
-90.007034,20.892146,262
-87.757174,19.803507,260
-86.858533,21.19221,255
-89.024537,20.011277,259
-88.568309,20.679144,258
-87.437317,20.218759,258
-87.114911,20.581264,259
-86.890671,20.833725,257
-89.821094,21.195788,256
-87.403528,20.253185,259
-90.501211,19.832221,263
-87.192878,21.21048,253
-88.392395,18.678292,258
-87.289073,20.438252,259
-89.768383,20.359906,263
-87.736111,20.494764,256
-89.416582,21.140188,256
-89.330176,21.307085,256
-86.937465,20.7859,258
-86.777702,21.07404,256
-89.409216,18.651074,245
-87.429158,20.214695,258
-89.635741,20.999845,258
-87.699997,18.719999,263
-86.790001,21.48,254
-87.769997,18.43,264
-86.889999,20.83,258
-89.584342,21.297939,255
-89.566429,21.233698,255
-89.566429,21.233698,255
-89.666478,21.256503,255
-89.639725,21.280397,255
-89.514221,21.137183,256
-89.639725,21.280397,255
-89.639725,21.280397,255
-89.639725,21.280397,255
-89.639725,21.280397,255
-89.639725,21.280397,255
-89.566429,21.250397,255
-89.639725,21.280397,255
-89.639725,21.280397,255
-89.566429,21.250397,255
-89.566429,21.250397,255
-89.566429,21.250397,255
-89.566429,21.250397,255
-89.639725,21.280397,255
-89.566429,21.250397,255
-89.566429,21.250397,255
-89.566429,21.250397,255
-89.666478,21.256503,255
-89.666478,21.256503,255
-89.666478,21.256503,255
-89.666478,21.256503,255
-89.633026,21.283697,255
-89.633026,21.283697,255
-89.633026,21.283697,255
-89.659729,21.285397,255
-89.566429,21.233698,255
-89.566429,21.233698,255
-89.616584,21.292845,255
-86.793022,21.49177,254
-89.635756,21.023734,257
-87.699997,18.719999,263
-87.699997,18.719999,263
-87.699997,18.719999,263
